timestamp,vibration_hz,pression_bar,debit_m3h,temperature_c,ultrasons_db,etat
2026-01-22 07:03:53.139126,23.43039239760049,6.715176836559399,161.65535010069712,33.55700688701219,48.4862259141717,0
2026-01-29 16:58:53.139126,32.28204103904253,6.66315320299132,156.8702068335657,24.583313658863013,47.644245541593236,1
2026-01-16 20:58:53.139126,21.430131395997456,7.167424805808021,145.56545675205706,33.67000100749046,53.30007687636766,0
2026-01-23 12:28:53.139126,24.63469324467405,6.920875341380526,155.7148546065275,36.3663386806894,44.76380999361507,0
2026-02-03 05:53:53.139126,39.46669644563601,5.948649247983803,191.70579836553844,39.38897355816647,72.18112752631865,2
2026-01-20 03:53:53.139126,21.942021259056265,7.391944563834649,162.3359812397034,37.50159790316858,44.305022084667364,0
2026-01-19 03:48:53.139126,18.528748881079014,7.007129630104691,136.59831838752635,33.72703031839123,50.49987511131011,0
2026-01-16 15:33:53.139126,24.711734613210346,6.532832855872632,157.08711141380613,35.35575391698584,38.53819550151531,0
2026-01-21 20:38:53.139126,26.255185780747254,7.267466708445029,135.31751193089806,31.468281194234407,51.687583701636406,0
2026-01-17 05:28:53.139126,23.138529000768912,6.824057898005907,137.38492411119643,37.64585511918491,46.114008114128595,0
2026-02-03 12:23:53.139126,47.279870175757495,6.064968023391195,191.30966796025336,50.78115719172673,68.04253654243084,2
2026-01-25 04:08:53.139126,24.360474602728736,7.162222347996304,145.06293987672015,33.9438186165583,36.061737562871585,0
2026-01-18 22:08:53.139126,21.530191428848305,6.623246608574609,140.95165452165168,32.05920011371958,44.07512427349852,0
2026-01-17 11:18:53.139126,27.47300292300351,7.192717726569041,150.9891719515751,38.34868148287458,43.29321519162968,0
2026-01-28 13:58:53.139126,41.49516038393692,6.571324566968219,165.60720352581976,38.895764518365475,56.86204253293162,1
2026-01-25 06:23:53.139126,20.1424555252969,6.766118671129578,158.86126592768315,36.272837008720664,43.558269132454434,0
2026-01-23 16:48:53.139126,25.97208186861482,6.833038507097109,142.4498367218691,39.74760818207928,45.09477664183184,0
2026-02-03 16:28:53.139126,54.377131944304644,5.992220846346987,193.13675187338188,43.02998341113985,77.22382447314388,2
2026-01-17 05:08:53.139126,23.984636869985557,7.443977533769095,132.76958749076866,36.57319102416641,43.68564906306389,0
2026-01-16 16:28:53.139126,24.17315637894651,6.903200166501265,165.83143642548308,39.10787037805323,48.82059546750462,0
2026-01-18 16:43:53.139126,23.17334728898846,6.740771881086435,170.25239793718194,33.92070179344119,43.56311146490587,0
2026-02-04 02:23:53.139126,43.74357574014257,4.074452642964364,172.87840270601833,45.34504661702317,72.32997540602827,2
2026-01-28 23:28:53.139126,31.65917517424662,6.36860959493336,162.4642602571193,40.32771551746767,63.82990824617958,1
2026-01-25 16:53:53.139126,24.941408279694052,6.839590665969031,142.12624473817422,30.02103728632113,45.6771996625755,0
2026-02-02 20:33:53.139126,47.34523608721372,5.161969499200399,193.7594977936643,50.032314371379755,61.705573929377515,2
2026-01-30 00:23:53.139126,31.55261709478011,6.085099737286735,161.38292112352735,40.36353077543122,58.96982499251284,1
2026-01-22 14:28:53.139126,26.7722053265255,6.924999573139592,149.96353209005423,33.87948443100252,51.09963292909637,0
2026-02-05 02:13:53.139126,37.03146992050321,6.134101996740295,198.50598524039802,36.92741079913591,54.03276912620576,2
2026-01-27 04:38:53.139126,31.07963265669784,6.487990914772761,154.16955793073737,34.877023846731895,57.46001100780794,1
2026-01-29 03:23:53.139126,28.313375822923515,6.632244565136057,165.5544998213556,37.64025590502141,57.62754572978103,1
2026-02-04 15:18:53.139126,46.67667044177194,5.272473194614275,205.21220474007342,41.45115117331271,78.36406950031362,2
2026-02-02 02:23:53.139126,48.06119069739551,5.176616705200409,230.62362347026573,39.3257290366779,65.67119821216723,2
2026-01-30 08:23:53.139126,34.00696715359046,6.357453773057841,146.1994258338093,36.66283111618054,51.10594375860843,1
2026-01-20 11:38:53.139126,26.156349091011357,6.725426136194801,151.24308081990668,40.1959847432298,46.69838963217117,0
2026-01-24 05:23:53.139126,22.572191482270558,7.131973748966721,160.77692930811344,32.21456503374189,47.691614601072224,0
2026-01-16 09:33:53.139126,25.05405471869268,6.7831037906112215,152.1569733461387,36.60409597369672,42.23664128099401,0
2026-01-29 08:58:53.139126,27.409706084376808,6.573083286839975,152.8189622157184,35.68427018746527,62.41149720422733,1
2026-01-25 07:38:53.139126,21.295291951884586,7.003835512086909,139.7805177554891,36.65298978527436,42.986005552985176,0
2026-02-04 08:38:53.139126,40.189147925683926,5.028633113251939,187.4668534902362,47.547384117580236,66.75301404176277,2
2026-01-25 15:23:53.139126,31.47650521571198,7.0968494750824505,161.78067677194065,37.0856212944076,43.60728613221884,0
2026-01-26 00:43:53.139126,22.921584939118425,6.769628264525335,152.97890609665868,38.56514438549518,47.36330988307677,0
2026-01-19 13:33:53.139126,21.55270449033939,7.133009044209396,166.39260229242913,33.537044755314916,44.962177445254184,0
2026-01-16 21:33:53.139126,19.61931041792751,7.219198569986681,145.81801827015803,37.274709862034435,43.17890716591283,0
2026-01-27 10:33:53.139126,36.295106827195774,6.956956436327014,192.62899124282526,37.58111375384417,57.49338627022994,1
2026-02-01 20:53:53.139126,38.5724946672682,6.105894813943065,175.76626688722519,40.56444664275011,72.4943254779951,2
2026-01-29 19:03:53.139126,23.238432374363967,6.167936237766738,151.49969683526763,43.5681049635647,60.99418795643785,1
2026-02-04 01:28:53.139126,54.611860604803724,5.760870861816659,173.0136975758446,36.10217635499788,73.01977448835709,2
2026-01-29 09:53:53.139126,30.164958982380746,6.4061815666705515,162.78596896461696,35.193487957853755,46.995452708091044,1
2026-01-21 20:13:53.139126,25.944357963637042,7.066128774806409,139.56263166334557,31.76179125406233,46.36881393322463,0
2026-01-16 09:08:53.139126,26.35116096354669,7.0287807959226685,140.24258744925027,35.08578474764182,45.12517596032014,0
2026-01-19 10:53:53.139126,20.008797203637588,7.05417038418559,147.5389715790061,36.497055720625426,46.34588061320315,0
2026-01-19 07:43:53.139126,19.67141084670303,7.106884852401718,141.34228190929682,33.681451671998104,51.975363673532286,0
2026-01-18 20:43:53.139126,19.170141430560193,6.720111961336398,153.17425402264078,38.60457348168499,48.90683643062181,0
2026-01-27 20:08:53.139126,36.298988515941254,6.039796504466167,175.59040020588424,35.6685664240727,48.01881389011604,1
2026-01-27 02:13:53.139126,38.44005373534435,6.443625225184057,155.03181768195395,39.149263859661794,61.67010625379916,1
2026-02-01 06:38:53.139126,37.837958100860526,6.023888254439774,214.7546015783626,26.170105959804918,78.17165123447741,2
2026-01-27 14:28:53.139126,33.834175207925554,6.437851950493975,187.0700914110112,37.122427648435256,64.1445684320987,1
2026-01-29 18:23:53.139126,43.57562771100987,6.2489188626397345,177.39538784704365,43.84046286942498,61.98496904098386,1
2026-01-19 20:03:53.139126,27.9588197114331,6.826882350719946,166.7088297893674,34.172384941310504,37.35765992867905,0
2026-02-01 21:53:53.139126,47.8531205395773,5.5326955745389625,196.52145804193808,33.02784962240615,73.83227115813234,2
2026-01-30 15:08:53.139126,19.976049095971526,6.8077989038142865,173.50792268233977,35.88187624516114,50.858690729397225,1
2026-01-23 03:13:53.139126,19.960800280054023,6.886945814559101,140.1930703909249,31.4346684067855,44.225780264717535,0
2026-02-04 19:38:53.139126,61.10978282496597,4.877355194865116,167.09108293771394,48.13643778620981,61.71927308283447,2
2026-02-01 04:43:53.139126,28.55687164920202,5.647812520856497,154.9149044381224,41.29559204489286,61.831557343801904,2
2026-01-22 03:58:53.139126,25.115926324829925,7.230326402240346,147.8083345211818,30.14377647126923,46.10380237602211,0
2026-01-27 00:28:53.139126,30.51925916160278,6.639568069623161,152.37612841129797,40.69178701174043,48.23814900847659,1
2026-01-27 10:28:53.139126,33.81333829449848,6.054891842349761,171.2754920492091,34.20303802397976,60.42700187505721,1
2026-01-26 22:38:53.139126,24.33864655450746,6.609891665971112,146.2766829973256,41.630306288779884,52.49694120032268,1
2026-01-21 03:28:53.139126,22.543434413603666,6.801158568299082,148.7630025771092,37.7086365941453,50.71586290052469,0
2026-01-17 15:08:53.139126,26.790628364019685,7.054213532038635,157.03912110446996,32.008725831035584,49.697339642213265,0
2026-01-27 14:53:53.139126,28.03229401206019,6.305000814419664,164.9862359531871,40.5494258581209,52.435707728427474,1
2026-01-31 21:08:53.139126,43.315546025152614,5.586454537207428,205.13902375208107,51.11960141374305,81.40546552472121,2
2026-01-26 10:58:53.139126,19.678799563014902,6.941614531884858,147.80332241630504,32.89906633439268,45.38139615269858,0
2026-01-23 07:53:53.139126,21.14624401764353,7.305356468982985,139.7539029593607,34.88264642900739,48.500772386413786,0
2026-01-30 01:33:53.139126,33.3306280171853,6.2759706313689625,166.0701008943995,39.28772894362253,59.80633366973136,1
2026-01-21 03:43:53.139126,26.387454231816523,7.0120065163401675,160.2844944796957,36.55705232950517,47.07083627196674,0
2026-01-16 23:43:53.139126,22.49370896254988,6.95042693414601,174.70012468881592,30.697715296486006,49.920910290865564,0
2026-01-17 17:18:53.139126,24.44213652987889,7.021580918993978,159.1893300087721,33.77180322394172,45.66342245040981,0
2026-01-23 10:58:53.139126,26.92950020175515,7.1115008152089,145.5036840374421,38.80741722964785,39.82448430616671,0
2026-01-17 20:43:53.139126,24.398507001904186,6.906129889360364,157.231641091537,35.57646108851819,45.03343123984546,0
2026-01-30 22:28:53.139126,36.79045284956219,6.7309755546958,172.5278273539661,26.018693717371395,59.34606444564466,1
2026-01-30 23:53:53.139126,30.119033376171455,6.75874435574481,166.35494631214985,39.21200662789785,52.387501058474754,1
2026-01-30 17:38:53.139126,33.89838239491235,6.390215082460264,152.53192768200412,41.862457326018045,66.51002860858603,1
2026-01-16 21:58:53.139126,24.096619381450033,6.689284666647706,159.47903665130443,36.51692927029792,44.76412417872333,0
2026-01-18 00:38:53.139126,28.651429484998594,7.267311584166451,150.8967066781808,31.72697580273411,40.45125983155847,0
2026-02-03 13:23:53.139126,45.031877897614024,5.694321261245009,221.73405335276755,42.65960926432158,84.98588003235362,2
2026-01-17 23:53:53.139126,23.004197255179978,6.819057212093952,157.33477011615088,31.481131579774242,45.71708340437539,0
2026-01-28 22:53:53.139126,27.39246097113465,6.475991843236246,176.96484526061755,40.15610935719386,54.86775559827335,1
2026-01-28 09:33:53.139126,32.64419059234972,6.684660798777139,166.98984158566495,38.04323275585512,55.71094650124101,1
2026-01-25 18:53:53.139126,19.90759013242322,7.024432036509379,158.14217632159583,35.307212911582404,46.98683615608137,0
2026-01-26 01:13:53.139126,26.495589670036615,7.447547213566299,156.4807548308494,35.52435969097529,45.49104618444415,0
2026-01-23 08:08:53.139126,26.544359292440895,6.986312770878925,152.85137906828956,34.58339941141656,41.493388489096006,0
2026-02-04 08:23:53.139126,47.0641729572137,5.545340533450979,219.91445553368808,35.14545586621343,77.19761457444987,2
2026-01-17 04:13:53.139126,28.643702936376034,6.584242330048429,148.45154146123807,35.19592577023841,37.25302771844756,0
2026-01-18 13:43:53.139126,24.30172385530399,7.014573182583454,155.9446232684877,29.150299199583696,35.671597638863446,0
2026-01-30 08:28:53.139126,25.391152058043712,6.633635636252432,178.34655964491725,39.50386454600079,66.77361380030761,1
2026-01-21 14:13:53.139126,20.70477103407494,7.113231165558649,140.77982976139197,31.845418555724684,48.563132343254594,0
2026-01-20 15:43:53.139126,25.355281058476915,6.993637997509969,151.4546915874507,29.690804112060242,42.41750294976797,0
2026-01-18 06:38:53.139126,23.183554731190426,7.53361381806646,143.93148087277234,38.765729500596485,40.853703466366845,0
2026-01-16 04:28:53.139126,22.87383768172318,6.9960823610286464,172.07335991557127,28.980508534458007,42.69382747484494,0
2026-01-24 21:28:53.139126,22.18712800598811,6.992123804479059,162.02284673130652,33.76353171895427,47.47941598749905,0
2026-01-22 14:23:53.139126,20.609339656079335,6.787569495475619,141.317913650006,41.1143891559382,40.970227008886035,0
2026-02-02 20:23:53.139126,43.201609393864274,5.33483637658928,185.3564439861584,37.24086168663186,67.76068389089203,2
2026-01-28 05:13:53.139126,28.547389771937844,6.820429880466397,157.2028822451879,34.133604662022286,58.114238935885,1
2026-01-20 04:03:53.139126,26.99962265764074,6.698755491089782,155.88579096559707,32.91071813091362,49.466130439286395,0
2026-02-01 13:58:53.139126,45.58265178381928,6.393019423805338,172.82947635389354,45.624788035217186,85.00134921975385,2
2026-01-23 11:03:53.139126,28.72526161277231,7.012732104983681,163.54840440316661,39.22234485548771,43.365107397985774,0
2026-01-26 14:03:53.139126,29.102263847256843,6.76620877980469,166.1611938624672,41.108839507566756,49.29468135400416,1
2026-01-20 06:03:53.139126,28.19098038029461,7.166646768390804,170.2216664336278,36.296513223024554,41.21982965370102,0
2026-01-23 21:38:53.139126,23.979752718517826,6.946114761049391,137.08933955117283,34.46037044198732,42.04288548235013,0
2026-01-26 01:58:53.139126,23.560997211149196,6.9688347542239,146.20306391378767,30.262951331297426,37.31461341984309,0
2026-02-04 16:28:53.139126,45.28569194412932,6.002594093654799,206.8012302244462,41.16729848871737,75.06427206556727,2
2026-01-24 22:58:53.139126,27.46984643562573,6.9253248387603135,143.73733660287007,35.45535310617843,45.79838681385171,0
2026-01-27 01:23:53.139126,32.48641672623121,6.292334151101697,155.2547996529132,35.61930140679569,56.860091376346176,1
2026-01-16 10:18:53.139126,23.89874854075258,6.6664211007843495,153.8980902761807,32.14880848279767,45.7495714027901,0
2026-01-23 07:38:53.139126,29.73602575421412,7.291974435672266,134.61071522220513,34.56054494793114,43.207633449186446,0
2026-01-17 17:38:53.139126,24.82478244660873,7.200799207333213,147.89308212808848,36.91224345562412,45.31760445624864,0
2026-01-18 20:08:53.139126,30.151205452300662,7.555002551628328,177.88799787544323,33.32072534632181,42.83137231988656,0
2026-01-22 00:08:53.139126,29.72258934378189,6.755014647882098,144.1846201367704,38.7989621188219,48.1230847146145,0
2026-01-22 11:38:53.139126,21.037136660714893,7.116551538200115,157.01969455424205,29.65633264045429,46.677560812528355,0
2026-01-26 17:48:53.139126,31.282191416305036,7.252226876147196,168.61554057778548,40.357261612773584,63.677901326196775,1
2026-01-22 00:43:53.139126,27.814970493290833,6.876271340205683,137.77417662716726,35.42561474776651,41.12280425522881,0
2026-01-29 21:08:53.139126,28.658009069550385,6.347958203613817,177.80909036880095,32.68346893507118,57.92862151854733,1
2026-01-29 12:23:53.139126,24.15435498044517,6.2794457573893165,152.5836363553971,41.91172205714285,50.5548041064355,1
2026-01-28 19:53:53.139126,28.802168953017336,6.9547491114582565,173.82691893266676,40.38851199152208,54.84320765648494,1
2026-02-05 13:28:53.139126,46.472925999216336,5.427981496576797,195.3633141883203,44.363042056002286,85.86785805092482,2
2026-01-27 05:33:53.139126,36.322141486171546,6.522001837676866,152.62480835231108,42.07645612563275,53.97126064584776,1
2026-01-18 04:53:53.139126,28.22779937093139,7.4332809439595415,150.67927736753055,35.465792540958326,39.27552219541109,0
2026-02-02 06:23:53.139126,35.98379958698243,6.279570011663084,194.43572359860488,46.526597051464414,98.75372754488743,2
2026-01-21 11:43:53.139126,25.06765522624403,7.358577391705206,139.26941035583656,35.754670664376626,46.87966089832996,0
2026-02-01 10:53:53.139126,45.310616025432665,6.1730457529479414,173.50263033716593,45.413118012182906,81.90190073868202,2
2026-02-01 21:23:53.139126,36.27061745148347,5.617138201444097,164.71712757085737,46.27374531399069,72.76666579581293,2
2026-01-27 03:58:53.139126,26.14238871526951,6.071962050722516,173.6145971406462,38.63680972097923,62.48473933821314,1
2026-01-31 08:03:53.139126,28.725376026438312,5.763407753290446,176.82169283661082,38.94907784655454,55.445278700127986,1
2026-01-21 14:43:53.139126,31.31241903662143,6.869674381284037,147.17569401931422,35.64628536149991,45.46154453214858,0
2026-01-26 22:28:53.139126,24.646799678631737,7.190986666988862,161.06938963903352,34.0187764343139,59.690329386057435,1
2026-01-27 21:48:53.139126,24.8107661625139,6.137872218915254,170.91848994534115,37.16103943070354,60.62806084811039,1
2026-01-17 11:58:53.139126,24.64622364187372,6.806974975027545,148.6302024717187,33.76634903061185,42.89399321091151,0
2026-01-16 05:08:53.139126,24.676589445914498,7.1813534625176185,163.07579191317606,36.952778886906856,46.24460818820669,0
2026-01-21 06:08:53.139126,26.700305176528172,7.110363180330452,136.0434812641291,35.66488401344296,46.581198880363466,0
2026-01-25 09:53:53.139126,20.57890306706904,7.142595637437003,156.75536814355692,38.247494737487074,37.27048307455201,0
2026-01-18 04:28:53.139126,26.705221415727475,6.810714505290823,158.8067517428056,38.09272317173599,46.4036894059687,0
2026-01-27 00:58:53.139126,23.519986489595837,6.525145304591968,158.9704871737002,38.054111102388006,60.75164012656806,1
2026-02-04 08:33:53.139126,45.09703285916958,6.443041865209745,198.88739539836433,56.1499261184568,71.66449413329062,2
2026-01-22 13:33:53.139126,24.74931720757798,6.912401091220999,131.5643149646238,41.6262283909469,50.16386443430273,0
2026-01-18 01:38:53.139126,24.496558923764166,6.996379634640152,140.4357762801647,38.01751532385458,50.24526453902301,0
2026-01-23 18:58:53.139126,26.523364447728326,7.158845150449783,155.73757310641284,36.701955324768484,45.1338364013594,0
2026-01-22 22:23:53.139126,29.77715857661714,7.030861723809409,159.85408294578775,39.43047676237877,41.66121391042152,0
2026-01-19 02:38:53.139126,21.902361557518812,7.109816074883668,156.6278149161406,34.42655853047419,45.32381352559407,0
2026-02-01 02:28:53.139126,35.552171208428724,5.279218064947114,219.97112375515013,43.45650634614922,64.5015902730305,2
2026-01-24 14:43:53.139126,25.220448136194676,7.109998944048672,177.20437165832024,33.07766072069691,44.72128673021405,0
2026-02-04 20:53:53.139126,47.08667481455281,5.062233137219006,222.9145267296846,41.381604683207996,83.23384499023958,2
2026-01-18 22:13:53.139126,28.066682137753503,7.083461451088953,147.550393511169,37.353095224874494,44.38384233760193,0
2026-01-21 05:38:53.139126,24.05398585465945,7.157811138465994,159.57622845410378,38.32512606751089,44.310686677584734,0
2026-02-01 13:03:53.139126,51.722936331816236,5.97195432984624,210.64750160873035,46.78625967381034,67.0790179646113,2
2026-01-23 23:48:53.139126,19.030898329511643,7.157899253422129,148.70988033738158,37.88217222127032,42.287087149725444,0
2026-01-19 17:03:53.139126,32.33229239454988,6.817635032011268,146.51323437829495,31.18793755655995,52.47785361312585,0
2026-01-31 19:43:53.139126,41.89579976614127,5.883687333673505,190.7218909880891,44.85639974313739,69.07608177528313,2
2026-01-16 09:13:53.139126,27.66003799946278,7.009978649614096,145.3458656022082,35.52277672840209,49.66518158140628,0
2026-01-20 06:53:53.139126,25.950310243800967,6.996597046340749,166.96411827297834,37.063901513909684,48.88495914392797,0
2026-01-27 12:18:53.139126,34.74153812919289,6.479488739145465,161.21758389338504,39.755902342301496,53.96050033195923,1
2026-01-21 11:18:53.139126,30.640469197635404,6.966955103731066,160.13648483632548,34.816443439030394,42.35280715565597,0
2026-01-16 17:18:53.139126,25.639322651246587,6.879362276757854,141.2552716317988,33.153581688169616,43.005822709981416,0
2026-01-25 01:58:53.139126,20.119590160897623,6.91082916086899,136.02033276262435,34.70799337630912,47.2945957708098,0
2026-02-05 21:53:53.139126,43.99174200846287,5.138575676378793,194.15879498651412,49.07279683188063,67.0904833265821,2
2026-02-01 23:48:53.139126,44.569374466975525,6.13829775025672,202.01274050575373,41.30900292744947,68.2994133078532,2
2026-01-21 02:23:53.139126,24.603015407488854,7.343402925513989,164.76908278244886,32.27989751086718,45.161260883441116,0
2026-01-17 03:13:53.139126,22.343880598445068,6.8730733055319915,161.9719762705834,35.88640949514654,37.825609741162495,0
2026-01-28 15:48:53.139126,32.78608875125668,6.325142063356088,171.48683000826318,31.444193146735362,52.046455192422,1
2026-01-28 18:28:53.139126,31.128918738978832,6.779670744533253,166.59070880020136,43.13165936274885,57.900562872088116,1
2026-01-16 15:38:53.139126,27.006507211914705,7.031579950340857,154.6286583420378,30.504026358620624,41.73753271800205,0
2026-01-19 16:08:53.139126,23.781809399908582,7.412546171521734,142.96493434969082,35.47251554954356,46.02522235645451,0
2026-01-17 12:43:53.139126,20.265683302813063,7.2879384022543245,149.61672768524053,34.524247498839024,44.291326525677285,0
2026-01-29 20:23:53.139126,33.11921061977047,6.344561483755284,174.09353053367045,37.35709230616054,55.670826660516326,1
2026-02-05 17:18:53.139126,42.771202800582174,6.158413470504503,204.5899591675204,44.179458191011605,78.96693279514638,2
2026-02-02 07:33:53.139126,55.64402258701396,6.591632867950987,200.02046343355698,46.20648226832668,64.38586104640493,2
2026-02-01 14:53:53.139126,58.29967453286453,5.812752193599596,163.40532823833462,51.08022020084415,74.82083720871049,2
2026-02-04 00:28:53.139126,41.32835325609417,5.639380771900033,172.14244225848947,54.01748002227315,92.69770057223752,2
2026-01-23 16:18:53.139126,22.662990724448655,7.049136519191124,154.40497341596927,33.849736221321905,45.24859043427346,0
2026-02-05 06:33:53.139126,34.603978235133965,5.394183739215542,190.7519895720367,37.31865907338864,72.31527069140107,2
2026-01-18 22:03:53.139126,17.60805903106981,6.866387276078554,136.44500562692303,35.13065828416253,49.59301185932901,0
2026-02-02 04:08:53.139126,45.16185658314011,5.54699938760259,239.00390012112717,47.293805969168396,79.07546995789103,2
2026-02-02 07:18:53.139126,50.129662656576535,5.713500591928275,198.73373182806597,36.95796233607062,77.79354243165166,2
2026-01-29 01:38:53.139126,32.66114425765726,6.479624014684012,174.83571661685946,39.57244701469053,66.8882802416651,1
2026-02-03 00:48:53.139126,45.9733947386103,5.971646562017464,220.6530947377182,39.47641112989139,85.23681202906681,2
2026-01-26 10:38:53.139126,23.863707941842726,6.9497116947141,140.7474598002101,30.55804679703936,44.76416151296904,0
2026-01-29 06:48:53.139126,28.574348664850483,6.359610541362024,143.02617186205026,35.77465357473202,58.59867915117302,1
2026-01-23 15:13:53.139126,19.03002574850411,7.069132305078997,149.11069096434355,34.60747387512268,41.329007764725226,0
2026-01-26 18:58:53.139126,32.82343215904576,6.835143226711689,165.5726864131033,42.0095516077112,52.98096807081819,1
2026-01-21 23:43:53.139126,24.379099843081537,6.846569048503873,161.07023839746202,31.563200331819928,42.8150661868874,0
2026-01-19 15:53:53.139126,29.863232564860937,6.914602359258124,165.6989033321253,31.192076238887108,48.19872487274329,0
2026-01-29 19:23:53.139126,28.258996198463507,6.860246644770659,169.80157821108168,36.32040632511338,59.10065643956035,1
2026-01-23 11:33:53.139126,23.256753965027332,7.053862387929647,143.86001495894678,33.008634878456064,39.47087378681374,0
2026-02-03 11:43:53.139126,39.767096769541894,5.682295187665845,188.09467326709213,38.83439734857394,67.1950030564242,2
2026-01-25 11:53:53.139126,23.14063880110852,7.127653755274063,145.31946084546001,30.396838259832677,38.754590762314365,0
2026-01-19 16:38:53.139126,22.515811438591363,7.376094901722997,151.93332783139806,33.022016284352475,42.4382801428348,0
2026-02-05 11:48:53.139126,46.98001364849555,5.675723595863507,174.13052607257183,35.56950183581033,79.0161055917552,2
2026-02-03 17:33:53.139126,47.09125821503442,5.752385090051104,182.65857739642897,48.691448079522694,73.77492850735935,2
2026-01-30 13:08:53.139126,37.737885685195295,6.339286326740108,153.6996403378076,38.14751529607486,67.44392284135553,1
2026-01-22 00:13:53.139126,24.03517695637846,7.271060203530471,139.51918362100687,36.61333003991907,42.82677295723373,0
2026-01-26 05:18:53.139126,28.52607058655555,7.153914594814734,137.71658204171703,32.48441874896178,41.55866620695287,0
2026-02-02 01:03:53.139126,45.315614226191826,5.739992729267352,177.31646366660095,48.16181347598485,91.06524779603248,2
2026-01-27 15:13:53.139126,37.81414062042663,6.437025742542113,148.40476570367457,36.62586734372499,58.7215495310865,1
2026-02-02 13:23:53.139126,42.869866231584496,6.2588587792769035,181.38765447581173,42.263564736058896,68.80579037248008,2
2026-01-25 01:43:53.139126,24.458804452776274,6.912016720912075,147.5112129228675,33.19607005752758,41.221826967394215,0
2026-02-03 10:48:53.139126,42.53567060753983,4.540377053401081,212.22210999653916,34.14021883842622,77.41994683863118,2
2026-01-30 20:43:53.139126,33.52747320672742,6.597349592568705,179.39157923898662,42.36348387957533,52.89611754711647,1
2026-01-20 05:23:53.139126,25.959493050645182,7.157389615127798,147.14280205923362,34.13288168635142,46.528522806965896,0
2026-01-29 01:58:53.139126,38.2517550139924,6.389596147940716,179.9532784772487,38.74289025342259,49.4008391534716,1
2026-01-18 19:48:53.139126,24.642547386435417,7.1229840738014625,151.352531670581,37.08713001383413,43.751504658778096,0
2026-01-31 09:23:53.139126,39.15420186168025,6.872821973429438,169.63149788687866,41.138973010017835,57.367445395986,1
2026-01-16 06:43:53.139126,28.351357634735965,6.731545869969984,143.00644892501703,32.96362099637945,44.861706465214894,0
2026-01-18 13:53:53.139126,23.44019595689039,6.903539899215582,161.48771356698896,35.256713055247474,46.2977403677406,0
2026-01-24 02:43:53.139126,24.67874433160006,6.62528100058403,166.6242783966674,35.55230244442164,44.62157353443077,0
2026-01-29 12:48:53.139126,32.877559966122874,6.678370453844291,169.5786116427546,37.235410639437994,58.41800183980783,1
2026-01-24 14:23:53.139126,27.514505517155094,7.043562846207314,150.64006879715666,34.50926740046139,48.05033185964984,0
2026-01-23 21:13:53.139126,29.057996414806073,7.13900376208085,164.35128117336095,33.260850017541706,48.71582938681871,0
2026-02-01 02:08:53.139126,40.74714288348688,5.319961931317329,207.25359269653472,38.43774888890342,72.96370713309793,2
2026-02-01 17:43:53.139126,53.936229405713846,5.6209460020741515,201.69122397546806,36.34567099956621,87.49561015521247,2
2026-01-26 21:08:53.139126,39.75950652453191,6.409079348673072,169.0360302103247,40.99642566816315,60.5923016241805,1
2026-02-04 10:23:53.139126,45.01725836068694,6.173468190483848,201.34262949808252,41.34477512809792,76.31886884525451,2
2026-01-18 10:53:53.139126,27.40057735869849,7.092790581152008,129.17368807631533,41.491370455994904,51.35060699311962,0
2026-02-04 09:33:53.139126,42.670023897460894,5.43378035637826,175.55747134344216,38.1778429419017,68.16143135862674,2
2026-01-28 17:48:53.139126,33.12061552372819,6.6075332629475145,194.07470396790993,36.4442426809628,50.3242941870939,1
2026-01-25 11:03:53.139126,26.29514749582401,7.267342479474273,148.59519832554375,34.72784302096032,45.64980353394086,0
2026-01-26 12:08:53.139126,26.7474428472955,7.188272450583387,173.56684971819797,39.269128174449186,41.83137865335204,0
2026-01-21 12:43:53.139126,27.181197479567796,6.978138492299182,150.52617708833122,34.25627623760032,37.45245114805412,0
2026-01-28 18:38:53.139126,34.52839841892643,6.850218642501365,158.92611872586744,35.704800599935766,59.12786623213889,1
2026-01-24 15:58:53.139126,24.580895122226952,6.8432741817105365,135.2742438891267,34.866460434692286,49.11455441482009,0
2026-01-17 07:23:53.139126,30.65635524186453,7.051809358533012,150.4161423504633,33.804108283140614,43.094347814052206,0
2026-01-21 07:13:53.139126,26.84866849020118,7.056695292261503,150.78481526637665,35.86332987515015,46.504655978602116,0
2026-01-24 05:53:53.139126,28.31462148566566,7.186245548987584,171.4001323251917,33.20441971376959,46.75100996051726,0
2026-01-29 15:58:53.139126,36.88547054307818,6.300093291939212,154.56929188399235,38.61457160538722,53.1078277102384,1
2026-01-28 19:23:53.139126,31.20597544806903,6.490692766295057,165.33940807568916,43.6967242601631,49.82958450662183,1
2026-01-18 06:23:53.139126,28.58821565053397,7.02018054575979,154.8797547437106,30.84010761408807,48.06463448052599,0
2026-01-30 07:53:53.139126,33.46082419081233,6.48289731812671,165.3137842044936,35.924153644323034,61.9186938546819,1
2026-01-20 23:13:53.139126,24.264026717759066,7.463271705030018,174.3095460422009,34.34546247975257,42.522498051106716,0
2026-01-27 13:18:53.139126,21.489626178327537,6.690636422510367,186.8633796924095,41.22044345439115,68.49137091822045,1
2026-01-29 22:38:53.139126,38.101461193183816,6.667819886282477,159.62879904283125,43.45463357457501,55.02293282302317,1
2026-02-03 02:18:53.139126,37.83880975517159,5.737067073692748,189.26998415501802,43.20276143089403,77.83621321041471,2
2026-02-01 03:18:53.139126,32.97134621401795,6.366527152058079,160.5643770446477,38.307320963976814,82.90437421444265,2
2026-01-17 05:33:53.139126,25.89801888242178,6.687454718822039,149.04390278087203,36.10397459596474,45.17282498927805,0
2026-01-26 12:18:53.139126,27.115095638904595,7.217061159963286,128.89402408206573,39.75152812526338,40.539981128091554,0
2026-01-16 05:38:53.139126,25.222930010150463,7.3094141380807125,170.7644770122275,37.67196451188354,53.43589241872863,0
2026-02-03 18:23:53.139126,41.93246880263776,4.742371470952841,182.24189046587105,49.50245543066269,64.30223914126744,2
2026-01-30 15:13:53.139126,34.8116781608496,5.906882894629194,154.31533388969578,31.871811905602335,55.76626719985369,1
2026-01-17 22:43:53.139126,24.280194352618896,7.182651155679625,148.50911230681524,34.35739900231033,41.57262086986271,0
2026-01-25 06:43:53.139126,23.509461719156526,7.057099241467546,148.8718255638513,31.31485708026035,42.31292507113041,0
2026-01-28 21:13:53.139126,29.311606587253046,6.727575908892621,155.2858971345924,33.48173097389573,60.43671018219407,1
2026-01-24 06:13:53.139126,25.000362541139552,7.261383786094488,154.4276309904005,40.37906236210927,42.314634684139236,0
2026-01-25 18:33:53.139126,25.22292739542399,6.638723211838595,152.5257578086744,39.26141394580141,40.31070189136958,0
2026-02-04 04:13:53.139126,51.27708588657091,4.765804133979291,201.04094509615487,51.120866283650116,66.33806123157044,2
2026-01-23 19:58:53.139126,25.1715810328983,6.5903847525524615,148.7539395593316,33.53796217048883,38.564136512081234,0
2026-01-19 19:58:53.139126,20.390036245867133,6.885608446065133,136.92330410573544,39.22485108940961,42.76836285448465,0
2026-01-20 06:18:53.139126,25.35292105676481,6.7905624256431665,141.9914673728367,35.18720532482957,47.32145885982404,0
2026-02-02 22:43:53.139126,43.849581241814356,6.3859983754073095,188.1389590599514,56.072653583956324,74.91753403022737,2
2026-01-17 00:28:53.139126,26.02868207400256,7.045684626595099,168.07111689799868,35.854299948025314,41.029075205868565,0
2026-01-22 02:38:53.139126,30.61264757050408,7.085872071868346,148.78698582680002,40.10236167662683,41.14871213894481,0
2026-02-03 14:33:53.139126,45.29871170096318,4.943875068792734,200.33012701995384,44.90248627911723,79.68007153574621,2
2026-01-19 06:08:53.139126,27.612743513452603,6.710278804608305,172.08795566781728,33.6462518814421,40.06377618167612,0
2026-01-20 17:48:53.139126,22.222468111422565,7.200628900679937,157.43600162582572,33.21000247747219,39.366745813796136,0
2026-01-20 22:38:53.139126,25.012530433489143,6.843452601164292,151.67979179472695,31.652651307315217,49.931206991630326,0
2026-01-19 10:33:53.139126,18.788111152586882,7.030452154435442,160.09622248071565,26.724544386512946,39.49304735947819,0
2026-01-16 22:28:53.139126,19.182583155227995,6.6876936702938465,147.71597508239785,31.93323334899961,45.856807052410275,0
2026-01-16 19:08:53.139126,27.62751597462712,7.25194875123895,154.58463231373224,34.6558738268845,44.049771086302364,0
2026-01-24 11:58:53.139126,20.831286098661746,6.781434629985435,148.84263491789724,40.865186399207126,38.859812816538735,0
2026-02-04 02:18:53.139126,32.96423117625754,5.288660673768526,211.92554048320983,42.86397286368012,55.9217127432424,2
2026-01-31 01:43:53.139126,35.36199597460963,6.4660498978277445,174.56553699491823,37.23973644022599,64.45157032315542,1
2026-02-01 11:23:53.139126,53.74012902931302,5.8463031108335315,189.05154375882955,48.72113230648583,83.26121625533222,2
2026-02-05 05:03:53.139126,51.073261478582886,5.354493807503746,188.21769717399485,47.91927605277718,80.45100116600426,2
2026-01-17 05:38:53.139126,26.89919004151134,7.148894400230364,153.82428782189538,32.143128760921414,50.321472642991715,0
2026-01-25 09:38:53.139126,26.886244700562376,6.927843389675703,150.48561828389902,35.888442726636455,48.827058283828165,0
2026-02-05 07:48:53.139126,49.072835028079425,4.784782401934391,185.16933272980992,46.038808849874755,82.97098900970208,2
2026-01-31 10:43:53.139126,30.702124945428054,7.028946262291254,165.87943106021487,32.49047233035104,61.283231688629385,1
2026-01-16 10:58:53.139126,29.011462078310696,7.401268418163262,167.55754881511513,32.900580238940364,43.88827714578349,0
2026-01-22 03:18:53.139126,23.979409465836145,7.068257769879821,130.15255370409184,36.55635428714393,48.403622803583865,0
2026-02-03 08:58:53.139126,34.946124695150786,5.216210218685516,206.53690347041933,42.132074715493246,67.68584909354786,2
2026-01-19 03:38:53.139126,24.345228710811075,6.85552905668024,162.96103289732636,34.312656690308316,49.560379950768805,0
2026-02-05 13:33:53.139126,36.011458275093744,6.30802428093845,198.62791652354505,37.474480834419616,55.36527055261476,2
2026-01-17 12:33:53.139126,26.69152317193886,7.297502123661478,162.88735600714816,37.60269506224829,49.403277358280754,0
2026-01-29 02:38:53.139126,32.68345774110706,6.57216377907386,170.2239057147412,38.4565692259675,64.37497380176602,1
2026-01-20 10:13:53.139126,25.68967951037067,6.845365972673574,143.42286538669134,32.26597563398112,46.23556554366235,0
2026-01-24 01:08:53.139126,27.052719919369665,7.099252421396453,161.49599183683057,37.03573246456991,40.55017722404929,0
2026-01-20 19:23:53.139126,15.872742372380527,6.893448502082419,155.02602200075563,32.06072617713028,53.729088697426064,0
2026-01-26 00:38:53.139126,25.68245835335558,6.966211733569682,169.41603825595467,36.94236877166577,47.35260277698137,0
2026-01-19 04:58:53.139126,23.954003599561805,6.984736930438791,156.2200049834471,32.706690943264036,46.84441644550878,0
2026-01-20 04:58:53.139126,22.195425223217264,6.974518253764957,157.1599454663897,37.79580082411206,45.7473569491135,0
2026-02-01 06:28:53.139126,45.18025628574019,5.524725869335579,191.59303390243204,41.639282260850905,70.80898735341488,2
2026-02-03 14:03:53.139126,36.72920147822824,6.332364835412686,219.57289667965006,49.27203380035671,71.65163904683432,2
2026-01-28 22:43:53.139126,34.07019378588406,6.2623893342205195,169.73654802174477,32.87332774228936,58.522715946633035,1
2026-01-31 14:43:53.139126,24.950111685742275,6.744434103304541,170.48274932752838,41.299643030189856,42.92714412475633,1
2026-01-31 02:58:53.139126,39.50522978748036,6.192613687255165,163.12875439149974,40.0491408599239,57.90676777735138,1
2026-01-18 15:23:53.139126,22.862443224187537,6.91544034727154,151.51783834604217,38.49581605175595,40.410334552659386,0
2026-01-19 16:33:53.139126,25.935736539194234,7.201891418570251,150.5086027057556,35.56533868428472,47.49082198114491,0
2026-01-26 18:03:53.139126,27.292315317725937,5.989373415302513,159.37233556218374,36.22491736643823,50.82668500399534,1
2026-02-04 18:03:53.139126,52.277898687561624,6.235641518115611,198.76935190378967,43.17357020723984,76.83813668943822,2
2026-02-02 02:33:53.139126,32.27161317065689,5.958478425739397,220.58838342049884,43.441720834467866,87.86033029832053,2
2026-01-19 11:58:53.139126,13.317935653496397,6.710797835201441,148.56643019216946,36.249747366870416,48.49536365327031,0
2026-02-02 08:38:53.139126,47.47858763145397,5.496021292516906,180.2644635801894,45.8067169087945,83.06075157237409,2
2026-01-25 05:03:53.139126,28.28789941892512,7.111182516273522,143.47743472235786,37.66165223114117,45.04002528936356,0
2026-01-20 08:38:53.139126,27.388749100646972,7.4907878703755975,132.4509309197234,37.80114634919325,40.19625983124533,0
2026-01-20 07:18:53.139126,26.371220118736666,6.992314708457523,156.84555340993043,38.854782372555576,47.901346845292665,0
2026-02-04 03:13:53.139126,49.92640958218356,6.657054400068114,206.79527953070783,44.725948638168255,76.2370152900425,2
2026-01-18 03:23:53.139126,29.098626454443927,6.897160980247261,143.7331275255324,32.81927944199636,42.23153177074167,0
2026-02-04 01:03:53.139126,53.772046991617565,6.198407385146565,223.8124353640283,45.346338365908316,86.65616561172065,2
2026-01-25 21:33:53.139126,20.23004322081163,6.5845941472139895,162.42823228793358,34.114107902266404,48.748897365010905,0
2026-02-05 02:08:53.139126,47.37850624284115,5.681079359842602,161.8111416123264,47.18548935634352,75.558588133764,2
2026-01-25 13:03:53.139126,24.261918655252558,6.803245932260264,163.54632386414625,34.575395499467405,50.15569503752205,0
2026-02-04 15:13:53.139126,45.33437496411166,5.9015795498942145,167.47954583683935,49.368219060009224,76.20823849942123,2
2026-01-22 05:13:53.139126,24.941946898836367,6.747878047813627,123.57019612920804,35.262125501719716,38.83351964075947,0
2026-01-26 16:38:53.139126,33.388120788414575,6.661511295855635,175.28589059811492,26.177802774150557,46.99904529745643,1
2026-01-22 14:18:53.139126,22.384756429119324,7.133489043392853,147.82416188929196,34.190519751094854,42.21535167455256,0
2026-01-21 11:13:53.139126,25.544844601730272,7.316611656961607,144.04335552057316,33.52550549142578,49.18186625931924,0
2026-01-17 17:53:53.139126,28.176870034707445,6.9991696640494885,146.02040088749504,35.48525969385982,51.378417621456244,0
2026-02-03 07:08:53.139126,36.103827604155846,5.966004902018755,205.40868600407313,49.49079751000348,81.42539821399751,2
2026-01-20 03:03:53.139126,24.746672842025113,6.9221149402202515,156.63725038281171,32.899197289676124,43.382589505926184,0
2026-01-16 13:33:53.139126,25.32885760099834,6.995630277264706,148.66927758174734,32.13876755182725,40.40119252063405,0
2026-01-21 10:33:53.139126,20.181792994135417,6.905584433465283,134.98395552436273,40.15683880684689,43.56752939848536,0
2026-01-24 17:53:53.139126,29.51618269558219,7.314391323146171,145.8928383524356,34.76418049626777,54.19754506787327,0
2026-01-21 18:33:53.139126,27.412654894826144,7.010473790272657,147.3153139197501,37.438053705703,44.47610640187638,0
2026-01-20 16:38:53.139126,27.75628940484961,6.995942917000649,144.9525524376592,36.69802824212989,43.96308116173436,0
2026-02-03 22:48:53.139126,50.249600434643426,6.0341627774790485,187.16501289448647,47.760365547571865,68.9467114425364,2
2026-01-20 05:33:53.139126,25.150022036242976,6.935307368859358,151.16640346222175,34.53310529287359,43.9909045729147,0
2026-01-31 07:23:53.139126,27.550855931114004,6.472104743774079,165.3931102358267,39.24778952762664,59.784667356431754,1
2026-01-29 21:28:53.139126,32.82434903940757,6.593399133082053,170.07305458848043,39.155674425763436,61.26115153787337,1
2026-02-01 19:53:53.139126,42.851726867507814,5.5450278619126045,184.2596648528565,49.31249613421589,77.61755633721307,2
2026-01-18 11:18:53.139126,25.894868685115114,6.79038107264438,135.93894804774442,28.662048168304707,44.77308157703155,0
2026-01-22 06:38:53.139126,30.579744995009243,6.681768837477092,138.7264835171538,36.523321959132964,43.59044921593049,0
2026-01-31 09:38:53.139126,22.34674931986219,6.6305835029140345,180.49887468738766,35.16127928054872,64.90441301388961,1
2026-02-01 01:53:53.139126,48.15712482072937,5.868454243929733,192.43058017973632,42.73061904719659,66.60538178043598,2
2026-01-31 22:43:53.139126,49.09524926372556,6.083231029549879,195.63788609243744,44.96634570869171,74.04574340773881,2
2026-01-26 04:23:53.139126,26.02388818005261,6.573399561409305,147.458492978493,34.154546415417784,38.74676569939473,0
2026-02-04 20:23:53.139126,42.870921019144276,6.3988812058732965,181.31486266899233,49.665134580972634,65.33609860751037,2
2026-01-28 10:28:53.139126,35.58569776481914,6.543694392659236,175.9255662605266,40.565803330179726,58.3706397833176,1
2026-02-04 16:43:53.139126,41.58104457930343,6.225409320334804,177.31691375815154,49.63516736219054,80.47342873156057,2
2026-01-20 21:03:53.139126,24.485763755569174,6.828779764551739,144.6299277215782,28.07735708360338,54.12378230941804,0
2026-01-22 20:38:53.139126,26.678814798972496,7.096455653327025,143.82261952933987,32.63426603570045,50.28564617252211,0
2026-01-16 16:33:53.139126,26.203931589092555,6.825746813488407,139.39728147686353,33.66649600486667,46.02958949670293,0
2026-01-30 05:48:53.139126,30.771132319968512,6.810078984211095,172.49866518885418,35.590395393549066,62.51975789161886,1
2026-02-01 14:08:53.139126,39.283894525337324,6.550219870907932,168.94244759029905,39.14478988175632,65.17386682233408,2
2026-01-17 20:18:53.139126,30.01502976697486,6.99700306464041,150.25432714657427,29.298404856003376,45.78055890284662,0
2026-01-22 08:48:53.139126,27.015687529683994,7.166143699981536,159.27225521455435,31.478183529124653,48.53983868106168,0
2026-01-19 03:58:53.139126,25.531995708807592,7.030685479156591,153.1943941749564,34.2192810301006,47.04535567091632,0
2026-01-18 13:23:53.139126,29.787444856897004,6.860081838933102,151.42308089287164,33.78510777211808,50.59018312010408,0
2026-01-27 19:03:53.139126,37.143579273170026,6.686441826291328,167.52186073895038,41.89393266102099,54.389835103928085,1
2026-01-24 04:08:53.139126,30.208259832974388,6.878258934315823,167.01130742656298,31.86669217259981,49.394859501954436,0
2026-01-26 03:38:53.139126,19.118608396790123,6.981036265428325,154.34124335008775,33.55476261599684,48.748787986027445,0
2026-01-29 08:33:53.139126,34.653343368726496,6.401583852214036,168.74961236127461,34.04945360738106,65.32670991660034,1
2026-01-24 23:48:53.139126,25.245141282054686,7.209089342030751,164.05260049063372,28.046213614041022,40.25444905122166,0
2026-01-16 21:43:53.139126,27.856424664974433,6.928209749734564,173.066593453845,36.76521019179243,47.493084764271735,0
2026-02-02 18:48:53.139126,42.35074550440951,5.478965858693451,195.02959675700663,47.909678711035454,60.926657653159275,2
2026-01-21 12:03:53.139126,22.020763404498684,7.004009643850877,141.8069022492224,34.59624741780686,41.375956592458365,0
2026-01-30 19:48:53.139126,31.107829480136225,6.457928813028394,155.6119183156455,39.94834419579445,61.9090854692624,1
2026-02-02 19:03:53.139126,47.48799820199247,5.704691016607021,197.86064795297966,49.15855257020033,65.27942863302721,2
2026-02-01 17:23:53.139126,47.70527775896744,5.369086448552727,194.24454971294563,48.87456256861492,81.5246055281506,2
2026-01-28 14:38:53.139126,27.28342050358905,6.531124089072508,181.4374992901563,37.93158370711769,61.7383993857565,1
2026-02-03 05:18:53.139126,32.510721941711864,5.652592715354117,212.47761263910726,49.71710451707594,79.10271713597344,2
2026-02-02 17:28:53.139126,40.89850357611256,5.989129345897751,206.11031202135115,44.96584632515741,83.22614518106252,2
2026-01-16 03:58:53.139126,22.0867136256338,6.991402697613513,153.5940912423362,35.47506589878092,45.02944033368402,0
2026-02-03 01:48:53.139126,46.63148002226609,5.935685799251177,187.80530778468153,39.276618848059925,71.13724818784563,2
2026-01-26 01:33:53.139126,21.200175682782735,6.96831591832415,151.50075945013043,34.156564635733886,35.0040336929951,0
2026-01-21 20:23:53.139126,25.14337284894996,7.018137417722176,139.70132377594265,32.853706591876346,51.31392904475823,0
2026-01-20 00:38:53.139126,27.484736683942423,7.272124448770631,131.055891370275,32.44791007836906,43.61893141653659,0
2026-01-24 04:38:53.139126,30.731227370747312,7.1016197249090105,146.8570540986969,35.23407535690625,40.71601815215229,0
2026-01-19 21:23:53.139126,22.060397147913832,6.708091197048273,147.46965720311005,32.59649069662863,42.54913563040161,0
2026-02-04 13:28:53.139126,53.91657731737754,5.450044684384586,178.91981706063933,39.28918068295181,67.05528612977507,2
2026-01-31 14:03:53.139126,27.762334467286877,7.093059148239789,145.7640950159472,39.44219490396645,68.10454468000381,1
2026-01-21 07:23:53.139126,21.321821622584192,6.770137400883106,133.47021814423326,38.74082859556615,48.27847713340395,0
2026-01-26 15:18:53.139126,24.35989846566576,6.25376326033014,163.11997715915524,31.056469077748716,64.71347257568954,1
2026-01-22 15:18:53.139126,26.376918629832577,6.833303763770007,172.27933506301503,39.831472697740836,43.32972951163347,0
2026-01-25 08:23:53.139126,28.41594818776588,6.9900789372620356,154.28645729124202,32.98974807549967,55.4679936328416,0
2026-02-02 20:38:53.139126,32.553208561169534,5.532344201069918,185.74632422121402,37.0440144552513,75.23848874416113,2
2026-01-27 22:58:53.139126,36.12791991928612,5.670571724449383,170.87029761109108,33.22280778818016,65.04854350285939,1
2026-01-18 12:33:53.139126,28.41967221658113,7.092933665931097,152.48824795883246,33.24137252340311,45.09684085094226,0
2026-01-31 11:08:53.139126,33.88519617518704,6.573409768713894,160.10764354986833,36.92108478531067,58.95776637096821,1
2026-01-28 04:53:53.139126,33.94888391551214,6.430942061443767,171.15412321821955,38.3275290724642,56.42714514074324,1
2026-01-17 23:08:53.139126,26.953949324657902,7.056759213110312,145.4989983486555,29.83247099503933,37.66189630000481,0
2026-01-25 05:28:53.139126,28.354297386931016,7.111791222616862,136.05761027182072,38.26829207144388,42.55027996126105,0
2026-01-27 02:08:53.139126,26.492316595799014,6.244687904443988,171.89268015438742,39.776372419882726,56.03786507893866,1
2026-01-28 05:33:53.139126,26.776263377133432,6.091057327270561,161.4106584304482,43.05788022910337,57.20454474046334,1
2026-01-28 18:58:53.139126,35.13582705609131,6.095498412441224,156.69245118018586,36.8353742472287,68.19418499132165,1
2026-01-25 02:43:53.139126,24.454038693438708,6.836090743610845,154.26011781610777,35.53572668559802,45.04157183928763,0
2026-02-04 22:58:53.139126,44.19619484914692,5.762909771954506,182.8970141403902,43.0742790586594,90.20415517435144,2
2026-02-04 05:43:53.139126,43.33590189417464,5.899137867919927,200.32649862951075,38.319737449956534,79.22086960097265,2
2026-01-19 17:48:53.139126,26.599819786486847,6.881530711771717,152.4563266417801,32.36411118933526,52.75991422215494,0
2026-02-04 20:13:53.139126,43.612226217524764,5.387721005940121,204.35346602210163,39.87721375644299,72.05665615809592,2
2026-02-02 12:43:53.139126,42.987978915047435,5.54677789963344,182.6698298425941,50.37596373653763,86.17721164734301,2
2026-01-16 03:43:53.139126,26.074522630097118,6.6821960302584005,153.38065081426154,30.89301088344047,47.20656013176087,0
2026-01-29 02:23:53.139126,33.79053807349468,6.759297170793815,164.26331716381847,39.737691077524964,55.81573560165242,1
2026-01-31 01:28:53.139126,29.977790910283648,6.54089009150131,167.0677270681972,44.74595190122681,57.37798480176108,1
2026-02-05 11:58:53.139126,40.15685806830796,5.733038743240679,218.84448728715634,50.535301814629086,81.95758591401272,2
2026-01-24 06:08:53.139126,28.3502247345601,6.761585962316634,145.29989806870284,35.70722605912562,43.52123142080277,0
2026-02-04 20:43:53.139126,43.36528347645896,5.6770723182973075,187.8357417164477,38.08071439903256,78.64131191429455,2
2026-01-21 12:53:53.139126,25.738042128740346,6.906442576041999,154.69707245783664,32.148196543122204,35.37529363494903,0
2026-02-04 14:48:53.139126,50.90841654209574,5.856715538484724,190.00565276516906,41.31444207567515,68.70960151069715,2
2026-01-22 13:53:53.139126,27.44884495560301,6.97120922224804,146.4665498702672,34.735513612382036,45.63517845605849,0
2026-01-26 20:23:53.139126,27.994889593207755,6.337445893339257,148.8873572334311,33.84465326121603,61.70793923221308,1
2026-01-16 07:58:53.139126,30.884837793700363,6.9240917437142,175.7928164665131,35.03455034960584,45.73459487830185,0
2026-01-27 22:08:53.139126,25.146388168939634,6.80681418259871,170.34695063600367,32.24182345823956,65.25225795524386,1
2026-02-03 21:18:53.139126,34.10361071705503,4.855218217314038,191.54084323314012,46.5581336690406,98.10042167748406,2
2026-02-05 10:23:53.139126,39.250584399453224,6.226645711762245,177.75621693864434,44.97440782519471,77.61030681721044,2
2026-01-24 11:23:53.139126,23.869577651207347,6.770252003883729,152.52937465137953,34.16468032721242,43.79306153993645,0
2026-02-05 03:18:53.139126,40.25448233807591,5.497922777527839,210.46228349495337,41.40250409036769,78.51806185725773,2
2026-01-25 23:18:53.139126,31.943027782502835,6.868442011942513,150.6856357554372,36.038627909831376,34.651479452155,0
2026-01-23 01:53:53.139126,25.650358836714908,6.4450183685186255,167.33448961201978,31.75890973652661,44.64819189595009,0
2026-01-20 12:33:53.139126,20.856071306241308,6.806671381486693,157.87294138614692,37.35250254842934,45.36151893100534,0
2026-02-02 06:38:53.139126,33.660463116547916,5.4110955982001325,181.76897433117674,43.777020445998346,97.59913265085318,2
2026-01-22 16:23:53.139126,25.58564310333337,6.904892269308039,150.7426803892275,32.8118318337518,42.37429281718797,0
2026-01-31 02:18:53.139126,37.62534318887459,6.525109678425804,158.34566468486574,38.345831469370104,69.9117270968452,1
2026-01-22 22:48:53.139126,23.474672662533457,6.836973056724551,158.48702416253235,33.927208403035316,52.62869460870523,0
2026-01-30 07:48:53.139126,29.918032432257547,6.430098717248093,142.06229003796278,37.640694623137314,60.41138669787103,1
2026-01-16 09:53:53.139126,32.42153664574477,6.922995329037738,158.66562222199914,36.64399692874177,47.8061007550024,0
2026-01-26 20:03:53.139126,31.65022863221626,6.3646477784955025,164.13649092787563,38.337547430044566,53.87498915256818,1
2026-02-02 01:28:53.139126,40.05645289878033,6.5624470191708415,209.14644275191088,47.70925278887959,72.88553382537171,2
2026-01-21 07:28:53.139126,29.327284166251662,7.047271538686627,146.05112149801326,39.10511532451661,41.40204936982184,0
2026-01-26 04:08:53.139126,21.19460715172794,6.812138282864519,137.20469103330709,34.01486079672268,51.922069000408385,0
2026-01-20 23:48:53.139126,24.602890111586206,6.815356981467306,172.120972621518,33.86736300748671,43.03232062574009,0
2026-01-28 02:48:53.139126,34.95745748792903,6.598032181349735,171.54297965350253,35.045433037675885,60.02540468496567,1
2026-01-28 20:23:53.139126,32.33195500684279,6.254339462385376,160.3865545979697,37.85329910682683,59.8769316443457,1
2026-02-01 10:03:53.139126,51.62788897517595,6.066223745739095,219.4542053060814,40.73925491316556,77.27792426595104,2
2026-02-05 03:58:53.139126,37.95455958979801,5.8031003415488165,177.0340706446467,56.21679796686665,78.28860061087747,2
2026-01-31 17:48:53.139126,41.33880750513729,6.348516688564621,189.40752689806567,46.837855956418814,70.72004936855772,2
2026-01-18 18:08:53.139126,27.962769001310306,7.207152057629307,168.1026174356231,31.598678620361056,50.0109216203177,0
2026-01-21 21:03:53.139126,23.20687420004508,7.259374066239651,156.83114914727742,30.524004684609352,50.77966474329856,0
2026-01-17 13:33:53.139126,25.403909149068316,6.783497205463121,150.4790378985564,35.62580375805524,41.12217095512438,0
2026-01-26 13:43:53.139126,33.680015086097335,6.403336391883937,149.99105462562449,41.55219359657352,46.132136126810344,1
2026-01-25 01:53:53.139126,18.750010626424935,7.36093715688695,156.41707332157966,39.66485674931434,47.79816617118344,0
2026-01-17 09:38:53.139126,27.325583704016868,6.59920370204146,157.80969975006548,33.578646171808764,42.9784501056208,0
2026-02-02 13:48:53.139126,45.36438269422421,5.8604387151063815,181.41510380132507,44.48782346330823,69.36279185715892,2
2026-01-31 20:23:53.139126,48.556973354566715,6.721680261529179,190.6224444868901,39.194173194373235,87.04313661163025,2
2026-01-24 08:18:53.139126,23.53764764223567,7.04097023512202,160.22460257132568,28.948277217975082,38.66054575397232,0
2026-01-25 17:08:53.139126,24.87186673374804,7.087623316347689,144.7238362863913,40.860284944896165,52.903059345650746,0
2026-01-27 18:38:53.139126,31.271724647109487,6.453050838765975,189.6412429260739,45.654259763092654,54.649916313736966,1
2026-01-22 11:13:53.139126,25.789278246458768,6.960657937669095,149.51225065497354,33.961081024488294,49.75493539126782,0
2026-01-21 17:33:53.139126,29.339122348551133,6.894358397930646,150.20851125322915,39.09556793864962,51.303397503563104,0
2026-01-27 11:28:53.139126,37.733254330566,6.4520991722801435,177.9671949457593,37.21721620981349,66.93854886465017,1
2026-01-17 23:23:53.139126,23.054822914857517,6.851936562530474,158.4461692486964,38.59928856787134,38.80599238179842,0
2026-01-28 10:23:53.139126,35.756519105198564,6.833839365634263,171.45463015464944,36.50987579324846,54.28277819321313,1
2026-01-18 17:28:53.139126,26.601495863479094,6.671802390692193,158.81630528763588,38.936705037497404,41.44266101300465,0
2026-01-28 15:03:53.139126,29.078470933291694,6.169674666049064,173.5778611927128,36.84079438215586,57.90224714644249,1
2026-01-17 23:03:53.139126,21.966837832452832,6.6483927940674885,148.3799666707342,33.51522004370666,37.01805620709367,0
2026-01-21 03:13:53.139126,22.098819724354723,6.771302545899911,152.40753116479559,35.47339590363124,40.32306232872293,0
2026-01-19 06:48:53.139126,27.045554209764227,7.210594276606502,146.5865818162292,36.11059684327111,51.06784644610203,0
2026-01-26 23:08:53.139126,27.69291763460973,7.069749665653754,191.54196248239668,31.682329621039337,53.7233796853578,1
2026-02-02 06:08:53.139126,46.42379349704624,5.834904605255383,210.52075193253242,46.11043980015232,86.90947895517509,2
2026-02-03 21:58:53.139126,51.28960246974197,5.654446209172723,183.86674058925703,39.00721956858304,83.9694552755578,2
2026-01-16 17:38:53.139126,23.594854748545348,7.340380911968396,146.4235012955264,28.32880780023936,43.76060723382875,0
2026-01-22 05:58:53.139126,28.12470424712539,7.220198754665877,156.3535629989812,32.07113681621928,41.72300509510513,0
2026-02-01 02:38:53.139126,40.966376391343786,6.068697456767189,211.19798062999956,43.834020247055435,68.69878093005984,2
2026-01-25 22:18:53.139126,21.952113518621967,7.044634333812459,150.6219047321083,36.1708919103346,43.54046932336948,0
2026-01-27 14:38:53.139126,31.796150636050935,6.321625570735855,176.12278808748823,41.19006158286845,63.67768922166849,1
2026-02-04 01:18:53.139126,43.44697507730917,5.6871188036789295,204.57773772928593,44.32196951314771,79.00885521356426,2
2026-01-20 05:53:53.139126,27.236365615821803,7.014554514156366,145.10512566270927,42.40999614498392,42.22229021301108,0
2026-01-30 06:38:53.139126,32.296043314836034,6.612311249543365,170.20740973178738,37.26431205414491,57.90747699106955,1
2026-01-23 11:48:53.139126,27.398052106277838,7.019769788828269,147.87709547705032,37.267695469191615,44.37489844429924,0
2026-02-03 20:08:53.139126,50.33646239310589,6.2180074187707985,227.0135102801691,46.00512827494155,71.39018361837874,2
2026-01-17 18:13:53.139126,21.39065624698224,7.1420729630030175,140.30526297160014,31.375002469267976,49.4363331746496,0
2026-02-02 04:33:53.139126,49.09595793902449,6.318204703634504,199.18649282842998,44.521668499455664,72.35789799736963,2
2026-01-20 16:48:53.139126,20.23640798977943,7.10676976485943,163.9665333522948,28.78827890687079,47.924431295072324,0
2026-01-17 00:08:53.139126,28.57512390752638,6.992595778433853,156.23741948806824,33.24328422338795,49.60355484670496,0
2026-01-17 01:48:53.139126,26.6178614815742,6.898866469394367,148.83717966206143,36.18362349214337,43.68192424586685,0
2026-01-18 01:18:53.139126,27.508547948865704,7.209584380595758,142.33655870198683,34.39704148383638,46.49990268679163,0
2026-01-30 23:33:53.139126,31.548725896835233,6.682650207044732,170.82484004401104,41.39162594987152,52.40756177690052,1
2026-01-16 19:03:53.139126,21.67114434693946,6.891904424529662,160.04433587385816,37.330140846678475,42.60684263697777,0
2026-01-29 17:58:53.139126,25.941675480870483,7.045959444799813,172.8827454070466,42.55892721905753,58.60999259976381,1
2026-01-31 07:18:53.139126,37.08963678962714,6.729440828839929,162.0431151941999,43.67036301371955,42.231787516582926,1
2026-01-24 00:08:53.139126,24.627174978293464,6.975800030095867,156.00911445793497,29.710111652056362,40.00014204837751,0
2026-01-22 03:33:53.139126,26.829912544751426,7.268321649057293,147.6327435310903,34.62816256387784,34.92492907141892,0
2026-01-22 16:08:53.139126,26.898538497494656,6.928945143479497,151.0195508593992,36.76998979161336,37.02915807120863,0
2026-01-22 13:28:53.139126,31.05175501234195,6.981322156647193,150.71842125535832,32.665984199703765,43.9543541762021,0
2026-02-01 03:03:53.139126,53.060449161983875,6.483407666196326,208.2335424672331,31.46583359772851,75.71871575136733,2
2026-02-05 14:28:53.139126,47.25067231103052,6.500043624737356,188.89246252627916,46.17823582486907,72.05391276564217,2
2026-01-26 14:43:53.139126,29.033655410637543,6.4711994217705415,183.0870218326002,35.45830246152846,57.07481828696921,1
2026-01-20 21:48:53.139126,26.579081256177396,7.025220920796093,139.55711462691636,37.68410386992526,44.59732613482986,0
2026-01-23 08:48:53.139126,25.091116312285873,6.930268660990358,151.2312934013801,33.63503050285851,44.60368542693524,0
2026-01-26 18:53:53.139126,37.308795986677694,6.568927311545743,163.15939500345394,40.607440223273834,57.86576224091692,1
2026-01-31 03:38:53.139126,33.69838961588823,6.912305824067404,163.37484255726855,41.237012229493004,66.49395343480293,1
2026-01-27 05:03:53.139126,40.68906234295526,6.252876157433796,148.77628621303765,38.416628612077204,60.774355217407305,1
2026-01-21 15:48:53.139126,21.460066419431936,7.085702420783334,147.5570726807597,38.4862462962234,47.84483405886642,0
2026-01-25 01:03:53.139126,28.28509788783002,7.113015298539074,141.10608747901588,35.79629410223448,48.22256851997827,0
2026-01-22 02:23:53.139126,23.334131320710906,7.03219882251589,166.40853061550706,38.418192197947974,48.26117911346776,0
2026-01-27 08:18:53.139126,43.31364698859804,6.21904460801991,146.3320231572112,37.00177254885053,69.53818967399086,1
2026-02-03 07:43:53.139126,47.9603415462017,5.389111902996684,187.08658596270894,48.06622781595004,71.71094295389196,2
2026-02-04 20:58:53.139126,43.73268329861965,5.295483125931638,210.99864649561235,51.621556810362655,85.88299948959633,2
2026-02-01 07:23:53.139126,46.246582783018624,5.129147758829813,205.94339766221833,48.178543902572486,82.10707320000397,2
2026-02-01 17:53:53.139126,28.140912048423242,6.3421121792082955,208.7374792274883,35.53062801960908,69.74990290604487,2
2026-01-20 08:28:53.139126,26.091668819401168,6.826445672011872,147.88322384607562,41.67609265011868,48.86260076951908,0
2026-01-20 14:38:53.139126,24.68849735180901,6.958958662844748,162.25540498490489,37.01329799177759,46.74777078561748,0
2026-01-25 17:48:53.139126,30.254229269108276,6.9719371995882495,137.11674665937,33.03235045913507,47.554514893285344,0
2026-01-16 03:48:53.139126,25.85541301388672,6.868640129627522,152.21637331496046,40.739473409707806,40.49740745464294,0
2026-02-03 22:38:53.139126,41.446623590256074,6.436990470032476,209.3430618449549,46.43564742800571,67.04886929848223,2
2026-01-17 07:48:53.139126,28.39943176207559,7.3074553266070135,154.82313132809554,32.74064697753566,49.231347143299004,0
2026-02-03 20:53:53.139126,43.414992962048785,5.273947767588475,189.51179302089878,48.42556335738924,73.06006140792122,2
2026-01-20 20:03:53.139126,29.4148693954492,7.13449033907292,145.4744717859906,33.52344691011222,46.053590562842835,0
2026-01-23 15:23:53.139126,23.430989806714575,7.076075505964763,167.55199372759162,38.2807689006592,39.07078037982348,0
2026-01-23 03:48:53.139126,19.895237259096973,7.028864292154993,154.7159380550867,34.383619838214926,40.81918014397697,0
2026-01-29 08:18:53.139126,28.688808391788747,6.463121555207798,176.28657108336995,38.12371617624642,57.83822330042922,1
2026-01-19 15:43:53.139126,28.888957488525776,6.5963261680255485,163.67125304589683,33.03795387217469,42.540948339204554,0
2026-01-17 09:28:53.139126,20.297526683466163,7.013549937533265,159.9682202520684,45.42165378396903,44.231668921997404,0
2026-01-23 21:33:53.139126,28.340090674487218,6.738030643813384,170.72885427886993,33.02731110137304,42.80843845115889,0
2026-01-24 03:18:53.139126,31.629354151750654,6.622548637012814,147.75072260586865,36.00597570259113,44.862269834959704,0
2026-02-05 10:53:53.139126,41.56282147972792,5.647237318953639,202.45539108390918,42.97780573247961,64.23595276287033,2
2026-01-29 06:53:53.139126,27.126179742167917,6.487487121722818,145.2935096604131,35.71405617605585,59.58633833647255,1
2026-01-29 07:08:53.139126,30.807577021076316,6.141928793479611,154.43982483231676,35.133566541242864,57.8690417324735,1
2026-02-05 06:13:53.139126,54.40362649139678,6.455358037576329,225.95263181126742,46.275293040852475,72.21267167249405,2
2026-01-18 16:23:53.139126,23.711905687890916,6.793749379667002,132.59832940084235,33.66911497425405,45.186753047712195,0
2026-01-20 12:13:53.139126,26.482870763489867,7.105965551195856,142.65108997725298,27.57663915476378,49.65179557221556,0
2026-01-25 03:13:53.139126,24.221214376907596,6.979018765582661,155.26550347844156,32.96076077827889,48.537594984346335,0
2026-01-21 17:18:53.139126,21.859449710252772,6.8523214023734385,154.05454652035448,31.145978426029945,47.21231123640483,0
2026-01-18 21:38:53.139126,21.405553060589707,6.9054787331141805,145.0866593086207,35.150696597297504,45.33544089680408,0
2026-02-01 18:13:53.139126,34.75653853683992,5.847883928141328,193.13389089977005,49.34213232571142,66.8321515612173,2
2026-01-18 11:28:53.139126,26.101731722391776,6.771782149891168,152.68305598178873,37.25312749164042,42.58434275065839,0
2026-02-02 09:48:53.139126,50.94698439947233,5.873923506041935,200.9868699604952,40.19296827029501,71.57521108908236,2
2026-01-28 11:08:53.139126,31.327280111235524,5.930106856336163,172.07528167782021,37.72299314256354,53.280803029273805,1
2026-01-29 11:33:53.139126,22.083137814647372,6.6978127554334606,165.64317627523758,33.94522391930694,57.06459289855952,1
2026-01-29 07:38:53.139126,26.814033992382367,6.7480891566666585,158.2888646034886,31.975935064604094,48.07285196305095,1
2026-02-04 10:08:53.139126,48.20502682520463,6.0810267579151835,198.88646802670743,41.99706799279405,72.13357570818647,2
2026-02-01 10:43:53.139126,44.360604285636214,5.147207279464589,185.1347022717451,40.186461563711724,63.395981650284334,2
2026-01-31 06:38:53.139126,40.31230535662229,6.3671801197326285,175.80374936002747,37.448245724357896,52.298602103848786,1
2026-02-02 12:13:53.139126,42.41476372683394,5.782397851640135,192.83760866914275,47.09399138951924,73.42619796519651,2
2026-01-29 11:53:53.139126,38.812957522570635,6.717610398201917,134.50672046131973,40.34914486002427,60.751182401391354,1
2026-01-29 12:08:53.139126,36.28984527946213,6.303308054126815,158.95090376058513,41.55467251937442,61.18300249007947,1
2026-01-16 03:13:53.139126,24.448118107940985,7.28521340458283,141.41330692748357,37.84483168600413,43.08626615817719,0
2026-01-22 13:43:53.139126,29.525622376056546,6.4594664139363465,146.18634119063842,30.254907872825292,41.70747046532528,0
2026-01-25 21:28:53.139126,21.584567064061144,7.0677265593813265,159.4379664358325,33.023362366491305,42.052863004255656,0
2026-01-20 19:08:53.139126,24.144897655950505,6.659424098553354,149.9737511032882,36.2103645501891,55.53351555231843,0
2026-01-18 02:33:53.139126,25.243285108813446,6.775638473817957,150.75323326490658,36.85533148156307,45.17094834496203,0
2026-01-18 06:43:53.139126,29.481207371100606,6.974598339304724,144.1357967608543,35.510641203038816,49.06630344263806,0
2026-01-28 16:03:53.139126,24.69640628776236,6.141758601413986,155.5225996717263,33.112500857355926,53.55897783621248,1
2026-02-04 07:28:53.139126,37.25864008169791,5.171360046995702,215.2680826207873,40.46047879814617,78.54164217287389,2
2026-01-17 14:03:53.139126,27.906857960039254,7.146067804852051,149.89529876903526,35.2740316386345,40.886789033538754,0
2026-01-16 05:18:53.139126,24.694083370013505,7.001617677408503,159.60413995267535,32.427092657126565,46.4262359959809,0
2026-01-19 17:43:53.139126,20.90320872483086,6.845765307401429,146.6122344556935,32.88951682073828,50.27489308940279,0
2026-01-16 06:13:53.139126,26.142387922389695,6.584729179201769,137.6249775437815,35.81783080239234,42.52084692189764,0
2026-01-27 16:48:53.139126,31.581317910769428,6.879508345158954,168.8255249894492,33.94879517389527,54.02026801303951,1
2026-01-19 17:33:53.139126,23.882610728694242,6.9709344987098865,155.06472843387087,37.005360495464366,43.54834901582353,0
2026-01-19 22:18:53.139126,25.581243648506696,6.957740572995203,159.49270819775862,34.25243942116939,40.19553323545539,0
2026-01-19 17:58:53.139126,22.00117236850946,6.768736553967844,142.68183604539405,30.56403815839925,50.04341115158542,0
2026-01-22 15:28:53.139126,22.231844848770823,6.93995194182755,149.5751012589427,29.828656118121955,40.68553375415309,0
2026-01-31 15:08:53.139126,28.793414643545177,6.768273390149982,164.706148007291,42.237453997182676,50.29173614750644,1
2026-02-01 04:38:53.139126,42.71135438788626,5.424311178224932,195.59882462730695,43.1924513412945,79.72995545388768,2
2026-01-22 03:48:53.139126,27.106864476387656,7.3809880005603965,140.0353832494923,43.8192796384986,42.55276698088527,0
2026-01-25 01:18:53.139126,30.922451922957666,6.8158022479726545,138.88926221088937,32.325655667872404,54.6268623379244,0
2026-01-16 07:48:53.139126,20.381471206693725,6.959860798885253,138.22409957553256,37.491507142042266,39.32212489221034,0
2026-01-31 05:18:53.139126,28.653427105346193,5.992749552590153,176.1017174773372,38.26212542882478,70.09413756980574,1
2026-01-26 18:23:53.139126,35.72013209366079,7.007021333789456,175.3972618219591,35.60846368180082,54.99397946317841,1
2026-02-03 14:38:53.139126,42.062191123525345,5.55973710048507,189.99432199939042,52.1483471621721,86.03365119952588,2
2026-01-25 04:38:53.139126,25.8839056627025,7.058634177650876,156.76850683050222,39.84008772338533,48.81740798437828,0
2026-01-19 23:48:53.139126,24.4346165678781,6.93156510780593,147.3886020649065,29.79463437036565,46.918431741841765,0
2026-01-24 18:48:53.139126,23.75183282425925,6.942408836495896,154.65581986947495,34.42788114878488,47.50100666973263,0
2026-01-27 21:13:53.139126,30.848376642534227,6.084728903515311,188.28681897633436,35.340541678081806,57.86777972332315,1
2026-01-18 13:18:53.139126,28.023081054260786,7.216502973020736,149.7038957294254,34.18068461359537,53.08721144592977,0
2026-02-02 10:03:53.139126,34.27634394925043,5.287317658732791,221.6007819804632,39.64663209428812,74.5381325136151,2
2026-02-02 08:03:53.139126,47.87834104397715,5.746862084155118,213.4395679464966,40.36895433933438,84.99526292351943,2
2026-01-27 10:53:53.139126,30.711824265753695,6.869305887648142,166.52424707597757,32.26845325902189,71.22365053890398,1
2026-01-30 00:43:53.139126,32.96477516157181,6.556185468905557,147.79795383838373,33.8803764840554,59.892321323190075,1
2026-01-21 16:53:53.139126,27.483967748467673,7.11374534386572,158.25268078115027,39.34335205907587,51.324589135324096,0
2026-01-30 18:23:53.139126,29.81916029001031,6.434400959232346,186.14141467032752,45.77440903424684,54.14714985856185,1
2026-01-22 22:58:53.139126,23.893975113973756,6.961830184086599,160.47946920363222,42.34585517820084,37.79843132939422,0
2026-02-01 19:48:53.139126,54.9785036060706,5.943414947069876,200.52916662008985,41.36674875365324,76.65758855081079,2
2026-02-04 09:48:53.139126,42.11471405022183,6.688269268527648,181.37320352321464,31.326737859621744,75.49398533037895,2
2026-01-29 18:13:53.139126,40.07651358153035,6.614688010425439,175.37821146635142,36.34757292330829,50.66419597230507,1
2026-01-20 16:08:53.139126,27.452076098445268,6.844887456116152,133.79977906926126,31.77010044695107,39.282501353126605,0
2026-02-04 20:28:53.139126,39.149302958766135,5.130805570409458,192.96165050278668,32.04910244692327,74.74310122879314,2
2026-02-04 21:03:53.139126,38.365071175945495,5.941203322660587,185.0813296200093,49.64422099000935,70.56288104850253,2
2026-01-25 19:43:53.139126,21.438748219580447,7.103951097911262,151.87653249116786,35.97507240668227,39.320649293522074,0
2026-02-05 04:23:53.139126,38.07927579018815,6.216884351762598,186.62813635786176,42.39135043696226,84.06651710810021,2
2026-01-29 10:13:53.139126,32.08073512590352,6.683624732198104,156.1824578542685,37.48072899231954,48.694954137194514,1
2026-02-01 15:23:53.139126,38.45411000519666,6.731125615401704,180.77115179309732,50.86667072444492,73.67055651838758,2
2026-01-18 16:48:53.139126,27.75264252195667,6.7781931472385075,150.77691090289036,28.32186327368951,52.533119681329566,0
2026-01-30 19:58:53.139126,34.009307114294025,7.340899110223499,164.88507678329444,40.77810306050028,64.86890240410466,1
2026-01-17 17:58:53.139126,21.418145695156678,6.800243931301748,153.86731327450312,32.637557053784754,39.820510731063344,0
2026-01-28 01:28:53.139126,31.71071483214089,5.901931625593805,155.26419367856332,34.840982598502606,56.95930712512742,1
2026-02-04 19:18:53.139126,43.843756525603226,6.1647820021497965,200.89005196752515,44.37257132656075,69.64681029078932,2
2026-01-17 03:18:53.139126,19.24264485991503,6.766082512218054,159.21938101301868,38.53722523972428,47.25384168816785,0
2026-01-17 03:48:53.139126,17.33754341606088,7.0710558618258,151.03671471669867,34.02349152872568,41.06642522698313,0
2026-01-24 16:53:53.139126,22.688503840593526,7.032039130464838,159.30207544290158,35.09232487906649,43.474912099693256,0
2026-01-24 08:38:53.139126,24.417101457987425,7.060115784830005,143.4731702983032,33.80836834999346,44.49362675870595,0
2026-01-28 09:03:53.139126,23.906754622538404,5.9358429768960415,158.1376943757985,36.40951595885288,64.76935104642394,1
2026-01-27 14:18:53.139126,35.760483035419576,6.274774603718343,174.72261886749956,37.46730665989025,57.88980342469337,1
2026-01-29 12:58:53.139126,30.43341267044209,6.7819771997117915,151.11086619254803,33.14468135509067,61.882388819388765,1
2026-01-30 10:33:53.139126,37.2819473158429,6.801654060604696,162.94725263717146,42.7102219397112,51.96343428583729,1
2026-01-28 15:53:53.139126,36.6716215354315,6.588969140051198,154.46901627620167,35.964693038466834,57.04044201264984,1
2026-01-25 10:18:53.139126,27.502334056420754,7.490744533645926,157.4643348713864,38.06977941440793,42.99005153247257,0
2026-01-16 22:33:53.139126,22.887833601630057,6.885230880876025,168.07498195477572,31.35017601458096,47.78628090246532,0
2026-02-05 00:38:53.139126,50.45468031620574,5.536177985174971,203.14753762788092,43.05793160477524,81.70551310122032,2
2026-01-24 01:33:53.139126,21.26580343912718,6.918951077794083,143.5627231809314,37.390496768961896,43.04559324143677,0
2026-01-21 21:48:53.139126,21.74425560467199,7.044271045217623,141.07342340720177,37.59803935106871,41.8152162373009,0
2026-01-23 09:28:53.139126,20.99863229790208,7.089168619394048,142.0268835373419,39.73024249263905,44.93917080692118,0
2026-02-02 16:13:53.139126,46.05028449102249,4.93377276789015,174.8496278139132,45.95062292244439,81.57621609078562,2
2026-01-20 04:28:53.139126,27.38130969967863,6.8095165630354355,145.24187472522684,35.80358246998612,46.751996884043876,0
2026-01-29 18:18:53.139126,33.68643050844126,6.446062383882136,165.35912547501542,34.651283431092565,65.61677092186248,1
2026-01-31 07:48:53.139126,25.960346177349045,6.349335876276797,145.21223904690206,36.11358109696967,56.31550102552321,1
2026-01-26 19:23:53.139126,32.39934870151956,6.763181164956983,154.96815470441166,38.97863447778291,54.935497799474525,1
2026-01-26 01:03:53.139126,25.744827745284933,7.243823750084814,131.82239264115677,30.18380480374444,48.34770788717467,0
2026-02-04 12:28:53.139126,34.26324470012373,5.690908333077256,200.26262062372948,49.03539930871725,71.68016792691951,2
2026-02-04 22:23:53.139126,45.57582952703951,6.149682147966768,215.8304191595415,47.58538369618698,84.96394051761368,2
2026-02-03 01:53:53.139126,43.778496791327264,5.621892333223053,162.58678795594884,48.467912644382636,85.42156998823614,2
2026-01-21 19:48:53.139126,30.474722277630264,7.14833521111562,140.18834144867844,42.25250110869633,49.85121814599807,0
2026-01-27 23:03:53.139126,31.618546435494626,6.974262305815268,157.62007219803405,39.98262784305745,51.69518788641185,1
2026-01-17 06:18:53.139126,27.277595928149537,7.329449220054017,162.6538187029728,30.857836740823494,47.72968203675156,0
2026-01-25 03:23:53.139126,27.383813507290437,7.255014706202571,163.5236080124452,37.367379663960044,48.35464722562385,0
2026-02-05 11:28:53.139126,51.68774847816215,5.750879299067782,217.6412270638434,42.5719502583838,65.8871133461463,2
2026-01-23 14:18:53.139126,25.444274426235676,6.7529596430425,158.4500019676103,30.283780581647015,44.718810361501774,0
2026-01-20 03:18:53.139126,27.770564106255726,7.077172531067055,146.3604473054295,34.22264259811396,46.233034886020846,0
2026-01-28 12:23:53.139126,28.780143190209444,6.278934451446536,172.08656024585747,40.11224479842844,56.77638813200887,1
2026-01-31 15:33:53.139126,34.63832781646166,6.478143232453772,150.37519714399227,40.705686833146785,62.36968358196022,1
2026-02-01 00:18:53.139126,44.52703977957052,5.336109625335756,225.71600346398068,48.74826193513662,93.6340962316266,2
2026-02-02 07:03:53.139126,41.87326782190662,5.5422380498408055,193.3902620232129,43.35376080453383,70.68049963671332,2
2026-01-26 12:43:53.139126,36.29947224077612,6.394658770293857,178.44521003526145,41.22319904373147,57.64446512993515,1
2026-01-16 23:08:53.139126,28.928095891683846,6.815181901409928,153.7597484611749,34.743379077462,39.92274425031965,0
2026-02-02 00:53:53.139126,51.37007983556229,5.669444366177249,207.4199391614749,39.47598061794474,69.59076527265118,2
2026-01-28 08:38:53.139126,24.883634894315005,6.198737268698855,156.11899062337602,34.94189705679282,55.35966393031679,1
2026-01-18 21:13:53.139126,24.74982913072864,6.9798196430596215,163.34905388116871,35.75457315650664,44.161021843140674,0
2026-01-21 22:53:53.139126,18.85809507067542,6.701665932957745,153.65658431035345,34.232126221789244,47.17785420544144,0
2026-02-01 08:38:53.139126,40.33146206058136,4.960571286885,204.49466334527597,50.56815312937784,71.88495199709728,2
2026-01-30 16:13:53.139126,30.966601192613513,6.570673894379092,165.77614856452462,38.9135093578957,62.564626066673355,1
2026-01-22 18:38:53.139126,25.630360807139315,6.717008212839501,154.9058960170636,40.568320849526856,48.42259046506413,0
2026-01-23 18:38:53.139126,24.14821830429632,6.8570296497086956,164.6000459000138,37.041408259210094,51.18653047766235,0
2026-01-20 08:18:53.139126,20.840319759949683,6.592380495369218,161.77380139986988,33.86598396747328,45.25895216943619,0
2026-01-30 00:08:53.139126,38.54016091373312,6.475121216448708,155.74129566227504,36.45685823118645,57.845842557331636,1
2026-01-21 08:38:53.139126,23.25226378388802,6.867232554757074,155.3678141912586,33.62016855387111,46.742239166007266,0
2026-01-31 05:08:53.139126,33.6752996255936,6.238672448326357,174.44586591071945,43.835706530649254,62.5450677825218,1
2026-01-20 10:58:53.139126,24.83377144151084,7.075778731533724,141.43504328852313,37.20696455684337,40.225848245869635,0
2026-02-03 14:43:53.139126,45.36419599187508,5.023585425887478,204.28005058084585,48.5911235839275,64.9901709787315,2
2026-02-03 01:18:53.139126,42.493101655049905,5.9300579012418755,184.02968547970062,41.82049399601298,60.8884383354957,2
2026-01-18 04:23:53.139126,22.491654448528262,7.406132353894345,165.33488748706384,32.62093672594373,46.58216948097435,0
2026-01-21 16:38:53.139126,25.669268725728646,6.899125789282672,156.44101849083518,35.83562474127754,40.24105196436722,0
2026-01-17 04:48:53.139126,27.415188926222147,6.411105915003236,137.98328597609932,31.320542626882172,50.43983710253892,0
2026-02-03 07:23:53.139126,46.584157823681146,5.008838867252869,199.54320490507152,39.95458735900225,63.842419502726905,2
2026-01-24 00:13:53.139126,27.772658624399913,6.8849839679649065,132.14636034477738,33.548828520627914,40.96155683260022,0
2026-01-16 14:58:53.139126,24.111885348023133,6.890841506332463,167.42719241383787,41.54702059908713,49.333260882926325,0
2026-02-01 12:58:53.139126,46.12442880036754,5.218563117851553,197.20245549677767,50.55563103268136,68.4112413885248,2
2026-01-22 12:13:53.139126,17.57003890946638,6.917171035580112,142.23156661080486,37.91034749868365,47.87465468437153,0
2026-01-17 02:43:53.139126,24.73619236407686,6.892623589063708,135.57884220080498,33.41239598363213,43.70280825476177,0
2026-01-17 16:18:53.139126,25.78760948198103,7.082596842174001,156.78700159385022,35.55904433664972,44.4310321830737,0
2026-02-05 19:18:53.139126,49.514215227673354,5.433757597959627,186.60277226978403,46.70392860277613,96.12823653200297,2
2026-02-01 19:13:53.139126,39.759755714216716,5.393571653355245,193.2369515856826,36.93108647339496,71.86401226845389,2
2026-01-27 21:33:53.139126,27.87988404193345,6.950042185783095,184.3139353188474,42.48834463609278,60.727114400395266,1
2026-01-18 12:08:53.139126,19.072283254967076,6.8859597704725175,159.40192350742643,32.50291718078817,51.99109636237733,0
2026-01-20 01:53:53.139126,24.72732016363735,6.89975083823488,136.73944886583809,34.08214592110431,48.175140223926036,0
2026-01-21 18:43:53.139126,24.973029601643475,6.930031771412761,142.69544400385996,35.11057501550263,45.28526311736643,0
2026-01-30 15:53:53.139126,30.654634069737174,6.553892233724372,175.71324349351775,45.68481775813464,60.29107891417334,1
2026-01-22 06:53:53.139126,28.522875881977694,6.934185699531949,142.40142084328426,34.35591012907295,45.18453587417566,0
2026-02-02 08:43:53.139126,32.40831565950232,6.330740432249231,156.7217549280237,44.14153425246727,68.71633207437561,2
2026-01-28 18:48:53.139126,32.41504863049699,6.5427044051529055,139.75323060262815,39.42926316911594,60.86131778935287,1
2026-01-18 09:08:53.139126,25.298380781523274,7.064530291612683,145.79211330867597,35.00921321459215,48.301964069211515,0
2026-01-26 23:48:53.139126,25.825761434212954,6.80556450161009,177.7549959571119,36.00768107380196,61.31138841537253,1
2026-01-22 17:03:53.139126,22.41815013063046,6.972171609507646,141.5290069509758,35.575221973906395,45.4541391600881,0
2026-01-31 11:28:53.139126,29.36797961540141,6.281239709206912,169.78523307382048,38.79295927239418,49.72389379302514,1
2026-01-19 17:08:53.139126,17.891532823295,7.210740198495705,156.31323622701495,34.03879675940188,43.16518717573917,0
2026-02-01 04:18:53.139126,43.36597983572823,4.293177728271432,192.48635786092825,53.12624360875958,94.24867048564471,2
2026-01-21 00:08:53.139126,22.496358316161935,6.943005099807131,124.8857617035451,37.11153202231882,41.498697677788186,0
2026-02-05 01:28:53.139126,52.44160144187876,4.715862374611053,195.85027981577616,38.090359369433024,68.71594414401628,2
2026-01-21 21:53:53.139126,22.009129732102444,6.949030673222269,156.55803371404056,33.6329549083919,45.007764629104855,0
2026-02-02 19:08:53.139126,47.42195253613429,5.899507291418975,184.0377945827182,42.70695781658223,74.1173879056492,2
2026-01-20 20:43:53.139126,22.49665960872831,6.7992347295743265,156.36816526659373,30.685968432636617,40.544841420521976,0
2026-02-02 18:03:53.139126,49.25176303121914,6.369581785318084,207.28057237074188,45.084044622474266,64.65856238358445,2
2026-01-26 23:38:53.139126,28.779586340820764,6.447303334370504,160.3161115812017,42.19495389209539,51.86055413915578,1
2026-01-24 08:53:53.139126,23.949999775027358,6.998188208995704,155.19650379741867,33.629767144287335,36.08935994552766,0
2026-01-29 00:33:53.139126,27.319541692001373,6.2835510810684045,175.38048818249143,36.7105568343318,60.81826383229434,1
2026-01-30 07:28:53.139126,27.96667578680243,5.719558269712922,182.8234153420222,39.55428153736236,59.347997134891216,1
2026-02-02 11:43:53.139126,42.61013198461631,5.016620590721055,210.30686366121785,46.45369795182962,66.14980711050846,2
2026-01-21 17:48:53.139126,21.363624311572654,7.197393621782203,136.42827235105443,35.488718999271825,49.55853531128188,0
2026-01-28 20:18:53.139126,32.50296948526338,6.1092276531784035,168.58280714824687,41.51979713544141,66.81212174501614,1
2026-01-17 10:18:53.139126,22.144469438363938,6.830653760053127,135.56190947791578,33.81442974727864,42.93566900225256,0
2026-01-26 22:03:53.139126,32.31460912397354,6.5789543236014145,173.29515913493867,38.94006906408826,69.7805089468545,1
2026-01-22 10:13:53.139126,27.953252465855265,7.063090530016094,143.8515384355477,35.30173057226975,44.53809876658898,0
2026-01-28 17:03:53.139126,32.86370148340499,6.311480335592756,148.2748647197552,38.57063212978941,51.60429536374261,1
2026-01-17 13:43:53.139126,18.07756369979544,7.0224581950663545,136.78587324983124,40.73236520413874,46.109748454693936,0
2026-01-18 21:53:53.139126,23.249352415541775,6.909768645414914,135.64755137405925,28.965794929879742,46.55302855501922,0
2026-01-20 21:28:53.139126,22.669710149780755,7.185481355983732,142.44399972102292,34.01740816374378,49.89080483715095,0
2026-01-21 21:38:53.139126,23.74341621259534,7.006026105497347,153.5094629644641,34.928735183600956,49.657188283431466,0
2026-01-23 09:23:53.139126,32.898196184486665,6.983702498348353,148.3329508568743,36.77218592527415,43.32069005725764,0
2026-02-04 06:58:53.139126,42.50176282327359,4.7528112420434505,182.9675819814023,41.36652580260615,68.49452053571228,2
2026-01-16 12:53:53.139126,23.801542669006828,6.863368682596414,142.28328428257765,34.871258435460085,45.31278538868154,0
2026-01-16 11:03:53.139126,26.396396462924926,7.037974488720041,167.71175537068115,35.15001983252008,47.0449548648423,0
2026-01-30 04:43:53.139126,33.355889709931446,6.811610897330804,182.5921241598024,42.84156912824327,54.479609269194555,1
2026-01-22 02:53:53.139126,24.55082500125682,6.928548490989924,164.0819090781092,33.20817442308811,56.40822774677903,0
2026-01-26 15:28:53.139126,32.73859634211024,6.716743468157938,156.4364197224572,49.03341404221487,54.0205514189664,1
2026-01-26 05:28:53.139126,26.156874420598182,7.012353780552525,131.211290830013,30.73680975319213,46.52415661137553,0
2026-01-17 19:03:53.139126,23.324780070470936,6.835586060773241,147.5566179159234,35.561850390018435,45.37888856553875,0
2026-01-20 00:33:53.139126,31.304999895565143,6.93142181654767,142.82160436470897,33.01914837291614,42.63831356352609,0
2026-01-28 15:58:53.139126,27.635757381854226,7.188722366922842,167.44531811243988,40.430982117296296,57.91987002214827,1
2026-01-21 08:43:53.139126,26.426141730600982,6.661616028135104,143.7351762750455,31.245559535676914,50.867361858971044,0
2026-01-16 13:48:53.139126,20.949066790547917,7.123475648847011,141.6438537005879,33.47880785686332,39.15769769281515,0
2026-01-25 03:03:53.139126,21.574085637349615,6.795497615961624,161.58627739322333,40.685686326088465,40.906898466412706,0
2026-01-23 01:23:53.139126,31.701330498226586,7.023062151811667,142.03032557451223,40.352703455939626,44.48869996601753,0
2026-01-25 22:38:53.139126,26.786853478819697,6.758765444689402,144.11797697160355,36.66172839604187,44.20187868682914,0
2026-01-22 09:58:53.139126,26.597188117184388,6.854936620810281,146.73917646359223,41.491669677963934,49.24311937135072,0
2026-01-18 17:13:53.139126,27.480445442234394,7.0443213570553125,148.47815606082526,37.926797746900064,38.2394655549324,0
2026-01-29 23:58:53.139126,28.636387024348053,6.5697169417492844,158.6465559343772,37.61209852644075,58.272102695249835,1
2026-02-02 13:28:53.139126,47.596579882799674,5.698973547508804,198.26778188219228,40.93005131818409,69.83690185684559,2
2026-01-19 22:28:53.139126,23.36217710472876,6.686278283310684,140.23383683882844,34.78841756149066,45.358632588064765,0
2026-02-03 18:03:53.139126,50.340123526170174,5.062022907039292,190.66852295064595,38.321126046494804,74.23804975060472,2
2026-01-24 03:33:53.139126,25.568532977242057,7.357844438760305,161.62368422498028,36.18589117274007,47.578911037047924,0
2026-01-22 18:23:53.139126,23.565473527864516,7.308425036898678,144.2014275042896,34.4538496832613,43.73200186540427,0
2026-01-21 11:08:53.139126,23.21292893412009,6.848461721468249,137.38172957145878,35.297965613478326,46.06508280818578,0
2026-01-28 20:08:53.139126,30.596783286044488,6.558253979773051,179.28266948028318,40.90342689182194,62.13100854150436,1
2026-01-31 12:38:53.139126,33.00783251888752,6.355419702395546,206.13821344661827,41.48032439266295,50.73430185804202,1
2026-01-28 23:23:53.139126,32.813876531040854,6.560205343879909,167.1128447242534,41.89076697055253,55.795660898088144,1
2026-01-20 04:33:53.139126,25.45001797758571,6.654169639461341,150.02495438987813,34.12527485212909,44.59626648813146,0
2026-01-21 12:28:53.139126,22.402440641173435,6.892850610605231,153.64417163393645,35.489459216838306,48.620345776846236,0
2026-02-04 18:28:53.139126,43.44103350471684,6.117376088841483,228.70855681516733,40.37384526261191,62.7932713786112,2
2026-01-16 14:33:53.139126,27.340685963247836,7.010267672781624,153.34552262373458,33.59005916037725,49.96164091642896,0
2026-01-17 10:13:53.139126,20.354291007155254,6.759732711691987,141.58573930931226,34.513589982226264,47.94422179512345,0
2026-01-21 01:58:53.139126,25.91789488195933,6.720919553466483,141.7348435449082,34.40082578073402,41.74002443824952,0
2026-01-19 21:48:53.139126,23.228955218694356,7.175079761618494,143.14317089389178,28.60656167268102,46.45186109173809,0
2026-02-03 21:38:53.139126,45.07010822611526,6.137564718280552,190.45548120527164,38.6089260767206,72.32713330862317,2
2026-01-16 12:38:53.139126,21.06053873448737,6.874217034425049,148.29824528975345,33.063226375935535,42.516671438070325,0
2026-02-04 10:18:53.139126,44.590120093657646,6.044629251983401,204.81034276687822,41.904197152805956,66.11434630253773,2
2026-01-18 05:28:53.139126,27.743284998667804,7.078657572347756,146.899128833869,37.215957306355385,47.07021782602237,0
2026-02-01 20:33:53.139126,46.93162455039798,6.040400778648379,234.5635524193468,44.666102401561496,79.40428937429266,2
2026-01-22 20:18:53.139126,27.915327092888628,6.897293950591637,141.61840130189614,32.63665332223746,46.16598438382279,0
2026-01-17 13:23:53.139126,25.68228189515427,6.8190299029542505,145.57189008233024,41.83241432921952,43.308249572293654,0
2026-01-23 22:13:53.139126,22.3712244801927,7.276800423157884,149.37644473654885,36.27131395247539,47.9832616196775,0
2026-01-20 19:03:53.139126,26.3635006735937,7.16417221134096,158.5294561956902,37.60272778081434,41.175514548894476,0
2026-01-24 02:28:53.139126,31.024558296521647,6.81535125531418,139.46206712251214,39.161607519898915,41.24051932519298,0
2026-02-03 23:18:53.139126,51.39135897411334,6.01970335630737,192.41622059296398,36.34787735014944,82.74380977450353,2
2026-01-30 21:23:53.139126,33.48271075578764,6.114605918711039,166.33715025089072,43.61445625070887,44.861941432264636,1
2026-01-22 23:23:53.139126,26.458057092704372,7.014755843618649,147.9286981437325,38.243247202227714,35.562601138554044,0
2026-01-31 15:48:53.139126,29.946957746817038,6.652012904205587,167.3533594988754,37.94424906870978,60.2442545162685,1
2026-01-20 15:03:53.139126,24.826277730641014,7.0109751087814685,152.3993905075006,37.404785377635804,42.78490162734477,0
2026-01-26 17:08:53.139126,39.66284187630219,6.8058310408234615,159.8389521888313,40.44111344045468,63.412870686819204,1
2026-01-16 23:13:53.139126,23.69823090958551,7.383169938877956,145.364016527894,33.824984685251785,44.33368441969058,0
2026-01-20 22:58:53.139126,24.457927886151868,7.01674847457571,152.28437544773604,37.74137691119251,43.831494759010006,0
2026-01-30 02:13:53.139126,23.38000383486778,6.411725868657723,163.45031200356084,35.83901288986294,50.29788695655706,1
2026-01-17 15:48:53.139126,26.354701505330688,7.269881524010198,158.97209127805405,33.84346020637008,39.8435763454813,0
2026-01-21 01:18:53.139126,32.07200067219752,6.808121139294301,168.33472484945796,37.89186303238792,49.118485584870044,0
2026-02-01 09:03:53.139126,43.77990513293923,5.910564404530703,191.87043333354288,36.500654995235294,70.9955479611438,2
2026-01-20 06:28:53.139126,22.997106015831065,6.899830061372892,153.3322819392168,35.03293691858987,44.21869097963217,0
2026-01-21 00:58:53.139126,25.06896273293081,7.229536309045839,156.76285427056806,34.99344039659041,48.63901915008266,0
2026-01-31 22:18:53.139126,46.37812650008592,5.775857010722236,185.10042540277672,50.713225735844674,74.56678165158466,2
2026-01-29 04:13:53.139126,35.20883431213308,6.774301292699368,177.4299352025583,27.9042061976711,60.20175843778337,1
2026-01-29 16:53:53.139126,38.23982813773307,6.274391063840233,167.51996450744505,38.840661913487686,65.03870738242284,1
2026-01-31 15:18:53.139126,28.844797090462905,6.30917619216908,161.08920636817982,40.077067173524135,50.47588231289087,1
2026-02-01 07:13:53.139126,37.074198745771746,5.676691330535976,179.08847008705467,48.20068255456601,62.43558171358409,2
2026-02-01 12:28:53.139126,42.192673302551306,6.361553785955183,176.32675078167102,46.35555586282383,66.32100807502016,2
2026-01-30 09:18:53.139126,30.48757674005841,6.659578963755634,166.69001427635504,35.06378683468647,60.65647630307326,1
2026-01-28 06:58:53.139126,28.249541893888747,6.013685816902494,171.28812156242938,36.32677676364656,50.71757161361548,1
2026-01-26 02:58:53.139126,24.317465311628673,7.318893246386029,165.11707792468758,36.2076012152751,42.899364310908524,0
2026-01-21 10:28:53.139126,23.559519412559446,6.89226764646508,156.7924747397966,32.42296205510307,41.54981667994845,0
2026-01-17 13:03:53.139126,27.348166813750744,7.0824949795730525,132.18016161227024,36.13667991830624,43.038281382015576,0
2026-02-01 00:38:53.139126,40.356943842552354,6.163164689292054,204.65963344379583,44.885596701590735,69.14784035500142,2
2026-01-22 01:53:53.139126,25.81282994599742,6.795304279624325,136.52765459801205,40.15517309862396,41.27855163519697,0
2026-01-18 09:03:53.139126,25.03776588964597,6.646255047443469,150.45509889619024,30.016323551205655,46.797550017200926,0
2026-01-28 11:13:53.139126,28.47498660741354,6.8339530815084695,152.10380437951343,33.71522519834861,58.57083129763253,1
2026-01-19 14:03:53.139126,29.815753615161444,7.273497167956422,159.13209523905223,35.65993989392865,38.14825875700294,0
2026-01-31 13:43:53.139126,28.075975030353653,6.934310342785959,165.25043664867087,34.37301715805009,50.34529828665907,1
2026-01-27 19:33:53.139126,22.763339608455844,6.480593966454592,154.4485349614789,41.481956830269695,63.69042172435717,1
2026-01-29 21:38:53.139126,35.15395437707077,6.920668459982202,169.0442231479641,34.14021514987198,59.1063353473414,1
2026-02-05 15:13:53.139126,42.5932317315314,4.541946900518392,196.64117242980126,38.005953379560175,63.54951306541846,2
2026-01-21 06:28:53.139126,26.240104241165582,7.037563544638392,155.78121759211646,37.71499664210169,44.38499230539114,0
2026-01-18 03:38:53.139126,24.53148908452359,6.689778578518293,155.51635641899182,30.610997172536273,45.58688950157714,0
2026-01-23 08:23:53.139126,24.942599064132978,6.818557169033204,140.90874305047876,36.29388820104592,48.08024158722984,0
2026-01-28 15:13:53.139126,31.2803388968823,6.363318994686677,179.15827594366593,35.84265021301356,67.22578642134724,1
2026-01-31 18:53:53.139126,52.63022285916158,4.851646614307548,184.02766842132618,41.96638234336689,75.93911243337165,2
2026-01-21 15:53:53.139126,27.649714637749966,6.808284914122729,155.24699903619808,33.789377363469384,43.731961699647414,0
2026-02-03 11:18:53.139126,52.01020323439899,5.427352637405076,208.29598533912784,48.268686334484826,74.5421408223135,2
2026-01-25 22:53:53.139126,20.49000276413172,6.983548390057876,141.72844120550107,38.51766566560756,40.39273693592281,0
2026-01-24 06:58:53.139126,22.48948534271049,6.840430611373126,150.14418145649645,33.536576031408075,42.28143605111738,0
2026-01-19 13:23:53.139126,23.8381166786646,7.441058362728794,146.28807124040827,27.786671246579655,44.72795563982495,0
2026-01-23 17:38:53.139126,20.511382120082917,7.1780603281185105,166.043549709596,33.793090641316304,43.459360461868684,0
2026-01-22 15:08:53.139126,28.4274435508227,7.326324546136218,159.37256890541622,32.382188551282034,38.87796212043763,0
2026-01-31 22:53:53.139126,47.77919186723211,6.153123503956293,202.30763652356657,54.367002088793356,60.13521647491176,2
2026-01-20 20:48:53.139126,22.81640955158177,7.148194450960613,144.62037139891663,38.08592664062115,44.41079900058295,0
2026-01-22 14:38:53.139126,28.38728027095839,6.7843106998577,138.9114960685924,35.33321209686303,51.58713303669958,0
2026-01-16 19:53:53.139126,25.18194590124853,6.665305417710547,143.27391907916999,33.43124531141283,43.76799337769624,0
2026-02-01 19:33:53.139126,45.245340792736634,6.6933199116201445,162.47108358064798,42.85921949492839,73.32903520086468,2
2026-01-30 19:53:53.139126,28.05090346070376,6.807536591037033,162.33838986464252,40.88288292326267,60.20923747389787,1
2026-01-17 13:58:53.139126,28.289230745431627,7.020074342609377,153.37392367431292,32.91916229007401,44.278068098804084,0
2026-02-05 04:43:53.139126,38.14663875208981,6.220627433093367,172.12816532220074,38.35099171488719,79.03333706879167,2
2026-01-20 23:43:53.139126,28.034136633778978,6.81092022289031,150.05549517454241,36.7264086091101,40.674707372609504,0
2026-02-04 17:13:53.139126,43.316865915578504,6.445574444950162,208.38015821636807,36.92183237550835,76.98364710283786,2
2026-01-19 22:53:53.139126,28.186118633099316,7.099390351978723,163.20034122353763,35.649677997148395,33.854277127781884,0
2026-02-03 09:53:53.139126,47.15580123260016,5.213138678081664,191.73747195706702,40.35128504807583,75.41718335085818,2
2026-01-16 11:43:53.139126,27.12515371612085,7.414883148393042,160.04192224024965,36.522297046235614,43.27053669876349,0
2026-01-26 18:43:53.139126,33.77588173280219,6.7301683859186925,178.48853907458025,36.94722622212264,52.18288358901934,1
2026-02-05 07:58:53.139126,45.99490395036718,6.739528519379323,179.20246097233252,41.13825676824826,73.38388264603753,2
2026-01-23 23:08:53.139126,25.217913336265397,7.071637667239239,157.98311275621396,33.550620765346174,42.1816806663388,0
2026-01-24 22:53:53.139126,25.091146652076244,6.931323357793424,154.97652392185546,34.28866161448591,53.3744679947933,0
2026-01-23 04:03:53.139126,17.111342576285796,7.191442272225391,157.62221456180822,31.030192217545366,44.14155716277472,0
2026-01-20 04:13:53.139126,24.057698706520306,6.902164669799787,163.6431639377962,36.9947318160941,43.2121982480502,0
2026-01-29 04:33:53.139126,34.53022874047903,6.2629794494498245,174.96214289087067,40.900431041218425,46.1080615785704,1
2026-01-24 14:18:53.139126,28.47164748207958,7.135598217205978,147.05950463105438,33.163935166980615,42.63353876556992,0
2026-01-27 03:43:53.139126,28.104914291220027,6.691648702704354,164.9110554259563,38.80058253341715,54.15851942809621,1
2026-01-26 07:58:53.139126,27.047615023563882,7.166384478579219,158.07963501065413,35.801233902576996,41.00935633999968,0
2026-02-01 01:08:53.139126,49.85568477578112,5.695604610046208,180.76874583124584,33.93884926555021,71.91855039162219,2
2026-02-01 00:58:53.139126,50.69676928657796,5.355069297289922,196.59830796796888,42.9480896990507,70.10029478990833,2
2026-01-28 15:28:53.139126,31.911074009076085,6.370524495760522,156.43940147046078,40.61863648187445,55.026013445349506,1
2026-01-29 18:38:53.139126,33.48670169042926,6.671905964014056,169.09738448994523,33.17565162982788,67.20685134270171,1
2026-01-23 13:23:53.139126,24.481291174957562,6.774169183376682,149.1534257574949,30.0618832258102,45.72874084927458,0
2026-02-05 01:48:53.139126,39.70460483942749,5.631639704031977,172.51292679983607,46.17855780623812,72.43701405834902,2
2026-01-21 04:53:53.139126,23.094138645711496,7.21209181259628,143.1237903507813,33.41997871131427,49.593029370825306,0
2026-01-17 14:58:53.139126,19.60952238244916,6.784282526888132,160.59047994220361,28.497642813301688,45.87052010628628,0
2026-02-05 04:48:53.139126,42.8735059412645,5.847644236042462,181.3103003741032,48.856444668736046,79.98945839236741,2
2026-01-19 18:38:53.139126,19.299139665644667,6.766545228443614,139.30242293486955,34.296884569738516,46.447140334558014,0
2026-01-25 19:28:53.139126,24.08121313833392,6.995700860862076,149.8639727984943,39.09643375199381,41.46105414825125,0
2026-01-16 11:28:53.139126,25.002350511529386,6.98970453372828,159.4689116113101,30.201819755730973,51.34312785938264,0
2026-01-28 10:33:53.139126,26.119269236267215,6.751819117198174,171.57958092902257,40.3118583120002,60.046686395960116,1
2026-01-16 04:58:53.139126,24.227732968530525,6.899119090551578,152.8772452643898,37.790989482562736,48.50330001212529,0
2026-01-23 20:33:53.139126,20.0675371840154,6.9416774852353935,153.98637712993983,36.38935871073269,42.47468409468637,0
2026-01-19 04:38:53.139126,24.252451972372565,6.791315877467402,140.81370403892336,36.68237636551578,41.01927823909621,0
2026-01-26 17:58:53.139126,28.88256986769096,6.341798413624691,178.4376726926249,29.819377537550245,69.73053404358956,1
2026-01-21 18:23:53.139126,24.53769805910175,6.813455731112707,145.03359443107442,32.531088732666404,55.36863728225142,0
2026-01-18 17:08:53.139126,30.956035482546675,7.034146243027446,138.69627598703394,40.27451468408788,35.75203570571331,0
2026-01-24 07:03:53.139126,30.903125844602176,7.079691623887335,157.38309054182199,35.60429191882145,42.956215060162755,0
2026-01-18 03:13:53.139126,25.716066154643002,6.658819092695358,156.66478328433004,43.48350375773073,41.088038718170154,0
2026-01-22 19:43:53.139126,23.639494058347033,7.0098995850717785,160.26316279568158,38.01894930369707,43.85650466067206,0
2026-02-02 09:43:53.139126,45.06606667558405,6.0205005534856655,194.85840262151766,37.9479741854773,84.98863012808575,2
2026-01-24 06:23:53.139126,24.741507964794312,6.965248456014927,161.106412771705,34.68317409769125,44.147483984694425,0
2026-02-04 13:38:53.139126,36.988196272280796,4.907388475425331,195.2546167968032,36.811397748514956,80.57262351018198,2
2026-02-03 05:03:53.139126,46.0062206995031,5.2179564042047675,185.7234828329128,36.114798252840934,74.72430614446182,2
2026-01-29 11:03:53.139126,33.62094843920444,6.53358170522067,175.62078276763117,39.77155699841418,65.47721885281832,1
2026-02-02 21:03:53.139126,46.262387446549496,5.1313421473417415,212.0677847559759,39.710924612252526,81.72405346913851,2
2026-02-05 18:13:53.139126,51.894435674725464,5.794189115637107,196.97339477722997,41.07033629043901,68.19343126664826,2
2026-01-24 03:38:53.139126,29.032318009567486,7.076391598080001,148.55210237401164,35.63243329111643,44.07983045758946,0
2026-01-20 18:33:53.139126,28.799801385855968,7.019276916413573,183.21018302619356,36.829552256158394,45.24910966437941,0
2026-01-28 01:18:53.139126,24.87147687889456,5.923659385127386,157.2217657796514,33.69543754509878,55.76160112655169,1
2026-02-01 04:48:53.139126,44.46473490735936,5.93946265170137,173.4580551528308,42.393449230098604,81.85547281658754,2
2026-02-05 11:43:53.139126,46.72399044432288,5.9325404935821275,196.4105258674499,48.15609814697561,67.67382292631378,2
2026-01-19 11:18:53.139126,26.3636643958879,7.501516082553021,146.8951518101589,35.55620881917724,49.21859851235776,0
2026-01-16 17:28:53.139126,19.40899041480699,6.981400242415681,151.37999695063806,33.8040304359591,49.31255321386317,0
2026-01-25 19:23:53.139126,22.056054521499547,7.019553854306386,163.61185758954664,31.167487138394357,34.89474150582431,0
2026-01-21 08:08:53.139126,20.37443672755027,7.248795375863048,152.28524657289648,30.221211590056637,37.67865210179235,0
2026-01-30 03:43:53.139126,40.21103553366689,6.8045197628619265,189.59799893862427,40.74622287138656,64.4002187451585,1
2026-01-23 12:43:53.139126,24.143583570130332,7.426414220298265,152.3885085336098,36.60298784673934,43.2177068784858,0
2026-02-05 08:13:53.139126,43.194032018886716,5.966733386620842,178.3916245322619,48.27622447777435,55.25193729162257,2
2026-01-28 05:08:53.139126,30.205461929220313,6.169331917880063,151.26307662558148,34.02147081333169,58.74222356586741,1
2026-01-31 20:33:53.139126,43.387190461898804,5.717280982325012,174.57561200437334,48.35631185018501,83.22447306144436,2
2026-02-03 11:03:53.139126,49.4570489681382,5.767495653398227,213.28876837825388,37.07804362396584,86.04946424334739,2
2026-02-04 04:28:53.139126,47.35241615690296,6.450330055011241,189.90471002007988,45.470474729117655,79.38347410248939,2
2026-01-22 14:08:53.139126,27.39061012428748,7.236717814259819,132.085180900576,31.741567244372227,43.659552371247614,0
2026-01-16 10:03:53.139126,25.988018282920496,7.03131800183911,151.9574272283552,31.14430764686841,48.44723861388648,0
2026-01-25 21:08:53.139126,20.673214963014416,7.141317733417222,146.7209701495306,38.1312715643515,50.19495870308494,0
2026-01-27 22:38:53.139126,26.84335075888225,6.444144091116325,170.69603762279138,35.70843074917254,58.786896358414054,1
2026-01-24 10:58:53.139126,29.33341816165179,7.010540332684046,154.13414167136253,34.82995021177462,46.20379636288195,0
2026-01-24 16:28:53.139126,20.00347091963667,7.260388535213013,135.89416729642613,32.56946598380282,45.357312188706516,0
2026-01-18 06:33:53.139126,24.068657945186875,7.28508893380367,144.44872067013603,36.80492637896449,38.625619032432745,0
2026-01-16 08:18:53.139126,24.264900443552033,6.796106046618906,155.62146614036988,35.60306499381076,48.62214722225041,0
2026-01-28 16:33:53.139126,24.63326767760767,5.987717810021201,157.66014508449325,36.96890507960646,64.67601909834448,1
2026-01-21 07:58:53.139126,24.914495587829464,6.803531548765634,146.7521673855535,33.117889608878336,52.27374667527729,0
2026-01-28 05:28:53.139126,30.992657006175,6.055200927670437,159.2529654645193,40.206825406697604,59.88513853467428,1
2026-02-02 22:38:53.139126,47.06565679819926,5.922817390195072,202.07893043873293,40.011474513628954,73.32410823790298,2
2026-02-01 07:38:53.139126,43.05016204102213,5.636451919651985,189.29099692069357,35.03949647543505,66.48813783630014,2
2026-01-18 18:13:53.139126,18.821691437386388,6.911636699308683,158.9005483662398,29.99432697436812,40.587472001440055,0
2026-01-17 02:58:53.139126,27.470801919683527,6.84125784551909,160.23313860104892,33.119193525484214,38.28507490747391,0
2026-01-31 05:13:53.139126,32.12943295149067,6.378808494081665,164.93428575881188,41.15661626208151,56.46353888536149,1
2026-01-17 15:38:53.139126,23.365831809403016,7.235865942546356,162.96524311488955,31.128711637426846,39.058771737667676,0
2026-01-17 17:33:53.139126,24.133171298310447,7.280217033760068,140.29470819933286,32.32657054120068,39.03241901553673,0
2026-01-28 00:48:53.139126,37.09244326603916,6.492637780865237,166.83687682726452,38.730944668135415,56.53370455737969,1
2026-01-20 08:08:53.139126,26.68105437775599,7.068170980738515,157.58331683165835,33.076756267808776,41.61346036565469,0
2026-01-17 14:33:53.139126,24.90819966415178,7.222522996734123,143.4111105006065,33.4835551176479,51.637025921258186,0
2026-01-27 04:08:53.139126,31.342864803922524,6.397611289755544,159.5425059183773,35.67381364210489,70.30556597714263,1
2026-01-21 06:33:53.139126,25.796995328247615,7.184855877067786,157.2681331987729,34.215475125428355,49.992608107902,0
2026-01-28 10:08:53.139126,34.1601667328251,6.572615398271842,179.73017424500267,39.65845090552077,46.89698152236645,1
2026-01-29 03:08:53.139126,30.733321388080274,6.571002704427824,160.45924112317942,25.763881461173735,62.60348234687409,1
2026-01-18 02:38:53.139126,30.61603822333316,7.122795560663447,151.77725425864867,36.24941128946326,45.395951627794304,0
2026-01-23 15:38:53.139126,26.27928043896055,6.989845790207961,156.77848610145358,40.65132442609059,46.41320030556949,0
2026-01-16 22:58:53.139126,22.00187759108714,6.9722491422079145,158.30776681246212,33.33166162605048,47.18754134957945,0
2026-01-30 15:43:53.139126,24.45229731774262,6.545552669141423,170.1438085369735,32.42797361629333,68.7495572026914,1
2026-01-17 09:08:53.139126,28.350067058803607,6.787799301320364,149.42598804769034,35.17451807636561,49.73334280448857,0
2026-01-31 23:13:53.139126,46.88026462201893,4.585562318032838,183.26619161574183,42.919237475507245,70.74898736043426,2
2026-01-26 04:13:53.139126,26.950441487850558,7.649372061428638,144.55607435079818,34.26029313537489,48.723418578771174,0
2026-01-21 16:48:53.139126,24.709055499572848,7.238742090169036,166.86627589889088,37.38575327002319,42.22773219116437,0
2026-01-25 23:38:53.139126,25.091043211074407,7.1306128828753925,129.7721551636869,36.00773456287003,45.46359255434029,0
2026-01-29 05:53:53.139126,27.352924103142374,6.267196270767167,155.3700511591663,34.56424373450013,62.711060341063465,1
2026-01-30 17:18:53.139126,33.40269820890694,6.396216433953407,156.5432583636776,40.32393849523292,46.60620412298597,1
2026-02-04 04:53:53.139126,47.741805372484805,5.850795011109591,229.73980645618929,51.40441535333643,66.20783236140493,2
2026-01-20 10:03:53.139126,21.673165412753164,6.773028353027088,146.18623432701116,32.87761208850823,43.93292676744996,0
2026-01-24 08:03:53.139126,30.24598355295933,7.002716789123559,155.98753456434827,31.976522697350564,42.1412804285843,0
2026-01-30 22:18:53.139126,34.93575987042303,6.772528155067225,160.34175971379761,39.302754926531236,60.23152093133983,1
2026-01-31 15:13:53.139126,31.761053547764888,5.829489826905889,161.17772733973206,39.9892331331277,53.84320475236242,1
2026-01-31 07:58:53.139126,32.48600329465228,6.4266390004509395,167.26306676039553,36.01244357343941,53.237945230133754,1
2026-01-18 00:48:53.139126,22.2036930599868,6.978247715939439,147.91333671702756,35.54138836057272,45.193180425219694,0
2026-01-23 14:48:53.139126,25.72649527255909,6.8105172241843235,152.20650838926758,31.010669800017975,48.16937074883385,0
2026-02-05 19:53:53.139126,42.31676344929686,6.127734171225102,197.1003149313887,41.09007390603718,84.63498454830065,2
2026-02-05 19:08:53.139126,44.83355793001305,6.4807902745954875,190.02148357985442,43.32514062277649,79.09175523363146,2
2026-02-01 13:43:53.139126,33.74992812276695,4.802921307351963,193.17992369687704,45.33288260818955,63.98112660475797,2
2026-02-05 10:08:53.139126,46.739679075015495,5.871266629196121,185.66817277034258,45.164032540702955,78.33624714476392,2
2026-01-30 22:48:53.139126,33.45831143351999,6.002482729801091,179.27790263265146,41.68052641100537,56.91500307296399,1
2026-01-22 22:08:53.139126,25.405217052538234,7.189015777395001,149.00662458736366,35.009638250110996,45.00733685542441,0
2026-01-30 21:53:53.139126,29.95158121437202,6.999098509541779,161.63852767071955,39.24975407722685,61.0744938088744,1
2026-01-27 12:38:53.139126,34.456327591089426,6.155950816086256,193.23649834437646,43.42715614193481,56.160971786294105,1
2026-02-04 11:53:53.139126,42.51761824600041,5.039348081434557,185.94720450793824,39.02904723952137,73.98013111916866,2
2026-01-16 15:08:53.139126,21.516834819815568,6.819304803537978,149.0514456331897,39.72959273509283,41.64488972921686,0
2026-02-01 08:03:53.139126,47.28871435536523,4.950124259034798,189.91629442860003,45.2265979018427,83.31340730574966,2
2026-02-01 12:53:53.139126,32.727047310374054,5.0801710248859795,176.37492895779062,42.30899515691657,65.03964509456,2
2026-02-01 15:03:53.139126,37.49527102359263,5.1362849920038745,207.4134340353779,39.33640595436084,85.71013685950628,2
2026-02-03 09:43:53.139126,41.496030351788285,5.676981004363478,174.75699301414912,45.30602498381319,72.06927728641658,2
2026-01-30 17:43:53.139126,31.42357463738467,6.210429559773328,176.00992437125203,38.493625896652006,65.64114240807235,1
2026-01-28 05:43:53.139126,21.128267813740095,6.534209058475262,169.17091834220588,30.758742426716488,63.48279528167391,1
2026-02-05 08:23:53.139126,44.40374614804584,6.070956326509969,170.26444018845896,34.108000349781385,76.53900291695116,2
2026-01-28 22:13:53.139126,30.723843534360764,6.10063569840656,176.4780024799105,33.74340553217326,57.663094718532626,1
2026-02-01 03:33:53.139126,42.92407348903653,5.678750798056531,173.95165590807764,37.82685590219092,84.33795797274213,2
2026-01-28 15:08:53.139126,35.96751588143466,6.491454073844261,176.11746673242706,34.928915704217545,60.14519636832431,1
2026-01-22 04:48:53.139126,24.800560175787172,6.935148469958706,139.22368019250794,36.17147064913571,46.61373833998963,0
2026-02-03 09:58:53.139126,40.25300335439822,6.3003663754003245,198.4077976460959,43.37707581239644,88.92996326604171,2
2026-01-31 22:28:53.139126,43.57060238105599,6.112999397737287,202.16768500918064,31.42225697315682,70.70757683379449,2
2026-01-18 16:53:53.139126,24.412173237473194,6.8819993975819544,145.99442832365958,38.824893060290606,46.325941331169254,0
2026-02-05 04:13:53.139126,40.464183324251394,5.7437370000734065,199.62755996515656,39.991788725280884,74.63719885340355,2
2026-01-21 10:18:53.139126,22.917695181245058,7.274659366126423,128.1689142915796,30.494569667858485,43.46930718019217,0
2026-01-19 17:23:53.139126,28.288123778210313,7.0024184352985115,140.96252945722668,34.7287882083365,48.92576067289036,0
2026-02-04 04:08:53.139126,37.01273501352151,5.871885396832543,201.93148911569082,43.926251906232466,58.90098215783773,2
2026-01-29 13:48:53.139126,30.949229435644085,5.905043100913543,163.5941707857222,46.1291639318386,64.6645396808888,1
2026-01-25 08:28:53.139126,23.1608989147598,6.96812586648918,153.97741474743862,39.877725395392616,43.93621710910451,0
2026-02-02 20:03:53.139126,48.73745899638399,5.798500067312577,208.45403175919517,48.11527420960635,67.29864525784073,2
2026-01-21 12:18:53.139126,18.641946987952103,7.079657310091371,153.58378010032934,35.3155095445002,45.18697702266409,0
2026-01-17 19:28:53.139126,23.842824910547503,7.168582571958183,137.49220655634343,38.07528177263292,50.92155447575415,0
2026-01-31 06:58:53.139126,40.87949816039239,5.829739594248887,168.04277508860707,38.98972242579644,60.03390363647143,1
2026-01-27 20:23:53.139126,33.66473249515315,7.119914762275294,154.45580314188012,32.852953851814924,54.73519627402905,1
2026-02-04 07:08:53.139126,43.92476832104858,5.269453168828788,192.19973775620093,37.11257877370736,68.90185534119648,2
2026-01-17 17:48:53.139126,23.352706798157314,7.089066678922138,150.77489113884516,42.52039297217017,47.93602724322341,0
2026-02-03 12:28:53.139126,41.32361431782935,6.6951139100838715,198.97344374671206,41.67377452065764,64.96015333966155,2
2026-01-24 03:13:53.139126,20.55896221435179,6.931033181118925,155.6367608536017,36.62092028571609,43.587977495965774,0
2026-02-04 12:58:53.139126,43.70216148158825,5.713811056924773,180.51358993477402,44.499328563548914,94.53640913986669,2
2026-01-18 21:48:53.139126,28.044944219069286,6.86042912305114,129.4304800247236,35.09276417733757,46.96991205159054,0
2026-02-04 19:03:53.139126,36.86993444651152,5.590470620417888,171.08644171201675,38.44276205211423,79.85384597648994,2
2026-02-02 01:08:53.139126,50.95436586756187,6.287243827229033,205.1909166026272,43.56090195197586,61.35580195049723,2
2026-01-19 05:13:53.139126,26.3393843366501,7.046787200588754,155.1255983198771,33.99903577784266,47.7319620411263,0
2026-02-03 18:08:53.139126,45.33306123193514,6.248609972110082,207.69946175194988,35.837308041965905,83.0117158138104,2
2026-01-24 19:08:53.139126,19.940246592111162,7.137579558469603,141.95417407835714,29.630096515690486,48.3293833387321,0
2026-02-04 20:08:53.139126,36.78535983580674,5.847500388807963,188.65409358584054,50.83212429716223,69.25505934019739,2
2026-01-31 02:43:53.139126,42.964263722106374,6.694110943452983,180.14286620626368,37.461645604212734,50.10125822792294,1
2026-01-17 08:03:53.139126,26.427854345286136,7.154335886687786,164.07809664020854,37.50115964536033,40.539348770463214,0
2026-01-16 23:28:53.139126,26.609777624368867,7.104677651192399,149.07333692413036,34.59188890705573,43.7402389039951,0
2026-01-16 17:58:53.139126,23.593911338251445,6.779655717120904,159.33520297135314,39.1023819458133,46.25890325262792,0
2026-01-24 08:43:53.139126,24.475106264537626,7.014799037436949,140.04325823199744,32.40060326626912,44.41858963866767,0
2026-01-20 05:08:53.139126,23.163379062410975,7.0545622239537105,135.58000165545167,35.036140756374685,52.54270716836388,0
2026-01-23 10:23:53.139126,22.867500041914916,6.892669081619084,170.04002587015367,38.27931084462113,45.93216278374856,0
2026-01-30 22:43:53.139126,30.710141005901125,6.193370239659245,153.87685609484424,37.03038848810706,44.20770836996966,1
2026-01-16 21:28:53.139126,25.896860881380942,6.865541432517438,138.0417154824868,36.69348163832192,47.85028652077843,0
2026-01-23 13:58:53.139126,21.687183966617518,7.011921471524389,151.6019849474515,38.342482472131046,46.74877409791936,0
2026-02-05 03:08:53.139126,39.37782945399903,5.236331820941759,184.09502279144255,43.72642141607527,76.85828078144648,2
2026-01-20 14:28:53.139126,26.503541592212347,7.399054861797212,159.25409260972762,33.37965980462259,48.601697155054985,0
2026-02-05 16:48:53.139126,46.21898186118272,5.237417376379065,209.4147848164986,47.221795993041646,81.01790223689969,2
2026-02-01 22:48:53.139126,42.1232874673914,5.712984878694773,200.95597182928103,41.68213595173915,64.32287937840984,2
2026-01-29 18:43:53.139126,32.451315410025614,6.560699810752931,133.26923923644807,31.10593810741424,64.0613029957523,1
2026-02-04 01:33:53.139126,42.50222753330337,6.188581402841806,205.08332456892822,43.01550983782657,65.95510872299107,2
2026-01-25 20:03:53.139126,23.74632233992542,6.895932501944437,152.3811835171127,32.72534291923344,42.96195246013709,0
2026-01-27 03:53:53.139126,33.512804914797144,5.91296696655699,167.00460658833532,41.53584155731825,63.61905452136513,1
2026-01-22 17:18:53.139126,22.398786097081327,6.995222356547711,155.93207698545092,33.73088575436532,54.18476283221493,0
2026-02-02 14:13:53.139126,46.917686804636354,5.54898476704571,182.92062643905422,40.93296361286148,79.07362224813147,2
2026-01-23 19:48:53.139126,22.79784087429776,6.914246390270364,149.5804431255517,34.85481552290343,43.705250681597434,0
2026-01-29 10:23:53.139126,27.83902915842293,5.896046977363498,149.23836120101254,38.08020134503617,54.63070635986803,1
2026-01-27 03:38:53.139126,29.355026359672266,6.4978171194185395,167.4960230530917,33.87390436260663,57.76592587382773,1
2026-01-17 02:53:53.139126,23.06700443103699,6.959776777234493,151.1697652409104,34.71572682558528,51.70665210449482,0
2026-01-25 13:18:53.139126,25.881557235000972,7.33335165739552,150.39599644641797,38.65762517216622,48.185321565646056,0
2026-01-18 00:18:53.139126,24.073412085712395,6.965901239121577,153.03294153015463,34.4188585835972,36.86225849676542,0
2026-01-30 21:03:53.139126,37.77830834202307,6.302211694960878,164.392280424165,45.89957157704943,68.46860365070424,1
2026-02-04 07:18:53.139126,42.90228952181593,4.842013509284288,192.965438677977,41.461658375641896,83.30128358414825,2
2026-01-21 13:18:53.139126,26.931764785854067,6.962237202078846,146.91740412064976,34.335962044216835,49.288388657527705,0
2026-01-19 20:08:53.139126,26.306330676272154,6.5277987665596084,144.18910824586231,34.52839231970855,46.27106698996813,0
2026-01-31 12:33:53.139126,35.65655222164696,6.131550797590032,173.68381379228526,44.20296781321257,55.99079098596426,1
2026-01-24 14:28:53.139126,23.623190439283086,7.113523105125076,136.92929931199134,37.93415536936433,43.84958930384168,0
2026-01-20 16:43:53.139126,28.601018096181637,7.176376241154096,163.87277099677402,34.951935935647896,42.905050201913006,0
2026-02-02 16:08:53.139126,48.55739615981867,5.270772208830129,182.46614180404956,45.942843145122964,86.56681127646624,2
2026-01-26 09:53:53.139126,31.029197183874967,7.02196826203868,146.35972786810288,37.22627301923368,35.22324004890822,0
2026-01-27 05:58:53.139126,28.7150948193247,5.773860669947813,164.8552440550188,40.00030009437976,58.93963366449944,1
2026-01-25 09:03:53.139126,28.17022130527294,7.050437884051594,150.3854081101844,36.12318265617119,50.814410860626886,0
2026-01-24 12:13:53.139126,21.72267219033942,6.726920382436738,143.24312259630594,36.858661532228474,43.953251130229035,0
2026-01-29 01:43:53.139126,34.0346250003309,6.230110087754185,150.18712832110583,35.57002344432975,54.582783953060435,1
2026-02-02 20:18:53.139126,36.13307519487167,6.530093329342241,154.15735135441614,47.70028729770587,85.607595112202,2
2026-01-26 16:58:53.139126,27.45497091299254,6.844679203832303,158.4089126955128,27.798915130583044,62.76468281148293,1
2026-01-25 22:43:53.139126,21.49613393933651,7.144690244720771,142.42806479788524,28.905788107956663,51.53972089634742,0
2026-01-29 00:18:53.139126,37.48234170846913,6.197255758705071,160.37252098651533,38.14601878847226,60.241257406833505,1
2026-01-27 16:38:53.139126,31.288021865884527,6.54023379431115,154.22463220717228,41.18494536089853,59.905068581527416,1
2026-01-27 04:53:53.139126,28.526798029654977,5.902262503243707,175.70812108970406,34.40803177626237,57.13521852070529,1
2026-02-02 00:03:53.139126,54.02552548177337,5.671148161111428,210.3936093448958,44.441106442579205,74.10247072884317,2
2026-01-29 02:13:53.139126,28.203274094449853,6.722371982156549,157.30655175284107,33.04795044109557,51.151605604383604,1
2026-02-02 01:43:53.139126,37.998533818108875,5.377763638233149,209.02920962191055,36.01625048924165,73.23121266356912,2
2026-02-05 05:53:53.139126,46.41093533776778,6.923628860168903,183.35659582109292,48.22701316079581,82.80008553158169,2
2026-01-20 01:43:53.139126,25.735637104789873,6.946785951758747,138.09513807854538,24.859589743340894,44.89797275294471,0
2026-02-01 05:28:53.139126,52.18363220548453,5.576078850868619,215.95398109459748,50.179083424627024,73.15784245816062,2
2026-01-19 08:13:53.139126,23.531441730953958,6.987055986441933,135.90673279327729,32.93004458585868,46.143783748142745,0
2026-01-18 05:38:53.139126,25.741660443685234,7.374416794642597,140.8308464086365,38.098359685047235,45.5576362958867,0
2026-01-23 20:08:53.139126,21.207957362602055,6.8934488591562895,148.69687451078565,33.18953103930768,37.5197633091668,0
2026-02-01 13:23:53.139126,42.81822176011558,5.579056671278507,191.333726927774,47.48728032645747,64.50505633079213,2
2026-01-27 08:33:53.139126,34.64443761977852,6.51012226130824,150.85168652877542,41.828413877657276,65.943542247406,1
2026-01-28 03:38:53.139126,39.80412262450223,6.685430440301599,177.93275736379357,32.32854352039354,53.25955246407751,1
2026-02-02 15:23:53.139126,49.58477710906133,6.1781515888251395,175.96509476306133,39.2132360823827,70.08602496258054,2
2026-02-01 09:28:53.139126,49.74732269143617,5.622967647090485,193.79996044594748,35.75052504791225,63.91471086706318,2
2026-01-29 08:28:53.139126,38.786823410948244,6.732369765635112,191.78174692293297,38.237839757954006,55.48292508626074,1
2026-01-30 08:18:53.139126,29.556570951007547,6.186627629933628,158.4755123834746,41.274567906915514,51.13045711660081,1
2026-02-03 21:08:53.139126,49.03350103985937,5.43648229292862,179.9669508269911,30.512964626663457,71.71168850844538,2
2026-01-17 20:38:53.139126,27.29254057529522,7.062905746829159,136.71266181121788,37.13389502002162,44.276395004642154,0
2026-01-21 08:18:53.139126,22.386363366088474,7.242072678346006,154.6256710777264,34.937823524536256,47.2208566583002,0
2026-01-21 21:23:53.139126,20.52011441955142,7.069667684160752,151.70040963795628,34.90584348936805,45.266285833052244,0
2026-01-17 01:13:53.139126,30.71074828997228,6.8178517506379315,169.6295675771558,38.436831880884334,41.83594073569932,0
2026-01-23 10:48:53.139126,23.857054983937065,6.929147461057797,157.82126478501655,32.94296302567018,43.17555453325324,0
2026-02-03 00:53:53.139126,46.66577839688259,5.068284027960543,200.16456779269836,48.662611180236034,69.41554666839897,2
2026-01-31 17:58:53.139126,42.103438639598956,5.920125041868939,186.0437743080745,41.610116280878024,77.6900618475073,2
2026-01-21 06:18:53.139126,19.04116423894953,7.135732280797984,154.48191015560732,34.47057261124177,41.53213090425922,0
2026-01-31 00:58:53.139126,35.95779835836844,6.011091890616306,167.96755813941937,35.10281939700889,50.55750202346819,1
2026-01-18 12:58:53.139126,25.88379248055889,7.189205035664328,147.31416104142565,34.6385307271082,50.18392266251744,0
2026-01-29 09:58:53.139126,28.293265922417678,6.581736136368917,140.04870991286813,38.70453571918135,66.45402962521682,1
2026-01-28 13:38:53.139126,25.459012631794707,6.232448369264384,171.93017298563765,34.394433123232105,50.597845759192886,1
2026-01-16 11:23:53.139126,26.460533345756012,7.194958864498859,145.2559206913425,31.464203609050838,43.26779674744472,0
2026-02-02 15:08:53.139126,56.19272820626175,6.259829454881256,176.6673483911498,39.450683539330136,75.79734917859221,2
2026-02-02 11:13:53.139126,45.55077193674838,6.352536935081079,206.82001978877494,41.975681241537494,87.30722575700369,2
2026-02-03 13:38:53.139126,47.17721854914216,5.57516676167688,198.65429209095203,41.294818213441445,65.78289878024759,2
2026-02-01 15:48:53.139126,47.165553373690834,5.704731236124395,184.43186450323856,38.89319027902979,62.491742797014105,2
2026-02-03 07:18:53.139126,47.0033647834936,6.4956773715925005,162.4554489080695,32.01752457075258,78.06622571967428,2
2026-01-29 11:18:53.139126,34.52677885802517,6.828124572554008,170.70020156383498,37.56022800771687,59.00171255403407,1
2026-01-19 09:53:53.139126,28.68355421930976,7.234188104510203,139.95709987888205,31.565704840734796,45.641633749828685,0
2026-01-24 07:33:53.139126,26.185054430228345,7.066193040885417,150.3173575878068,34.30602411724813,49.208977684182386,0
2026-01-29 15:08:53.139126,28.60077247645293,6.865360096914631,180.5199985549794,47.615765938422875,53.71815280971558,1
2026-01-29 10:28:53.139126,25.30003557365044,6.618569183346042,155.72218344500263,39.443057495753116,58.36496449924808,1
2026-01-25 07:23:53.139126,18.7986032713716,6.567751994656501,158.82011804172316,38.403776159409766,45.54890656426352,0
2026-01-27 07:23:53.139126,32.46435910802668,6.342733054717173,174.13311974890914,34.62247793835224,52.56606617352191,1
2026-02-02 05:23:53.139126,38.85584911702246,5.949990580679518,179.28328575205958,36.24298988494238,70.29851798679995,2
2026-01-26 05:03:53.139126,23.16089723946127,6.996267954404645,157.44969862229684,30.306846687035204,51.897992045793565,0
2026-01-19 20:53:53.139126,20.823796425868178,6.845967345496788,145.98046543817722,39.198766220746215,43.6191548231757,0
2026-01-28 09:28:53.139126,32.916277279042504,6.701217385496594,178.6694668650768,38.529050494957794,61.649024470491035,1
2026-01-28 09:53:53.139126,32.31817085546757,6.538950960044436,145.4404576209867,34.0204962476514,50.89588446437276,1
2026-02-01 05:18:53.139126,56.594546104248614,5.750628036634877,176.24999173548406,47.40809996447994,72.28467875803166,2
2026-01-21 00:53:53.139126,20.85641422120609,6.737641944199361,163.46033504422505,31.447454266125547,41.90991916873846,0
2026-01-25 17:23:53.139126,24.12437966807813,6.769067927394247,144.51665684727982,38.0233408655118,48.56227765126648,0
2026-01-22 07:23:53.139126,22.952430852077352,6.841939788421284,137.78556089169368,30.431554499816347,40.0883997883175,0
2026-01-31 15:53:53.139126,36.94509926403589,6.339640674560852,170.03278499165964,36.9966465448686,71.10188404935427,1
2026-01-22 15:53:53.139126,20.764652604592715,6.890183265607941,129.4765567118471,36.545960118079826,44.41760067312954,0
2026-02-04 18:18:53.139126,35.01475755416897,5.632892625142229,219.98887549896637,42.35651280839328,77.15671789101283,2
2026-02-04 17:18:53.139126,48.47948030730802,5.19237876222192,188.50961349266927,38.321445589995115,66.42248853247152,2
2026-01-17 13:13:53.139126,25.182434041241105,6.909543653662643,146.46607963125993,34.03395674151632,48.66071673272018,0
2026-01-20 07:48:53.139126,18.298505153147218,7.2131341540171965,156.0519459451358,35.53055521340702,42.430212124925056,0
2026-02-01 21:43:53.139126,35.186201413781504,5.369838531724907,220.81436745709465,38.360153531965445,83.44476045578367,2
2026-02-05 01:23:53.139126,50.11790279491902,6.087294242482889,214.85094827343764,35.162274210603776,73.76574072506719,2
2026-01-18 01:33:53.139126,27.19135475040061,6.460577731854732,155.86211366535474,33.64774835351953,51.16664168290304,0
2026-01-17 18:23:53.139126,25.924720678040146,6.642295683561378,177.2465668230452,36.99767898091814,36.57068510586901,0
2026-02-05 08:58:53.139126,54.46435052892594,5.41310208318749,196.94129159806957,34.895851207776886,61.70498556594443,2
2026-01-16 14:23:53.139126,26.93664043834184,6.910225260744643,137.58555147041366,40.83765888010446,44.00426018570134,0
2026-01-20 07:33:53.139126,27.812672999562537,7.050879039878142,158.3794577601068,34.82899412410829,49.48236708024639,0
2026-02-03 11:58:53.139126,40.73053450761549,5.631646587332128,200.57688227988316,45.33717013473291,71.12597854605555,2
2026-01-19 21:58:53.139126,26.078052069188033,7.37601267873605,140.56494684320037,37.081017551545365,49.5099024700108,0
2026-01-23 13:03:53.139126,24.78523540051311,7.181369747054911,149.68153883057292,34.98558410319835,46.63425994062462,0
2026-01-18 04:58:53.139126,29.437553761584308,6.944461710658999,154.91243303392133,35.531218415642094,55.80728730398947,0
2026-01-29 06:03:53.139126,29.49619742288568,6.744969686867072,146.6710690074781,40.04448905923008,55.86906720912734,1
2026-01-25 01:08:53.139126,25.77146160279351,6.887118329100842,146.44963606779896,29.833518926271008,40.22935336845292,0
2026-01-17 19:58:53.139126,29.5619297622062,6.756592295935863,133.90579444483342,39.170156258552595,45.6702496927939,0
2026-01-24 22:23:53.139126,22.676250183117766,7.425727278267635,131.482555068095,37.54038992645515,44.66878639919534,0
2026-01-31 15:58:53.139126,27.64310395800961,6.204682696671928,166.3228969037102,37.18222279204244,56.791558311567115,1
2026-02-03 05:38:53.139126,33.202490063042134,5.40548034656673,204.01426740856311,35.59867729690976,75.5394071584997,2
2026-01-24 15:48:53.139126,21.380591467820633,7.237388036319275,142.95852668712666,34.852736196354776,39.03575737824202,0
2026-01-18 14:38:53.139126,31.988913625824622,6.733672068773888,150.7038375487207,33.692375370730055,39.84618867909864,0
2026-01-19 21:03:53.139126,24.149998779802456,6.990960393497716,150.97090290979722,35.29469638212698,42.39277283217924,0
2026-01-19 15:58:53.139126,23.62391384032526,7.090238490571523,149.13923978103207,36.9790012984989,43.24400687640008,0
2026-01-20 19:38:53.139126,23.791279194557408,6.99681842480308,150.90073669474984,40.16529071326292,37.1354929721097,0
2026-01-27 09:53:53.139126,34.10765694955915,6.669604023180743,146.3399027412059,40.439346150101365,51.128649520238355,1
2026-01-25 20:53:53.139126,28.888065500782538,7.1678151915904005,152.1181094592186,36.098916287564656,38.78335572614939,0
2026-01-27 21:43:53.139126,31.62318470231229,6.67940187776866,164.5282325700682,38.60625184001199,64.67983656466225,1
2026-02-01 19:28:53.139126,49.55893293735739,5.2828145072386326,191.70634303368513,40.001558257174445,73.46684322964929,2
2026-02-01 21:13:53.139126,42.68398752728812,5.532206121912364,236.40155877640387,45.27160660689181,78.60226643187212,2
2026-01-26 03:33:53.139126,22.153819209732717,6.800857924271667,158.02753558063156,35.438614538391235,46.81579353676449,0
2026-01-27 22:28:53.139126,40.60129547203337,7.038318740758552,166.8027662463217,48.66243802844296,57.78497076680419,1
2026-01-26 08:58:53.139126,32.86709150416608,7.019798881727642,165.73665572079773,38.905468889710555,50.07779120903276,0
2026-02-01 14:28:53.139126,44.80847373366504,6.390671979668858,175.392216429508,46.378606937421154,75.35513420187205,2
2026-01-17 06:33:53.139126,21.033799486249553,6.614112550364176,144.86304956122166,33.4756860041948,46.654351620511655,0
2026-02-03 08:38:53.139126,44.91322716126739,5.643154191512079,205.81812994308166,39.728094908775965,84.97280180118437,2
2026-01-22 22:13:53.139126,24.520928611953067,6.697451330585155,166.03021800941903,32.40603730908984,47.91123098149651,0
2026-01-28 10:58:53.139126,23.94409217001271,6.544942826899699,161.66315569772271,39.96896767284211,50.03261180354566,1
2026-01-21 12:38:53.139126,22.845979543486802,7.25544815296366,142.91422351155964,34.106167884921575,54.964511124937,0
2026-01-22 03:23:53.139126,33.56083928414898,7.265939711604429,133.30152771203456,36.14367772488191,52.45661438801044,0
2026-01-31 06:03:53.139126,35.36231675140143,6.411169280579102,141.76792385460385,39.153819859324265,54.681515803854104,1
2026-01-24 13:48:53.139126,25.12046556889325,7.118838447636089,153.3392402733808,39.16930408672927,42.27932528305618,0
2026-01-23 02:43:53.139126,20.80026806770738,7.194537483172308,152.316944813018,37.376575885737914,41.1230559957697,0
2026-01-26 20:33:53.139126,26.1257972594663,6.8413127790103,167.04952886236373,44.55423792341241,53.90018903216882,1
2026-01-18 14:53:53.139126,26.93153387029643,6.816371715658584,156.3604928559706,34.65154353027964,36.7421538938094,0
2026-01-18 18:18:53.139126,28.19581330485533,6.996977832074244,160.5023703379182,38.91911606312245,47.70333792460524,0
2026-01-17 02:23:53.139126,23.551520111533616,6.793168760241574,153.7782646058788,32.21823832797327,47.630861546379265,0
2026-01-17 04:08:53.139126,21.702762907798782,7.073102897266343,144.48773196731793,37.491378507860055,45.83668637018282,0
2026-02-03 04:43:53.139126,55.70919787341495,4.4073235806795825,210.32316242864786,39.670416795938486,72.88830711224253,2
2026-02-01 07:33:53.139126,44.263664114075425,5.759052385608064,187.5595901219604,40.23891878470889,84.79860103110462,2
2026-02-03 23:28:53.139126,38.80358643506094,6.743312260691879,196.72516045858808,50.57249994219119,59.23802979938386,2
2026-01-22 02:43:53.139126,19.336024994770852,6.919419752141729,161.97839589857108,33.65950455410737,50.75190145429928,0
2026-01-31 09:58:53.139126,27.768308883449542,6.175283613000413,154.05737257965927,41.24189653093996,56.44033102981681,1
2026-02-02 18:18:53.139126,42.58156323602969,4.714329585597192,198.57021652101633,36.08642934132273,78.36732880924454,2
2026-01-21 05:08:53.139126,20.97833941289191,7.345621422205642,140.98569591276092,34.27561993064591,44.212325232571025,0
2026-01-16 08:28:53.139126,25.60403846804674,6.898998904925251,150.72695485776805,35.387773474424684,43.522772901656154,0
2026-01-21 13:03:53.139126,27.382862763331133,7.04559239538597,158.3635671101324,36.45029597248888,50.38751588173035,0
2026-01-18 13:48:53.139126,22.111107415626837,7.243840022399561,160.17917301843502,40.1500386222373,41.91292343813135,0
2026-01-28 23:43:53.139126,34.2957474073602,6.516493556027243,172.46157783327035,35.29617764488748,59.242226377957145,1
2026-01-19 15:33:53.139126,25.939431470820768,7.098929524087287,151.19054229760434,39.096082657675105,44.76460683358418,0
2026-01-20 18:38:53.139126,27.508472634568896,6.776718155745591,141.65704152417447,32.431014340912476,47.980658650970334,0
2026-02-02 11:03:53.139126,45.50439768646565,6.256008007893096,200.73597686570048,45.18912043647141,92.39170390872796,2
2026-01-27 01:43:53.139126,27.769421824083555,6.691935422459362,159.65735051881197,34.84524250996357,65.11338221927296,1
2026-01-18 15:58:53.139126,25.644024445728512,6.883128471565545,156.67717444037328,36.57549437008506,47.44859989257336,0
2026-02-03 20:33:53.139126,48.95263752084074,5.877207118165241,181.2692478477356,54.579710603705806,84.66794601506656,2
2026-01-24 13:13:53.139126,21.985890663599726,7.107800560578885,154.35502158840995,27.664090372871918,45.98523049906671,0
2026-02-05 06:08:53.139126,45.791748631415864,5.421744849241285,162.06713895295275,38.947831876307625,72.17982944807707,2
2026-02-04 10:43:53.139126,35.667915963684614,5.04758608944766,207.38903920795477,41.63230137029274,81.95013099667649,2
2026-01-20 09:28:53.139126,22.958039670278396,6.522248034577057,159.81079158569392,33.52546326230005,42.83484601564628,0
2026-01-23 22:48:53.139126,24.679998976061533,7.288962715327822,166.48080279442667,36.6157656917949,45.815699290823034,0
2026-02-04 03:08:53.139126,45.69377381494458,5.85053579960212,199.28997062932612,40.01454946031408,78.13603767329619,2
2026-01-31 07:28:53.139126,36.11533884110238,6.466485564984383,179.2688522895197,34.99753547348615,50.756309148866464,1
2026-01-29 19:43:53.139126,33.23819758854132,6.370060205717103,166.55619820358004,31.594236802537537,63.55215344996994,1
2026-02-04 03:53:53.139126,45.01047259696528,6.374486971763802,219.78991389389594,41.8450890790062,87.44197122305496,2
2026-01-19 12:03:53.139126,23.948411800111067,6.784514918173016,134.7282459161529,36.08190541389319,38.499749555891356,0
2026-02-01 03:48:53.139126,48.30992803536683,6.180533348392431,215.02555915449108,38.61811628467058,65.46269929534677,2
2026-02-02 20:13:53.139126,51.358341892381155,5.994132374820332,181.1432133112496,46.17556310182437,81.86281451770259,2
2026-01-23 03:03:53.139126,29.315726311008884,7.16711837109143,150.27862633075617,32.84414373746616,43.03800956756075,0
2026-01-28 07:53:53.139126,27.02376167548812,6.280684036185889,169.93286564542288,38.667005742044786,56.81928510204848,1
2026-02-03 10:38:53.139126,37.211047044617224,5.7895351770809595,212.78290787799014,42.506497140699246,81.94737889935318,2
2026-01-17 07:13:53.139126,25.25232682380223,7.059969078483284,155.81301623575024,34.4239835743154,43.2837540681139,0
2026-02-02 11:08:53.139126,45.741462137610135,5.7043596861188695,157.81056023164192,43.12542801600971,78.33437215016014,2
2026-01-19 06:28:53.139126,30.7063326528336,7.205963190582043,151.05381652267937,40.05770559657239,45.21824692407286,0
2026-01-24 13:33:53.139126,22.286578082750168,6.647891861379319,162.42835787136462,30.36616946817264,38.33253458192969,0
2026-01-16 06:28:53.139126,23.484268559124395,6.72429927290918,166.20064109545646,36.82304593553036,57.76335319839478,0
2026-01-30 06:33:53.139126,31.591236280392884,6.27752816688401,160.45022572734288,41.87201268018441,51.76227511372406,1
2026-02-03 03:28:53.139126,48.09072477193245,5.664368541546911,208.64613543144097,49.866360687412644,69.73577152539531,2
2026-01-17 15:28:53.139126,18.98738435086576,7.034105694772307,145.16496566995247,38.438563413488794,43.8376623856061,0
2026-01-28 13:53:53.139126,32.71895462291102,6.231796781336639,134.77696902367026,34.3875911458012,63.25617372932032,1
2026-01-26 23:23:53.139126,34.74664528399682,6.528485439423258,128.05106194610408,40.946534967642854,64.21077977363923,1
2026-01-24 17:43:53.139126,21.88447149478641,6.668887064722996,154.7293234522227,33.75346970678344,45.82421818420362,0
2026-02-04 22:13:53.139126,51.24071024831177,5.631787227569355,208.04378021650064,48.08076490507109,71.82554954146202,2
2026-01-22 16:18:53.139126,22.892939846791833,6.857381359697333,146.36296479421333,37.88639104992711,50.488100643023195,0
2026-01-26 13:58:53.139126,31.751743985121653,6.402948903023611,165.28903097171786,39.843132809003734,53.73681406628897,1
2026-01-20 08:13:53.139126,26.49622573541679,6.747683757746299,165.57121368207473,37.675144799035465,49.75834669185672,0
2026-01-29 09:43:53.139126,32.46973592853181,6.572544169505189,159.76109160554176,31.65448119217015,64.89901053254121,1
2026-01-23 23:33:53.139126,21.842727968283576,6.882750362304476,143.950112136333,36.934518107126955,39.88951488468893,0
2026-01-19 18:28:53.139126,22.50887257083595,6.711212115759845,158.5812861698534,35.74233926372618,45.13484862427735,0
2026-01-19 01:13:53.139126,24.02499757727675,7.356040711252705,170.59421817588955,35.95589586716435,46.995170319184375,0
2026-01-29 14:53:53.139126,33.585374655371226,6.590512683832569,150.1456892645754,35.350749334968974,69.10025393046546,1
2026-02-05 09:43:53.139126,49.19020652668661,5.705609029121891,179.58217365729496,43.982162628409384,76.51185584112943,2
2026-01-29 13:38:53.139126,30.888066684965466,7.185860939471275,156.6875714646511,44.635616282052524,69.73117375606414,1
2026-01-25 15:03:53.139126,21.292723642037615,7.19594783188608,147.25556555996098,40.622851403009484,46.860934840652355,0
2026-02-04 13:43:53.139126,32.395920335632034,5.296941442369593,197.07491732365165,47.98677826771176,74.19211610230809,2
2026-01-30 23:13:53.139126,35.0315507301934,6.4217283053499505,171.74665537564786,39.64299095254292,59.850468749421154,1
2026-01-20 17:13:53.139126,23.736451885890112,7.005185514807334,146.09035645792895,38.6299140453089,42.51186118402783,0
2026-01-26 02:03:53.139126,19.617683995048505,7.006843098436021,159.67044559026687,30.152410385932285,53.0914037656393,0
2026-02-01 04:23:53.139126,48.06557903379977,5.2968096695401545,178.92416948341938,37.49509316564955,74.8252287306173,2
2026-01-18 19:13:53.139126,29.1566596023497,6.806952816805878,164.64824139237612,42.279250156963336,48.241905149924804,0
2026-02-04 19:33:53.139126,43.147539283579825,5.580066436204408,186.8664959752428,49.61024337179958,76.38573644381536,2
2026-01-16 17:48:53.139126,27.19460810914872,7.1963698100866855,144.23712977880172,31.601389289770975,44.78383329451314,0
2026-01-26 23:18:53.139126,30.446772666853278,6.46436636177312,168.53308086773532,43.618701744155224,58.71837802706208,1
2026-01-30 08:03:53.139126,28.084173876841785,6.801198848243241,170.83431224858404,37.332250386250784,59.07777390431263,1
2026-01-20 05:58:53.139126,24.17788819629611,6.938286081503014,146.50190208656605,37.20366496708319,43.09910126117105,0
2026-01-28 18:33:53.139126,34.584847968436726,6.645510348593126,170.15564573374178,39.73949867208052,62.00601535352948,1
2026-01-18 15:43:53.139126,23.32466591525493,7.152124600392391,144.46905986608618,32.14722159483586,41.96598842680703,0
2026-01-22 11:28:53.139126,24.189342658706593,7.125860840660713,140.356681581195,39.554473253185215,45.975530595094966,0
2026-01-23 23:53:53.139126,26.66313744008168,7.145837362562023,143.00208620065476,37.17729468067192,46.1329847835136,0
2026-01-29 06:38:53.139126,29.177689628642497,6.794376568639731,164.42377810655057,42.36961149454725,56.41752630821751,1
2026-01-17 18:58:53.139126,17.890251743492982,7.109182755057196,164.1593312170041,37.896883862706694,45.46614979651075,0
2026-01-20 03:28:53.139126,29.382586832213697,7.492602640845175,159.95232908413743,34.776066683852335,44.40483668579458,0
2026-01-17 16:13:53.139126,23.85918378258484,7.140781324333759,162.9455748059752,31.06555245412262,44.567180071797054,0
2026-01-24 02:03:53.139126,23.721249544530153,6.844415458927629,153.0570923538073,36.76901389030705,41.15405434301348,0
2026-02-01 01:23:53.139126,39.1800800567139,5.786446398045736,204.46524951934194,39.01154213333278,81.84978916315207,2
2026-01-16 05:03:53.139126,22.34496065517469,7.161666126333322,149.9083114436673,38.655523270714525,47.1075124637066,0
2026-01-18 20:18:53.139126,25.817898736864226,6.740909780888769,130.09654146109816,38.95512087659441,39.44522891955084,0
2026-02-02 19:23:53.139126,38.124045578057725,6.092797772505925,179.28126985715653,42.34667745783758,66.82430785917987,2
2026-01-22 22:18:53.139126,27.046665803077396,7.096332112598009,153.71698944844007,32.80503067874057,35.38752098315428,0
2026-01-19 22:58:53.139126,26.57195875613381,6.99091334395361,144.6437899938448,31.13452549654377,47.166826228755255,0
2026-01-16 10:53:53.139126,29.475456414631836,6.998987338429924,157.37571852155764,37.87613120058779,48.98411677665311,0
2026-01-29 21:23:53.139126,35.88903476487973,5.997786918842027,161.04037209831546,36.318659747474605,63.2225728073536,1
2026-01-26 13:33:53.139126,36.138305783608516,6.663233667943168,182.33277482388647,38.07297269502814,54.05037865012751,1
2026-01-27 02:28:53.139126,27.227794999779206,6.461535345012098,175.2804074827498,36.558702076084025,52.43068249295681,1
2026-02-01 12:13:53.139126,51.387325500027025,5.80497632947493,162.62054998375123,39.09096517931194,69.29382138384017,2
2026-01-22 06:03:53.139126,24.484986522778406,7.272407835841874,162.9197894907218,35.62915480490836,45.83820630267342,0
2026-01-22 18:28:53.139126,27.89762509620053,6.915341138158908,141.15119726867556,38.41623177397173,47.217796869881035,0
2026-01-29 03:28:53.139126,32.95811880786891,6.399215194844109,172.51540925300557,34.3245024575702,53.84735890176342,1
2026-01-31 20:58:53.139126,47.370897144574144,6.085668509239153,199.56274732684744,44.19289830684276,88.10689964420591,2
2026-01-19 02:18:53.139126,23.79742198995445,7.040407358414329,148.90200353020018,30.7262563032483,48.40862220020757,0
2026-01-21 07:38:53.139126,24.476330612585727,7.207915654807993,159.1459800950832,32.876172973653006,40.95614353569099,0
2026-01-19 05:48:53.139126,24.892061155579306,7.0742401351400686,150.10179023149237,35.5031522948958,48.09309877758791,0
2026-02-02 15:48:53.139126,39.1472506877023,5.829569151701636,211.2344775609418,50.562815287039584,83.77049094331224,2
2026-01-16 11:38:53.139126,24.774029550804855,7.146564826443542,157.2456841920472,34.636445365588635,48.803906089169125,0
2026-02-03 17:53:53.139126,44.943835661831436,6.514335868534377,172.27510140365212,36.16773794710344,76.15975787941902,2
2026-02-05 11:53:53.139126,54.593272635418955,6.186056514596267,223.29542700689484,39.001607500617595,80.45744836228307,2
2026-02-02 14:03:53.139126,44.51229380175622,6.263457001530728,187.36179530841494,42.482396178389976,70.41609023117357,2
2026-01-31 08:58:53.139126,31.96291896682986,6.329058799825613,149.66839689379898,42.27881899311766,47.39187936617387,1
2026-01-22 19:03:53.139126,21.52424162764201,6.928276343781071,145.79659220890983,33.70054105845396,43.17327040858673,0
2026-01-23 12:18:53.139126,30.319409459147884,7.1127047293174135,138.56264970299435,35.11968661389923,47.5192007862229,0
2026-01-28 08:18:53.139126,33.77459908804506,6.625828892023683,169.64237462924865,36.05842392455362,58.81307373234901,1
2026-02-05 10:58:53.139126,44.37533170832437,5.760820455352843,174.52861548991484,44.09631765665448,80.46303890877421,2
2026-02-01 06:03:53.139126,47.463139788115775,5.8721987414541035,191.00759465321252,50.92283091817098,74.97191142661406,2
2026-01-28 20:28:53.139126,36.43498910404761,6.448110726437044,168.88272445143767,39.013407146215286,62.65334508824146,1
2026-01-31 08:38:53.139126,30.634433713069072,6.474095684000167,172.47211965801142,41.40725330236593,60.164174751591986,1
2026-01-26 16:18:53.139126,30.936869349495332,6.28695449871674,172.86556417356732,35.0540898765567,52.41092431256933,1
2026-02-04 08:43:53.139126,50.92945361488656,5.995511748158554,188.05528984832628,42.42140849148653,92.09644496803311,2
2026-02-03 00:33:53.139126,45.06975795384401,6.075947669970585,202.47930962240355,47.05448264820033,73.04218055970692,2
2026-02-04 16:23:53.139126,57.120695880032294,6.250203057335104,232.67377618097754,40.29808955024973,74.79656579475565,2
2026-01-29 14:23:53.139126,37.911763175686154,6.485157606055208,165.37997073341418,35.57988283737152,54.020059182728254,1
2026-01-19 21:43:53.139126,21.334844863851178,7.130637186930111,160.3878876008803,33.30319336781962,42.87140316128134,0
2026-01-19 23:58:53.139126,27.962143278688977,7.146648508545239,156.17783007783316,38.27528553244993,47.41427827744716,0
2026-01-24 20:13:53.139126,16.584779244739817,7.26389053084482,145.62050079559495,33.867189522552685,44.91462163539186,0
2026-01-23 18:43:53.139126,22.205919608470005,7.089332149515107,146.84441482393524,35.988161986129796,41.75822263449721,0
2026-01-18 21:58:53.139126,22.10252265452088,6.969516029090002,153.05562835348834,38.80928064980098,46.808779385000314,0
2026-01-30 20:53:53.139126,35.4469902903621,6.785262636226454,175.53224883640593,34.62744865402157,63.20655906573036,1
2026-01-27 11:23:53.139126,28.118628731866696,6.565999739745234,152.46110895524293,44.63233299778717,49.04267079728785,1
2026-02-05 14:48:53.139126,49.636910860917844,5.479870009831721,186.11278630166032,48.03350122195974,74.16482935381167,2
2026-01-31 04:28:53.139126,27.711295800000688,6.138241678329889,165.6526275379569,41.74792979442769,57.67226433493807,1
2026-02-05 09:38:53.139126,44.82063844936457,5.578752032512899,215.88785512947874,39.51531656740779,81.5758045036773,2
2026-02-04 05:08:53.139126,35.87422406949344,5.294777424261178,176.77516553315075,36.40893759557955,75.61207770772504,2
2026-02-04 17:38:53.139126,45.18387728135105,5.886997358918875,190.6041012950364,43.28500932909119,61.067171029152476,2
2026-01-29 19:13:53.139126,36.6655452180233,6.542862464077418,162.34590087226877,32.367808505032194,59.33027209197528,1
2026-02-02 14:28:53.139126,45.5766317053515,5.027698774964004,206.38217804946044,39.44200138342437,77.84710266327257,2
2026-01-24 22:28:53.139126,24.58699009747868,7.098429501682735,148.57878480302418,37.366827039905466,33.18952957243514,0
2026-01-22 06:18:53.139126,19.6874560138494,7.0655054515749764,154.06493657533267,39.849782692350935,44.181969676509496,0
2026-01-25 23:43:53.139126,23.5399910177699,6.991410995339379,148.41728443218827,39.821691945672285,46.167492001933766,0
2026-02-05 05:48:53.139126,46.648789047352224,5.06649597900623,180.0156697184221,43.93654425573661,66.82427793313691,2
2026-01-22 05:38:53.139126,23.68115165833019,7.219330258735261,165.69255062088953,36.15179723991875,43.11376024165926,0
2026-01-29 15:18:53.139126,28.851180499589333,6.2907563554981225,173.55174560941725,36.359163143491685,65.33561717236945,1
2026-02-04 15:33:53.139126,47.998296938953956,5.710644589929711,199.08447617539952,45.745031880091375,89.90152195667177,2
2026-01-22 04:53:53.139126,30.546421171947728,7.057883062164134,146.41015267835706,39.15796585325666,38.829116938234705,0
2026-01-24 06:03:53.139126,22.24245249830227,7.255443525756852,148.28877166912824,35.38397879963065,49.2161684178795,0
2026-01-26 12:13:53.139126,27.621564894645676,7.1400741998842605,155.78141618300234,32.95045650832448,47.957489245067634,0
2026-01-21 15:28:53.139126,25.784075326855078,6.852484231371031,155.8019924539083,33.72763614099572,48.37974307877076,0
2026-02-05 19:43:53.139126,38.14069188852631,6.1112001618285845,185.61029915370548,43.830822875999885,75.98590934917118,2
2026-01-27 09:33:53.139126,29.761065986273294,6.582542031814417,159.93823787848592,43.24636971919955,59.081770246307144,1
2026-01-18 23:38:53.139126,25.39808705522554,7.204795018170234,159.8514502412525,41.03541504103774,44.664153720621286,0
2026-02-05 11:13:53.139126,43.76882766302977,6.006811697618133,212.14887934874656,43.72594878882474,73.80185844967995,2
2026-01-22 13:23:53.139126,26.813912421162517,6.870389729510625,162.2276258416946,41.16029238868889,40.33485378171337,0
2026-01-17 15:03:53.139126,25.52424070372363,6.870588589956529,143.5209151311069,32.511361205812854,45.81746565546807,0
2026-01-18 06:48:53.139126,24.13550401567873,6.959968019385128,146.05164906467493,37.67558889934708,40.1859018283603,0
2026-02-05 20:43:53.139126,47.092810800642646,5.690831604317114,194.74018827315257,41.72128727605939,84.34666181333039,2
2026-01-26 02:28:53.139126,14.755305618628217,6.800823037400063,141.0283147856694,32.50171499216623,48.33440147118598,0
2026-01-19 07:38:53.139126,23.083600655620145,6.886674677119505,151.71532338316214,32.163627989905464,55.97287366243012,0
2026-01-30 09:58:53.139126,27.515223023748373,6.1375260328140255,161.5254387478005,39.45616179528698,48.827777192976384,1
2026-02-02 00:43:53.139126,45.30889820527898,6.561818300807901,188.32521333574536,33.91404460704254,76.50743086992101,2
2026-02-05 00:33:53.139126,42.410247086786406,5.907250820710292,203.67475820950756,41.33310670838774,72.53001307461096,2
2026-01-26 01:18:53.139126,23.17916018968438,6.501796062454406,160.94945981671225,32.224712540605466,49.18544330723137,0
2026-02-05 18:28:53.139126,52.33026974184009,4.407920315077994,221.28371907963867,37.283039962483485,73.94762531365699,2
2026-01-20 04:18:53.139126,22.643472706020816,7.183423898148108,142.1576661382707,34.565932199145294,40.15178168045647,0
2026-01-27 18:33:53.139126,35.43830306902968,7.216621929201747,155.06047292027202,46.762456196833945,51.935067011483724,1
2026-01-27 04:58:53.139126,21.587424721303893,6.036129039131852,165.9691235619178,36.56687960616942,62.37941949520043,1
2026-01-19 09:13:53.139126,19.650038019640963,6.807159147342466,162.602345120971,32.43352390766524,43.769525883989246,0
2026-02-01 15:58:53.139126,39.99913703536133,5.661139160235839,217.27860756418048,44.221007451676144,87.7005463653886,2
2026-01-24 01:13:53.139126,30.945479018078373,7.422884398633528,147.33780675842672,34.49138248627977,40.60514157820563,0
2026-01-16 03:33:53.139126,27.10027960469072,7.252521840931374,158.0590265638127,31.858501705727104,45.197215198704086,0
2026-01-19 23:38:53.139126,27.78368895337738,6.7563421790953715,157.1217815090185,36.06607660941819,43.62459995881857,0
2026-01-31 06:18:53.139126,14.055128301536461,6.7417976933598425,156.1262354033899,37.89483230652131,56.25719385111791,1
2026-01-28 19:08:53.139126,36.640858653724784,6.330843253170286,162.20869255851647,38.419420783179326,55.98328562199314,1
2026-02-04 21:08:53.139126,38.51572447811442,6.372451583247579,197.30944311300894,45.40130213365319,83.95515470591464,2
2026-01-18 08:03:53.139126,21.342356902031135,7.263271318174607,145.0038185612176,33.00705834674514,50.22457251110579,0
2026-01-25 02:18:53.139126,27.871820114872417,6.621335197259517,157.4061040165685,36.17533475553389,41.57022693141581,0
2026-02-01 10:48:53.139126,48.80445143781238,5.605019741472503,189.90014066844367,41.73505733715805,82.11112657920717,2
2026-01-25 09:43:53.139126,28.31354846254523,6.979933407405482,154.0900500563559,34.0793742090705,43.40691087637912,0
2026-01-31 00:13:53.139126,33.82837514763388,6.353577586071372,176.32908972389623,42.4626479977118,65.92271440202887,1
2026-02-02 17:48:53.139126,47.623097463104166,5.274461776152808,196.1699191842299,42.949818533754055,81.69704374846941,2
2026-02-04 03:48:53.139126,38.15290599750918,6.258703083210189,221.4655666251931,40.5694052108312,79.43129937142892,2
2026-01-26 06:03:53.139126,27.821685952643325,6.802523528780009,157.27279651067334,38.36302180545524,41.68346798841818,0
2026-01-24 21:48:53.139126,25.299987076995016,6.800876857419074,147.60994876177574,28.60355565192436,37.899374863645626,0
2026-02-01 15:38:53.139126,62.908049357765705,6.462936356609719,163.1463433631198,40.053052248881265,70.74099627244975,2
2026-01-23 23:13:53.139126,22.70841628001826,6.942140280786392,158.39502580898628,29.035179496114672,42.05018459000771,0
2026-01-18 08:58:53.139126,26.874798642871845,7.3331952435611045,143.96354919860764,32.35591948099884,42.52424191560934,0
2026-01-17 14:18:53.139126,26.396732323713934,6.699019302804325,160.5389136920495,31.872612216340134,40.744371481764865,0
2026-01-29 03:03:53.139126,35.6702062018545,6.576293765674958,168.24834027696588,42.65976552818474,58.172686495113254,1
2026-01-27 14:48:53.139126,28.981044850053955,6.6352613810712056,178.34818934580434,33.277217910901996,53.87824894873779,1
2026-01-24 20:18:53.139126,26.11441601809336,6.95380756513351,144.27696338721972,35.486445252830165,47.48270525620558,0
2026-01-30 00:48:53.139126,35.345890232672886,6.854305589580591,167.98626936450478,41.1091157743935,56.03294879172575,1
2026-01-27 02:03:53.139126,30.169737342087572,6.523026669921235,184.02340040324086,43.427882642182105,61.840770372790985,1
2026-01-28 14:58:53.139126,25.10640352372638,6.296073249835429,164.52921060697994,28.82199253926879,59.49224416458139,1
2026-01-19 00:23:53.139126,25.397269261301588,7.043382768846951,149.77607870321773,40.00149197482189,42.14162438950172,0
2026-01-19 21:08:53.139126,28.98065527920559,7.149937303377689,162.24105396084917,37.29677763108465,39.29083790185514,0
2026-01-22 02:33:53.139126,25.904151962152977,7.089957922969803,158.54401963381892,32.869315761040404,43.14429099712842,0
2026-02-05 06:28:53.139126,42.54545656062101,5.7027018584662885,186.6731035685067,52.21856361073062,78.90698256645167,2
2026-01-20 16:28:53.139126,22.17389624232573,6.860691714517772,138.48286922664346,39.22316372724962,48.379429176078624,0
2026-01-20 17:23:53.139126,25.491900164826653,6.907735042693902,130.83659187942982,33.05424282983732,50.43524352161189,0
2026-01-30 12:43:53.139126,26.457429400166355,6.255529802206696,158.37628030993497,40.700682209536325,70.96826063349737,1
2026-01-19 01:53:53.139126,24.009252224181036,7.189772971241849,126.4734232338901,38.84962439318825,46.09445272733397,0
2026-01-21 00:48:53.139126,29.316933937195365,6.957858947146068,138.47348554259753,35.28086196453373,45.327973719037686,0
2026-01-24 20:08:53.139126,26.863121253026236,7.151196303838481,140.69228471861646,29.018351684903458,45.64090236968589,0
2026-01-24 02:08:53.139126,26.589856187884372,6.913535180082423,164.55867101940458,36.31620632590449,45.11471401794694,0
2026-01-28 09:13:53.139126,32.52022411639655,6.128368813177724,173.4640624659498,41.83076635699952,65.24404468072257,1
2026-01-21 16:33:53.139126,24.07884026000921,7.099599273754502,143.11513934719147,35.412888182355566,37.479376997743636,0
2026-02-03 03:43:53.139126,29.606771416057686,5.472850844506138,209.98867195910077,36.17113200880363,74.20114597342777,2
2026-01-18 12:18:53.139126,22.908887824417977,7.049302821101754,159.27024832405385,39.20173209505956,42.76101637933343,0
2026-01-30 11:33:53.139126,35.48907648957081,6.910444120617413,166.67627101415772,37.47882776861874,53.27165813474332,1
2026-01-25 08:43:53.139126,29.953175138371176,6.966388011678899,136.9306560034155,31.383439161684727,46.39658736332411,0
2026-01-16 18:13:53.139126,28.37922974635684,6.741280940440958,150.0161035892303,32.69840775357429,43.098861703365024,0
2026-01-17 02:28:53.139126,23.225592769979063,6.570902241666442,148.77972725430914,31.990147008690542,46.09383930594294,0
2026-01-27 22:43:53.139126,32.861218963301994,6.576932839436737,153.08648899008074,35.78185615129675,56.19028381844836,1
2026-02-04 07:53:53.139126,35.999742183654554,5.324858529469004,197.13170660072,49.40046809838905,77.72081554155882,2
2026-01-30 16:58:53.139126,31.475838683798546,6.619907445870993,172.18934118996592,40.17186620749761,65.07335964022923,1
2026-01-29 21:03:53.139126,42.56044325472536,6.6384375401130065,188.12017822098505,36.785137667034654,60.590055008761446,1
2026-01-29 04:48:53.139126,30.00969375586692,6.670354264664694,161.01620190145772,39.65860032134536,65.00822399206255,1
2026-01-27 06:28:53.139126,31.519711875511593,6.614820669076952,142.6579841977168,33.92286047101993,57.06433840973835,1
2026-01-24 04:58:53.139126,31.109928317118893,7.031032827750649,149.13190831336516,32.37590457620854,40.29461523640404,0
2026-02-05 20:58:53.139126,52.74257375434737,5.603414122594299,193.13236622400484,44.57913514857343,74.51431450878833,2
2026-01-30 07:43:53.139126,33.62196447690172,6.530366550747196,164.25939424556924,43.68341720589329,58.442771861488325,1
2026-01-23 13:13:53.139126,23.077919021149942,7.043637567089116,166.27908135684788,39.294775603220245,46.076052810938435,0
2026-01-26 10:53:53.139126,27.239934651080045,6.915276603135042,160.43698845862,33.892122622734476,36.50649160612375,0
2026-01-16 20:03:53.139126,25.8586131119853,6.848576079433356,139.7485540245827,32.48965537373891,43.926801069437005,0
2026-02-04 13:48:53.139126,48.35445733099158,7.404853378827315,202.3224877378951,42.775012253164476,92.44058027386247,2
2026-02-02 10:53:53.139126,38.79272068156401,6.328386496136991,201.54610144202212,45.94468003127644,88.03456870139014,2
2026-01-26 21:23:53.139126,26.82939984730388,6.774525572242809,166.70524062334627,37.72275432258333,44.120577028026815,1
2026-01-16 08:38:53.139126,25.294023932008535,7.047598879058138,160.7641538556695,36.062896498125276,52.06764580385756,0
2026-02-05 02:58:53.139126,36.901418785946134,5.722219707979855,206.7437523094665,38.02627689475521,85.24598689164974,2
2026-01-25 22:13:53.139126,21.756317497000914,6.493004154454539,160.0011278646463,35.37184117354086,41.950985608372505,0
2026-02-01 17:03:53.139126,50.25483350090386,5.18151132189065,209.56973244216158,41.8908113151576,76.35604641303007,2
2026-02-05 17:53:53.139126,37.53980459273017,5.940093085785081,188.45302344094955,33.2255806177185,76.35155617437458,2
2026-01-30 20:23:53.139126,30.01581999705948,6.526606794378681,168.74829726960678,33.228048473710686,55.13132195279392,1
2026-01-25 21:38:53.139126,23.7347093754543,6.691299243945408,148.64298560019256,31.724396357324803,47.82617314139042,0
2026-01-27 13:58:53.139126,27.613883030475833,6.591281797497824,167.4701712938048,42.75935695363504,62.33263597256532,1
2026-02-04 12:43:53.139126,44.44232750171802,5.621992862248951,206.40881004283943,53.54175815631981,74.76211567502118,2
2026-01-23 13:18:53.139126,21.49005727479916,7.106701216266446,148.46910663597174,32.16841995157606,42.79646411441498,0
2026-01-20 09:08:53.139126,30.037332247649484,6.806084117869064,146.879395996269,40.60517534825905,49.576768182449825,0
2026-02-03 16:33:53.139126,42.51539545045996,5.40099163765465,188.60584419420192,41.28249492900251,80.1942057846331,2
2026-01-27 16:53:53.139126,29.52798990147279,6.4737980851695776,170.7157070091044,38.56095837073929,61.83632766690909,1
2026-02-05 11:23:53.139126,43.12968453926743,4.911956129260379,205.26123049244364,41.764175883119435,81.13926425736116,2
2026-01-31 08:28:53.139126,25.820615212271477,6.718997397394342,162.8435408211286,41.034340111292124,64.6737471934725,1
2026-01-16 11:58:53.139126,26.090647872621407,7.331812939842009,148.52252081538188,38.20012912223282,47.67006937632379,0
2026-02-02 18:23:53.139126,45.56703724075631,5.916371707345928,185.75904448726945,41.09323200638854,83.86696646553047,2
2026-01-30 21:28:53.139126,32.75613589037704,6.938717917665741,192.99953692033077,37.328178292602246,60.01767342511651,1
2026-02-03 23:58:53.139126,47.94858484898275,6.646968332127041,197.33338185516757,43.10563466095041,74.19894957758513,2
2026-01-27 04:48:53.139126,26.811076904491458,6.2452988817235875,149.3599522668112,36.22775147018805,51.872701386050956,1
2026-01-24 15:13:53.139126,26.32504701865218,7.326984037017599,150.65443092799538,37.75186358470575,37.89745977468445,0
2026-01-26 08:13:53.139126,19.07106524882028,6.7913078306373205,149.97883203465176,35.69658308782875,44.790072179676976,0
2026-01-22 11:48:53.139126,25.82828516318067,6.677352341233501,143.2671380611415,37.41410014909698,42.53885520089819,0
2026-01-22 22:03:53.139126,30.686782485894994,7.147231416352049,152.8754878478274,30.185457635435558,41.587930365630314,0
2026-01-22 16:13:53.139126,25.044388473249285,6.688135444388277,149.15878606968127,29.86056956670824,42.69485544370968,0
2026-01-22 10:38:53.139126,28.681025997140875,6.857551785892182,148.5201900953544,34.61298160983644,49.14490628554243,0
2026-01-31 04:08:53.139126,34.885321355374266,6.456214142488729,156.73590768804942,36.51985457440181,71.67894139302386,1
2026-01-31 13:03:53.139126,31.77121377793774,5.792340811351628,159.218298136864,37.01169451227216,58.847588081458994,1
2026-01-28 02:43:53.139126,37.83925598629544,6.0894188028597975,153.8162961323801,35.37070801670125,56.11339359192434,1
2026-01-28 09:08:53.139126,25.554481241295647,6.3620248005185225,172.27131496901754,40.00477797829145,57.705302911472465,1
2026-01-16 23:33:53.139126,26.421211957506557,7.067225739371413,159.70070290698172,36.44233864932022,52.7738188851878,0
2026-01-17 07:43:53.139126,28.353728703571043,7.010068499837618,143.60969252400056,35.950622319296386,46.78752175517061,0
2026-01-25 16:23:53.139126,29.728757513767373,6.71922093781485,153.1001268909355,35.96516998556933,45.21288386869722,0
2026-01-31 21:53:53.139126,39.52129623161189,5.987942415907897,175.36997742403722,45.20166511406166,75.87199857997966,2
2026-01-17 16:38:53.139126,23.121011244365132,7.150094748041535,142.2848865081885,32.01527683407264,43.067068349613265,0
2026-02-05 09:33:53.139126,35.42744798332985,6.1556822794310495,166.87410648021273,39.986741206190324,82.69711105016526,2
2026-01-17 18:28:53.139126,24.083222847541176,6.982357198331634,147.23482431951456,35.873742848089094,37.09424236874383,0
2026-01-19 23:23:53.139126,21.944874018532516,6.761865794086761,162.74993286408244,33.02143544126282,40.254878279811024,0
2026-01-18 21:03:53.139126,22.06198195052231,7.023214038141869,151.54094117149765,35.55626608868533,46.53126003294842,0
2026-01-30 18:18:53.139126,29.915050966003466,5.932533114106797,170.65750029896836,38.169074797141576,59.8362517479662,1
2026-01-25 09:18:53.139126,25.819321390144232,7.180013266106499,146.79708516506318,32.6778930784298,49.07330308687983,0
2026-01-26 20:28:53.139126,28.643884273512402,6.3919439831862075,176.84428474396998,33.56761741090861,68.01869960209517,1
2026-01-16 04:43:53.139126,22.20135097844721,6.3312587791595,146.22653530410355,39.46819149840672,43.2921182841265,0
2026-01-26 18:48:53.139126,34.54630736102845,6.187534960838497,146.66557588760273,35.37516920527819,66.04504500621705,1
2026-01-25 15:43:53.139126,23.345087676885743,7.017729770765852,146.80821923611356,32.58553212851372,37.85090104186893,0
2026-01-27 11:03:53.139126,27.799182127158954,6.5098664551193135,166.61507039016948,40.52701309434424,54.293896688367326,1
2026-01-22 04:08:53.139126,23.49705635760561,6.683546034964668,160.14815026279535,29.011019468242235,46.402682331278285,0
2026-01-20 13:48:53.139126,25.626245121363063,7.047781441185396,135.95007250875705,28.602455795299935,48.648050155429644,0
2026-01-20 13:18:53.139126,29.19763115967046,7.048626010219171,154.92700574067965,35.45339331539282,40.99201025427549,0
2026-02-02 05:43:53.139126,47.858728697469274,6.690161704476164,187.04289049003398,38.92932952937442,80.36404894010174,2
2026-01-25 04:48:53.139126,25.359243614407564,6.963722585603067,154.89528157878786,37.04524765202323,43.31415034206345,0
2026-01-23 06:28:53.139126,28.97391404947396,6.832330244887411,166.49257012698837,39.284278799860864,41.687921813913526,0
2026-01-23 17:08:53.139126,25.48120201512192,7.245497170821801,143.64211427904854,34.2752750501219,48.53648461646088,0
2026-02-01 05:58:53.139126,42.20425507629787,6.363794692745273,190.11558473702996,44.67442574370625,78.25463448264212,2
2026-02-03 00:03:53.139126,36.754445097587364,5.799565582280316,196.49335768079578,39.25334681310836,72.22834572535066,2
2026-02-01 11:38:53.139126,42.06243914200408,6.229436112089875,187.45633173070487,36.780135355488426,81.23672143616474,2
2026-01-22 21:08:53.139126,22.54268725663221,6.840778303200858,157.22514942024452,36.395266639438994,40.241123455665196,0
2026-02-01 00:03:53.139126,43.508051926350845,5.535146749882349,202.39830478623082,41.17545120759645,70.73149823252592,2
2026-01-26 05:38:53.139126,22.125436725529557,7.152536352281592,171.07741742212764,36.274980766053055,46.718425704564034,0
2026-02-02 05:48:53.139126,39.298346984740576,5.589110013597591,187.03061153438134,46.12231006978971,76.81686860168297,2
2026-01-18 05:08:53.139126,26.276787244903414,7.046049242056165,166.30247929286355,30.896313725315515,40.18838894184391,0
2026-01-30 07:38:53.139126,27.042768719743346,5.863087637041238,170.03793909652703,41.24578096095909,59.15116551064475,1
2026-02-01 18:48:53.139126,49.62086368692437,6.19458544637986,195.24744833490323,42.22413069804317,72.81189976247134,2
2026-01-27 22:13:53.139126,36.084808643454316,6.630640304563721,160.12224926282502,42.21009130257656,61.06254306291096,1
2026-02-05 10:33:53.139126,49.58815044259509,6.004942217438842,186.795775480393,41.38737804671111,83.13422634079595,2
2026-01-29 18:58:53.139126,32.08893295502411,5.952616455692791,146.39143267613534,39.51059525133508,57.24519429590126,1
2026-02-01 22:53:53.139126,37.78460822906884,5.520525918700127,191.8496547451728,38.51160612627704,79.52574500579966,2
2026-02-05 13:38:53.139126,45.81981614796457,5.5879751579812895,202.38709647270912,46.69189002180252,66.66966571054934,2
2026-01-31 18:03:53.139126,49.22801784737355,6.021828185799891,189.5107005776617,47.81670495630732,74.60132682095336,2
2026-01-16 19:28:53.139126,27.12930393000059,7.105380957054577,163.36175911389986,36.02455881382406,44.19007238927638,0
2026-01-17 06:48:53.139126,20.028163220241755,6.983692115194608,168.33943382549907,36.963501658006116,53.9240400124176,0
2026-01-19 00:18:53.139126,23.56720509404784,7.00110781134644,147.95127012175152,30.62810768755136,48.33091482022295,0
2026-01-31 05:48:53.139126,33.392410337886055,6.334928633649741,173.3551769323319,40.71956162245694,56.89512880144171,1
2026-01-17 10:48:53.139126,20.876662656327742,6.750987837655149,143.79818525982319,37.92294890262526,38.79068549988511,0
2026-01-30 12:33:53.139126,30.115346352897017,6.141475971591789,180.16696480591,28.056385133431185,71.66105872300325,1
2026-02-01 20:23:53.139126,37.20608756205419,5.1275690688187145,175.18180047221935,40.74833384133332,79.09529690766544,2
2026-01-25 01:13:53.139126,25.05429614779318,7.394927171812276,157.84115104216048,34.29965510557677,51.269413179682104,0
2026-01-29 05:48:53.139126,35.8445585504872,6.773446246161892,158.64386213473213,38.17959738448199,57.921519940182094,1
2026-01-26 14:28:53.139126,30.049322223301314,6.7422704702184975,164.67585232736795,43.23114630141721,61.65241999902138,1
2026-01-28 00:03:53.139126,26.885930807791436,6.0006280137051355,150.90699260242295,36.644655749881466,59.875784621079326,1
2026-01-27 20:28:53.139126,33.75837714722228,6.644403349136465,150.57659308398874,40.993329193590064,73.77358289083287,1
2026-02-01 07:18:53.139126,42.21266329662885,5.922542332147179,204.2430311430387,45.00449920375599,58.77350625725842,2
2026-01-23 20:38:53.139126,22.265533093520414,6.7267265939055605,151.37001008290326,40.83981685882987,41.081220815522265,0
2026-01-21 20:03:53.139126,22.566074970088437,6.842052190923103,156.5370349040628,36.470281666259794,46.29518607163294,0
2026-01-27 09:08:53.139126,36.482437670119715,7.153341546649248,186.90132798126146,35.03490338072861,58.33217829631197,1
2026-02-02 03:23:53.139126,51.15904905769089,5.952052520219325,232.72336673306742,38.929037707841324,83.54781595817076,2
2026-01-18 10:58:53.139126,24.913914928225438,6.533118227571242,139.85331528419266,37.71367024986412,48.23075182233411,0
2026-01-29 12:18:53.139126,30.303492163345492,6.628435357525935,148.77590107803056,34.77827991386165,59.82810530485844,1
2026-01-21 10:48:53.139126,23.289991078642444,7.1617390561880105,149.52900383222823,39.918835264259904,41.02557233374137,0
2026-01-22 18:13:53.139126,22.609975771053286,7.039779427823525,129.19969729966633,33.80781880080059,46.18150119248962,0
2026-01-16 07:38:53.139126,26.946421567789038,7.033483944317997,174.5867409781435,35.545914370984285,47.013590536658505,0
2026-01-28 19:28:53.139126,31.474815429503696,6.374381413816434,154.48836616457396,30.054629567849833,59.53165572363911,1
2026-01-30 11:18:53.139126,31.228266635601646,6.333782882090542,179.1532374626426,34.11516247854041,57.95717667447576,1
2026-01-31 05:38:53.139126,34.29498250710408,6.626534254162829,176.91141981958003,37.1585690291833,51.90167670639798,1
2026-01-21 05:53:53.139126,24.623081222274827,6.5867688814363,154.47526427265154,35.03577307670559,41.91834032706591,0
2026-01-18 20:23:53.139126,20.198859059008782,7.054286315526622,161.05522276120269,35.17327222155121,48.4046553092857,0
2026-01-21 21:43:53.139126,29.224940252546578,7.193055437541922,141.3950639404662,37.90461756652837,47.11879118638364,0
2026-01-27 05:53:53.139126,41.02658715121044,6.749924390414247,150.10384676476068,38.19062545623056,54.094684573796734,1
2026-02-03 23:23:53.139126,55.848542431626576,5.735235186500335,211.57080189342238,37.58404745772905,84.62824025844442,2
2026-01-26 22:13:53.139126,36.35089272398485,6.032649166718741,172.09978374438765,38.05702594472576,67.43855352018552,1
2026-02-02 06:48:53.139126,43.759660438889185,5.523496307443997,197.4355400141126,44.69634819956049,73.41094895522839,2
2026-01-30 19:28:53.139126,34.65622137886911,6.6194118126830555,179.46026673914793,37.38770361217553,65.53366188433861,1
2026-02-03 15:38:53.139126,31.90033534932063,5.506636012483137,189.27876171083778,39.684571915579326,72.69236567183495,2
2026-01-29 02:58:53.139126,29.182536332426427,7.26552153220893,161.73207669429263,41.931688556728375,55.53808335942364,1
2026-01-31 09:08:53.139126,32.81616905248813,6.971245506480338,183.8456515577739,35.98728281303351,66.7395179540398,1
2026-01-25 02:53:53.139126,23.624893014852358,6.800189514611805,159.04409585185425,32.61501743085128,37.87849010162059,0
2026-01-30 00:13:53.139126,25.618414473501947,7.272174753994882,141.50654651210704,38.943883396921144,55.79133216392751,1
2026-01-23 08:58:53.139126,24.605998478735856,6.433508987037116,148.5723285080277,34.457159073562345,41.3468576348206,0
2026-01-18 15:38:53.139126,34.04649232392038,7.501766141806283,152.71942778533858,34.36891849561551,45.55645883088978,0
2026-01-28 22:03:53.139126,32.57244317853763,6.493001882758182,164.6773008176588,46.634195791336886,50.79311508519932,1
2026-01-31 21:38:53.139126,34.168592702469276,5.536572195887915,210.71871128103064,39.93425802186624,76.91543838094286,2
2026-01-29 20:13:53.139126,33.2637544292679,6.570199460725204,166.16549682788678,35.74443626926673,55.90782835634133,1
2026-02-02 18:38:53.139126,45.84250587048356,5.909447827971989,177.6271741303009,48.80558841527414,78.16927191308666,2
2026-01-22 11:53:53.139126,19.889014002692175,6.744156303813077,153.77561153587342,39.00756215449289,38.76928939775673,0
2026-01-26 00:08:53.139126,25.49769843657505,6.999741922540083,154.49981400819462,33.352844146706715,46.82147421177048,0
2026-01-17 22:28:53.139126,29.648647964426488,6.774033340683573,146.6853462725887,30.20970041359668,41.9280863256013,0
2026-01-27 13:48:53.139126,35.736153558360435,6.422515847026315,175.85989436968785,40.21265344816066,48.59186981706944,1
2026-02-04 18:08:53.139126,47.637120933557675,6.179353538888702,207.0555636388566,49.02580883005765,67.79835357480546,2
2026-01-24 19:38:53.139126,22.056208293083802,7.116257512881602,145.18789078530824,36.338011946182405,41.28827346027321,0
2026-01-23 20:13:53.139126,27.65172469513338,6.7888679748345195,140.53130203739835,32.85676574089051,47.00456304359797,0
2026-01-23 09:03:53.139126,26.37561202761078,6.907994703376289,159.61651600655034,39.02673747886174,43.878309779060466,0
2026-01-31 03:48:53.139126,34.4539633295588,7.011143149246677,155.913053306221,35.84223139239852,70.24680155804863,1
2026-01-18 21:28:53.139126,24.205837055195595,7.29797828440933,148.71924258864817,29.91982657761144,45.56648284401219,0
2026-01-19 01:58:53.139126,22.962042077320255,7.106369990960036,148.95715653521287,34.75303990484341,36.14923855247304,0
2026-01-28 03:43:53.139126,26.17571657786289,6.384250996392729,156.33371828637428,38.504179388826785,57.11830562023093,1
2026-01-24 12:03:53.139126,24.845613036080827,7.219647511379796,151.96007266667195,37.81834773897208,43.87413758718149,0
2026-01-25 16:03:53.139126,27.853130405147983,6.698388282037661,141.1901023791419,31.693734047858744,46.986265342463625,0
2026-02-01 08:28:53.139126,47.88505048478615,6.236525222163129,207.74942952035826,46.57702556812242,75.47135400325139,2
2026-01-21 19:28:53.139126,26.876519065426375,6.899592400634112,134.9459006678211,36.57125041642832,44.47083298027481,0
2026-01-16 20:48:53.139126,20.34427874417334,7.377598444565514,151.23507949830736,36.283405951803836,42.62920127777119,0
2026-02-03 01:43:53.139126,50.227734570911046,5.7388720242634506,211.2939010124472,48.43514370295656,72.74235915213512,2
2026-01-20 13:53:53.139126,25.28043412206892,6.7980662099948095,151.13243181476594,36.11024712103032,45.22745572907264,0
2026-01-19 23:28:53.139126,24.65524959101519,6.705700908296166,140.72738962525534,33.74070105744107,48.34448498440032,0
2026-01-18 03:03:53.139126,25.18173523901645,6.8009737815047435,142.35658269222702,34.68324233281755,46.187210694161074,0
2026-01-27 01:58:53.139126,30.622869162764943,7.016983034904989,158.5491918615105,40.47635609374225,58.694326613616525,1
2026-01-16 06:08:53.139126,20.838454808674644,6.960469478227007,165.09766530138006,39.47181619924941,38.16425116302074,0
2026-02-05 03:28:53.139126,48.550036259643655,6.209560276569832,186.06860260186434,44.02052546871411,65.33015239605666,2
2026-01-24 14:48:53.139126,27.846229505654435,7.026517088151537,154.25607171365314,40.34623852359139,49.80090099189393,0
2026-02-05 18:18:53.139126,50.780096693056365,5.7963727103121405,177.96119602566765,45.81256497227003,90.99176116157967,2
2026-01-21 09:13:53.139126,28.10584440533296,6.75522639115076,154.36968430485692,36.61365723679358,55.772991610217616,0
2026-01-26 23:13:53.139126,26.56222080317645,6.0862949571115434,159.58913080260157,40.59919748411493,60.64085964773318,1
2026-01-23 12:08:53.139126,20.56721964019698,6.7986100982233015,170.48594707834644,38.04180642751674,44.42066896393285,0
2026-01-22 03:53:53.139126,25.0134842799637,6.939247892232902,157.39855190731447,33.807630131686906,44.41873534716476,0
2026-02-05 04:58:53.139126,43.74460198841636,5.210516466379614,206.97515807907243,45.950253298009684,77.73135075714605,2
2026-01-20 08:33:53.139126,21.770935706290675,7.148228868378814,168.56789739648582,35.552614959119175,46.70501212701697,0
2026-01-25 19:48:53.139126,26.533770772823857,7.0212067518926435,151.33801562630796,31.65145989374846,38.2734354445672,0
2026-01-19 19:48:53.139126,29.159089017748414,6.675298007628654,146.02986008265748,35.36331564515453,51.05712541255341,0
2026-01-18 14:23:53.139126,25.835646257070735,7.12733455317419,151.11716764422508,29.44058106707723,43.057376495010026,0
2026-01-31 05:33:53.139126,25.781236761566618,6.423583179020415,152.09719012641975,38.43109872539565,64.47997731792925,1
2026-01-22 21:58:53.139126,24.01785516214048,7.02505000226075,160.28840145476332,35.53563777189351,43.52182943612559,0
2026-01-18 10:23:53.139126,28.529215993061985,6.528050780414976,146.3432610979906,33.76944755219575,50.7328368496478,0
2026-01-29 14:58:53.139126,35.302357197284735,6.095216832498046,146.27605963609415,38.906512515167556,60.36730735057198,1
2026-01-26 21:03:53.139126,27.1016790095443,6.592845442321465,164.36526747412688,33.624613389625786,73.17314545919382,1
2026-01-23 04:58:53.139126,26.430705548382768,6.973694086711988,156.69123314928459,33.19009091460715,40.112830229021554,0
2026-02-01 18:18:53.139126,37.26540490759015,6.402390832315558,173.63999745037862,48.08227815037378,63.24294204547102,2
2026-02-05 18:38:53.139126,44.65724972713863,5.050603915541345,214.15618855738126,42.39224669522324,73.5450053915544,2
2026-01-19 05:18:53.139126,24.270770527961535,6.894768162898958,157.2612126873515,35.90574696109581,47.41302973932668,0
2026-01-20 11:23:53.139126,25.926895908392524,7.012924822730312,143.06752221540495,39.34068750475908,38.77574466326083,0
2026-01-26 00:28:53.139126,23.173114034439532,7.7411721660713795,149.35050513108874,30.578707514813253,46.62553098491726,0
2026-01-16 10:28:53.139126,24.3819084453853,6.778567407243377,150.29578404766244,36.16520200487925,47.45815254493574,0
2026-01-26 14:18:53.139126,32.050368245052056,6.702484741067112,179.46304877126084,47.33965354024344,58.11918339266338,1
2026-01-27 11:33:53.139126,30.87839057038117,7.177082087376112,160.17701370330434,33.930571597219725,51.2393063462304,1
2026-01-19 00:43:53.139126,26.144932193809094,6.862968782268972,156.10209776366068,37.219755237946515,37.669042665575745,0
2026-01-30 02:43:53.139126,28.46740024579434,6.339314349855401,161.5635805496805,40.690994815456605,53.80092487635022,1
2026-01-25 11:58:53.139126,24.30221567819083,6.900758670977704,134.20601838177444,31.933217290189397,49.640336406087116,0
2026-02-02 09:08:53.139126,49.60455045328341,5.905734302411046,231.93253863895904,42.5879727012952,87.68278398953075,2
2026-01-25 04:43:53.139126,22.596166756515746,7.137362126170707,151.82524418189033,32.932705834840036,43.61673038329181,0
2026-01-27 23:23:53.139126,25.982606719774747,7.011692798155745,167.39621368803185,39.72542196929248,54.779456195555746,1
2026-02-01 04:28:53.139126,45.59573992738612,6.406070617903825,191.87273137601446,46.99168024282644,69.15561362923181,2
2026-02-02 23:48:53.139126,39.44891951055216,5.477400666751781,187.55818800294975,39.62439041083007,73.44930608379983,2
2026-01-17 05:23:53.139126,22.07682632599481,7.288011286801023,151.84963689571424,32.83433277321291,48.101788207870314,0
2026-01-31 05:28:53.139126,36.807899703386184,6.957312000076457,175.83004210421024,35.533112847153326,55.23175277590814,1
2026-01-23 12:13:53.139126,25.797339066563097,6.8888358731762755,142.76524500239626,33.613487798666256,35.21974184757544,0
2026-01-29 01:08:53.139126,36.44189255282195,6.228696858899294,156.94431937758375,35.67947735301825,61.25586473759507,1
2026-01-17 06:23:53.139126,27.045432358401783,6.819326169921204,141.9814142972652,34.62402067296583,47.66092696446013,0
2026-01-25 06:53:53.139126,23.888932258848538,6.919743981223495,133.84389745902055,33.50193878821328,44.45122737076207,0
2026-01-17 06:13:53.139126,25.317173890150922,6.695367414613728,161.51394117965796,34.81600698170664,40.96524599965759,0
2026-01-18 23:58:53.139126,24.697430461464325,7.044276766079917,160.70199104842803,31.683326255586074,45.52662001729925,0
2026-01-24 21:43:53.139126,24.366107408537523,6.751583414749437,169.61335399788285,33.378009177730405,39.4265987599407,0
2026-01-23 15:08:53.139126,26.419961322626133,6.945652887821016,158.99578018981128,36.46556353014907,52.44648216891972,0
2026-01-23 22:08:53.139126,25.64930444451392,6.920665024235843,154.36314956309542,36.08604157125484,44.25428882478985,0
2026-01-22 15:43:53.139126,25.217967512272455,6.7978342957452424,150.46057062016544,37.49023113615384,48.0148179513586,0
2026-01-23 15:03:53.139126,22.046211943008682,7.2669317077443685,133.67534139087687,36.69907198910267,44.45658540958004,0
2026-01-18 15:28:53.139126,23.422438630828204,7.005854869062144,140.3599211198075,32.588368581386824,45.69764569652525,0
2026-01-21 23:48:53.139126,28.946690175880686,7.01792192260231,159.33614119882313,41.02133822234353,37.386957735242056,0
2026-01-17 02:48:53.139126,23.501530824414218,6.8689671818553775,158.70368622119847,34.673904604929724,45.91061887090099,0
2026-01-16 17:53:53.139126,24.049832752033918,6.89211191647463,150.57088877904803,38.537271068129755,49.04870654685562,0
2026-02-01 12:23:53.139126,38.40553091220653,5.502479756719732,180.00630555166873,39.00634783065182,65.4254822532576,2
2026-02-01 15:28:53.139126,50.49582663294768,6.3747615342766935,196.59655154974175,46.29951755773838,87.14441755201996,2
2026-01-27 06:08:53.139126,31.23633517687974,6.4684474695304965,144.054964061948,39.80573050396395,59.174891696449166,1
2026-01-17 22:58:53.139126,23.307233396840637,7.075100341257398,141.78463000721433,33.22193939102898,43.919574907546135,0
2026-01-25 22:48:53.139126,23.90868348717661,7.450879106914817,140.6923513868982,35.68040907349117,47.7094229705125,0
2026-01-25 12:48:53.139126,24.339037322580296,6.884816604134601,155.97583714823472,32.25806948715641,45.08438375920952,0
2026-01-29 15:23:53.139126,28.45654180671972,6.565144792550133,157.41265582911703,44.064318206693635,54.19081117250257,1
2026-01-27 02:33:53.139126,34.31362989879986,6.478321023307912,177.70575208251537,39.93069713908267,50.418725289442534,1
2026-01-18 09:18:53.139126,24.20472282345796,7.419206121630239,152.74356717882657,32.87215791483976,45.29771862793438,0
2026-01-20 11:08:53.139126,26.04700938620475,7.116856432734482,144.15745273145492,35.02188768278874,39.93292736736325,0
2026-01-25 13:23:53.139126,24.617612418741864,7.049843657698132,140.25671289093785,38.214199871714804,37.901410109316274,0
2026-01-25 14:13:53.139126,20.613787487875978,6.8758943228747516,151.95415013712613,38.6981512767762,47.494965948555894,0
2026-01-24 17:18:53.139126,28.204166433888318,6.693555472821787,144.72914963426223,34.539600286969595,38.99274877339998,0
2026-02-02 18:28:53.139126,42.544817204823694,5.2523843242098,206.29858343127185,43.4840227915278,70.59849977876358,2
2026-01-19 05:23:53.139126,24.488989697843664,6.9967842675927,149.41314840878553,32.78075305261937,50.92009016810552,0
2026-01-17 14:13:53.139126,30.826028770760868,7.251338239880406,142.41230856081904,33.682806826112774,51.278766546670724,0
2026-02-04 00:33:53.139126,43.47143254062596,5.773349426963847,161.45548280635143,51.068549553749634,82.91197255529916,2
2026-01-23 00:33:53.139126,19.363319564340383,6.638430481497369,160.85963933582386,32.529692595231765,47.57488215976619,0
2026-01-23 01:33:53.139126,23.932130274124084,6.44383946843416,142.8122134512355,32.63404626486441,47.62277886430874,0
2026-01-21 02:13:53.139126,26.497142075209904,6.813360992443977,138.49690284381563,33.058565992347035,50.35250081044168,0
2026-02-03 22:58:53.139126,41.765739366303066,5.804748191704698,202.57138453418713,41.825540707806574,76.8173741162369,2
2026-01-20 08:23:53.139126,26.622908414732365,7.197557616238065,145.26547820907777,30.8975792983861,48.57844036233701,0
2026-01-26 03:08:53.139126,26.050669474299728,6.847674322879729,153.49841679415104,35.207227956902976,45.90114030583038,0
2026-01-24 05:18:53.139126,28.901657855303032,7.124568084542594,153.64403764158257,37.067545657744425,47.086756549636775,0
2026-01-28 07:28:53.139126,24.645847830134212,6.146929110294896,151.1458054356768,39.9013207736528,61.77318603491574,1
2026-01-31 19:08:53.139126,43.89196502199139,5.167820491756837,177.10020078895516,36.34867804559219,72.56598498138246,2
2026-02-05 15:03:53.139126,36.39455058471097,6.166453730505538,210.94388457565935,46.42476697734556,78.72927834092157,2
2026-02-01 11:18:53.139126,40.0257983938622,5.58869061987386,187.52955160219918,42.78430062657926,57.44816544386429,2
2026-01-25 23:48:53.139126,22.900267940131563,7.352196120658482,146.2328588097966,37.4114833797036,51.23577215388254,0
2026-01-31 03:53:53.139126,28.705251565729903,6.631588495346989,156.11919696537504,37.76680099204999,54.89108653304196,1
2026-01-27 20:43:53.139126,33.59928182861622,6.444318485166997,164.964327265317,39.845441406027774,47.40303445957855,1
2026-01-22 01:58:53.139126,22.47811693428262,7.221281722071111,176.03391820996092,35.815146135473064,43.739225604432065,0
2026-01-24 10:53:53.139126,28.01003777901882,6.938080956161691,157.06197623284166,29.35335636565951,41.59102549527893,0
2026-01-22 10:03:53.139126,23.423524330738452,6.8887287092137,146.65793544197368,37.546632494515,43.30490435479348,0
2026-02-03 22:03:53.139126,41.69732362087791,5.4223252299226266,186.00888016020755,46.644846270758855,83.61988143318548,2
2026-01-25 09:33:53.139126,23.325240034367514,7.189771351616243,150.79762438939062,36.854382109396845,40.44616899851597,0
2026-02-02 07:28:53.139126,36.40903823715694,5.8714800009164,198.56563939402093,52.23242089227692,70.9864590367933,2
2026-01-28 15:33:53.139126,29.24987533621237,7.149559086106383,150.8151102998752,34.085178589061336,59.336607774474345,1
2026-01-29 01:13:53.139126,32.36843485281225,6.413329397903441,161.87588284614944,35.91397864637649,59.58858047509375,1
2026-01-26 04:38:53.139126,25.580483846491944,6.719994445957659,163.1843636229643,35.51371324497907,42.307242718752214,0
2026-01-21 00:03:53.139126,18.39050117630364,7.192495606687997,144.9050721621113,40.59750404433206,48.66526827873696,0
2026-01-31 04:23:53.139126,31.305254176126166,7.052928531516166,144.41654277569648,38.317856286721195,62.95339030558292,1
2026-01-30 00:03:53.139126,38.830637321847775,6.620994277025603,154.0188197920798,45.353197946321515,64.32539710169688,1
2026-02-04 22:38:53.139126,47.8857255298354,6.550738254092262,185.19700227326138,47.20069779191374,71.58739959684767,2
2026-01-23 14:53:53.139126,27.947930668765412,7.073287544602358,163.68692728617367,42.226841060886386,49.18876569887558,0
2026-01-22 11:08:53.139126,22.897111346338626,7.2816579823658305,155.17727355772385,38.774688809542944,41.36137184019979,0
2026-01-20 00:23:53.139126,23.168166051192806,6.963056311804184,154.52895258780293,36.085482073612184,49.87284562332885,0
2026-01-31 06:48:53.139126,42.07738892003923,6.475234386774436,173.9647985457878,37.09977027786924,55.252294839910626,1
2026-02-04 16:18:53.139126,42.117790209495055,6.52081524368271,193.52491937996163,44.99151832266146,67.17027373170829,2
2026-02-05 16:03:53.139126,51.57889277590988,6.339737276806518,187.6556808344783,31.264570467905283,80.6815621497609,2
2026-01-29 05:33:53.139126,30.844689731224182,5.965904409911356,169.1341758961878,35.92922635899291,52.22952301024578,1
2026-01-17 03:53:53.139126,26.877740397058197,6.887178074173029,155.0961566277887,38.376345773263374,47.180858502419014,0
2026-01-22 16:38:53.139126,30.0212192968015,7.014198350708547,162.9917310656003,36.09213481590726,41.98633543559634,0
2026-01-20 14:13:53.139126,21.71478021108817,6.844499247356462,154.41032092351907,39.15195572333074,38.19343495846682,0
2026-01-16 08:23:53.139126,23.74653370619395,6.830962035964177,135.0397182161066,31.68515019710646,37.35086491578113,0
2026-01-30 11:53:53.139126,35.87822752131046,6.938677206675239,161.83443443254222,35.82361699571447,58.59965913268194,1
2026-01-20 15:18:53.139126,26.319788708647618,7.091052410573354,141.00089938926942,33.55528153405956,44.55459678862555,0
2026-01-25 18:13:53.139126,27.26109813741058,6.829848048569287,155.01309217221555,36.15198868508209,47.043275635923116,0
2026-02-03 08:08:53.139126,47.70636812868458,6.0231152171336655,191.0095274262372,39.21391460739719,88.76349619006008,2
2026-01-30 18:33:53.139126,34.234784867971406,6.9709574997077075,154.78161233736247,39.18200385464768,63.33639523084663,1
2026-01-21 21:18:53.139126,28.732082318153406,7.008251137954758,168.35260630456705,33.296651517306586,39.37776703317832,0
2026-01-20 18:13:53.139126,21.5520310046669,6.974245941053165,141.2547896485803,30.182413758814793,53.40017235528218,0
2026-01-18 23:48:53.139126,23.101535570817667,7.031394632443963,159.40837127893448,34.689000943095365,41.50166484669684,0
2026-01-25 00:48:53.139126,21.863588832422028,6.904465225423827,148.25309911214856,41.589329482381345,43.16071651535808,0
2026-01-21 03:53:53.139126,28.47946294158903,7.293380092817162,138.2668159204637,32.96445559546728,41.64281338008127,0
2026-01-27 05:48:53.139126,26.581177106242908,6.7783379229647,157.73020513226612,35.70487216358144,59.32706648574165,1
2026-01-27 09:03:53.139126,31.020464198414793,6.837973767466926,141.23027869897473,33.832579759509336,61.464118575975,1
2026-01-16 22:23:53.139126,21.82157794689965,7.067784529278568,149.56947461941581,34.031527914102206,48.97489337838865,0
2026-01-16 10:13:53.139126,27.912940659755996,7.012591518530591,160.42727938446464,33.43639802070459,51.23579601250817,0
2026-02-04 22:18:53.139126,46.24726309778484,6.19603988049936,205.94992897258973,49.113822827496314,77.68757532988087,2
2026-01-26 07:53:53.139126,27.92938316882212,6.719933645412581,144.6166096212289,36.439590599092995,48.078089522246295,0
2026-01-24 20:28:53.139126,21.630858042978428,7.001703346515629,133.60130252456446,33.767015846352486,39.70768575255128,0
2026-01-25 17:28:53.139126,25.311439631736427,6.780911973978206,137.20320554599144,34.37776954310417,51.869682990734766,0
2026-01-25 03:28:53.139126,24.281237863277642,7.141658656572035,163.59857436669154,31.25210670765721,55.91189917226529,0
2026-02-03 12:43:53.139126,49.524517210601424,5.801506339896511,198.24197917052362,46.90271588995312,81.90650639854776,2
2026-01-28 01:08:53.139126,24.431654487837083,6.76742730680216,139.78519150561985,33.9036205324709,60.43804038259249,1
2026-01-19 13:58:53.139126,28.021232115051646,6.727521498794931,158.2714277605971,31.91641684314524,42.858580903391,0
2026-01-23 04:43:53.139126,22.04225429759818,7.072371950158962,162.01911901349172,37.45565700088866,43.65019159449203,0
2026-02-03 02:03:53.139126,41.29224394893938,5.173187441475792,218.75580032874035,45.33792617696328,80.31527378541124,2
2026-01-28 00:13:53.139126,28.592157977306893,5.9185289258763,163.97527998240662,31.980304011428316,54.97768676037853,1
2026-01-25 04:28:53.139126,23.372392028533667,7.068190369739406,166.40240605462634,31.255640843745233,45.576424284922034,0
2026-01-21 07:53:53.139126,23.392739243200218,6.644257757196389,151.93168933070805,33.55685228578721,49.31775748362441,0
2026-01-19 10:18:53.139126,23.7037225226501,6.847211162027668,153.20480168220251,30.395167628544364,40.536461238278754,0
2026-01-29 07:18:53.139126,31.003853410844858,6.499103042594239,158.93082830993495,39.06792380205805,63.26446843747357,1
2026-02-03 13:13:53.139126,40.47655507141924,6.211529190575439,187.9003761557374,47.26133075078271,87.25312761663137,2
2026-02-01 15:18:53.139126,42.73723856844196,6.479168054769354,199.39144437062103,54.020122111150236,78.93665447463779,2
2026-01-21 10:13:53.139126,27.01291650634581,7.538655560479493,144.78618897078525,33.371172065360625,45.47284407244991,0
2026-01-24 02:23:53.139126,22.741823503147653,7.280007619808832,144.04339938160086,31.432851895405665,40.61190198685659,0
2026-01-17 12:48:53.139126,28.20487898697242,7.281148608704512,165.923745727176,33.70490070516927,42.764898518078475,0
2026-01-20 23:38:53.139126,25.605398787694973,6.819087425986226,150.16462117108665,39.301810483138674,53.199361229042125,0
2026-01-27 17:28:53.139126,33.65104130395891,6.3605657936109035,169.0733168286528,40.572042929626186,58.0596482281586,1
2026-02-05 02:23:53.139126,39.172563475903274,6.023258006337268,178.84953287970777,50.459100810056135,83.18737589820408,2
2026-01-22 07:33:53.139126,25.41653808042933,7.084397195821781,153.5795996477901,35.36664824689641,36.66044272853159,0
2026-01-26 02:38:53.139126,19.391442038100685,7.278279116042535,140.28161429977365,37.03446203918912,44.642256614972325,0
2026-01-26 16:43:53.139126,31.33949787681864,6.547607499246352,175.8810155287541,36.16545994228207,68.18995948458073,1
2026-01-23 08:28:53.139126,22.790278674317143,7.132133017323636,167.41668700286567,34.109384848902955,39.02102515973369,0
2026-01-19 16:43:53.139126,23.047267367574086,6.850379935046317,155.50087206971338,38.082957004657345,48.038546029606366,0
2026-02-03 09:08:53.139126,53.78603046243691,5.801398859133301,187.49923856789718,49.09219279076816,74.97236317203065,2
2026-02-05 12:58:53.139126,34.99929660129229,6.007432102939387,210.6240299552174,49.415955930025675,88.48443992624269,2
2026-02-03 05:33:53.139126,44.39311470410599,5.600020567819493,204.3397536930345,41.78758455595911,81.27195492598301,2
2026-01-19 08:08:53.139126,30.48462832380091,7.213900737198805,147.16673878933193,33.84645228406329,42.70530772846496,0
2026-02-04 02:28:53.139126,56.96114572389716,5.545683606615387,167.45505595395545,41.47364538732428,75.19667080824235,2
2026-01-27 15:53:53.139126,41.63671774374824,6.252581915156696,164.3007703614304,43.818530648230265,54.101037637721284,1
2026-01-18 07:18:53.139126,28.547138725258797,6.9055758046933375,148.938500113525,36.93929082072543,45.53806559168288,0
2026-01-22 03:38:53.139126,19.15212701628656,6.712083829178223,144.02496878813199,37.05954195701179,37.42902013974678,0
2026-01-17 20:03:53.139126,21.672224645282103,7.054410716902805,157.28422139213706,34.357683550186266,46.72723152903482,0
2026-01-19 08:38:53.139126,20.467529714095793,6.888637698806358,140.88080975707658,29.171945572442084,43.46377626770879,0
2026-01-17 13:08:53.139126,25.157122887599442,7.002283707950392,159.6845313146467,36.436386839159084,42.43435975008453,0
2026-01-24 04:33:53.139126,18.192744654660373,7.236960097829638,165.74624813005482,29.51806547193934,46.62014749756837,0
2026-01-27 11:48:53.139126,33.003005743017816,6.328163695244476,175.8590271836753,31.335089425878866,52.27761214659217,1
2026-01-28 13:23:53.139126,37.35555822301451,6.81634125330422,180.7347697077568,40.82831211540362,63.63724750513804,1
2026-01-31 06:28:53.139126,38.59758204417247,6.6866216883539655,162.72185776386806,43.251734945613,55.441751616814464,1
2026-02-02 03:53:53.139126,53.6594279044151,5.699539299760711,215.34718109995126,44.54282542670356,62.7416087979396,2
2026-01-18 17:38:53.139126,21.75169571719178,6.9016439868371515,141.25266276543346,28.532023502003426,42.18071770196361,0
2026-01-21 17:13:53.139126,23.92230278982301,6.702341977138562,142.42936188680997,34.70591571740359,51.52111076084272,0
2026-01-19 17:18:53.139126,25.06215041746181,6.775313250193114,149.84116232330317,38.882506904267885,48.42337383237595,0
2026-01-28 17:08:53.139126,29.737096780256227,6.864517099876863,146.1697556546398,39.1512273125102,68.18501104810605,1
2026-02-01 06:18:53.139126,43.52643223139226,5.9704664896402875,200.143686087848,45.14755039865811,64.09592154147744,2
2026-01-31 14:33:53.139126,31.298930381538938,6.527192450591942,173.99357146406143,38.33343588559681,53.0723692634387,1
2026-01-24 15:43:53.139126,21.954833160036856,7.246438227238896,162.97489844738266,36.398099472125736,47.2995574276357,0
2026-01-18 04:13:53.139126,23.193951918471537,6.979467371626507,163.806694893281,37.92052907070349,46.11492587865498,0
2026-01-30 03:28:53.139126,33.62239040181874,6.330276171307764,167.73991213816444,30.76994884639908,61.74301518952877,1
2026-01-25 16:48:53.139126,28.16123778516795,7.118188715549536,149.8770148314724,30.958313657436747,49.91733486975074,0
2026-01-19 19:33:53.139126,22.531175217129668,6.9796565379666635,133.37751854499035,30.007384006173616,49.64353113066831,0
2026-01-23 17:28:53.139126,24.772467549646063,7.000747942517,150.83890065022777,36.49820195783232,40.821851767281025,0
2026-01-26 15:48:53.139126,29.920395747359276,6.1274441040385765,169.1577058849526,37.26360873458804,49.32001137231423,1
2026-02-04 13:33:53.139126,44.133279259624125,5.732683477974217,194.34006381459585,38.93178742204552,76.38273891227593,2
2026-01-27 07:28:53.139126,34.28671237840312,7.107502288905477,178.81716754345496,38.131140886541125,53.3554777150922,1
2026-01-18 08:53:53.139126,23.933049842712524,6.942417055174994,161.47993094779247,33.96966527714277,44.75742645036458,0
2026-02-01 03:53:53.139126,46.22369253064085,5.904564002819208,203.03284532917425,43.207273798138296,74.17223574197723,2
2026-02-03 14:48:53.139126,44.706861787438086,5.140055391168211,204.20543121721747,52.74677682879286,73.15423436126257,2
2026-02-03 01:08:53.139126,37.36231818374242,5.985571210002721,190.7503801660236,44.25072122439139,68.61512361672425,2
2026-01-25 12:53:53.139126,23.86052107582785,6.798016806441261,147.24097779052482,31.465545361231666,44.06412107388645,0
2026-02-01 22:58:53.139126,55.72121632494934,5.616807792547057,174.15528373772517,44.4295382294205,80.68691366420784,2
2026-02-05 14:18:53.139126,41.515837547324075,5.328205741972294,199.35012742894023,43.531013495646704,79.06078616183638,2
2026-01-25 11:28:53.139126,26.28989721836521,6.961332599655469,140.37141764299628,35.11478312215042,45.235281837728714,0
2026-01-31 21:18:53.139126,54.918949603407505,6.212086958648939,187.48820220649836,49.14978444528795,86.3900669985699,2
2026-01-16 08:48:53.139126,21.824794879982388,6.82589818533669,143.13839317651798,36.53540453975113,41.846692831038744,0
2026-01-28 20:03:53.139126,26.997166864321738,6.717168452731047,167.22932153520745,33.61047457779514,55.93698302816275,1
2026-02-05 16:13:53.139126,45.05232373977894,5.436803471097314,167.00361057070623,45.85348088794386,69.86491979083338,2
2026-01-26 06:38:53.139126,23.93775159422861,7.2978248149082905,152.1240535473186,29.750247220698313,47.192433671755005,0
2026-02-04 07:13:53.139126,47.364674885892114,6.287124847224345,196.34595914644711,40.91800127696232,72.5959498904714,2
2026-02-05 18:48:53.139126,38.88844986930735,5.685744335486525,204.4607311670104,36.82872267716823,82.33017470778815,2
2026-01-29 07:28:53.139126,31.128866065249728,6.519156039524946,171.80652649426276,39.41842246635708,56.864283981128686,1
2026-02-02 13:18:53.139126,48.02157964437478,6.035114595639447,203.16363473972254,39.863888819001126,63.025832587706226,2
2026-02-03 10:43:53.139126,38.43848093655842,5.486724052904813,191.48660385038826,39.38116132966182,66.23540988037611,2
2026-01-24 17:33:53.139126,25.43956969917641,7.0726882545421965,129.8234070899888,40.22119696931736,50.298783197698164,0
2026-02-01 17:48:53.139126,29.322124810941407,5.951705340490468,183.89154507041437,39.62007764293426,71.03294319595372,2
2026-01-19 14:43:53.139126,29.27716435475141,6.566009068657851,140.87157567310626,36.65649851631698,45.21792763651545,0
2026-01-19 16:18:53.139126,21.58669385451356,6.82057118703375,150.75987926130873,28.405265436946628,49.52422443204838,0
2026-01-25 23:23:53.139126,25.121161884536022,6.742457826638997,154.15125944277486,35.772575230617335,46.67607321371367,0
2026-01-18 23:33:53.139126,24.46230685662552,7.102472449123438,140.9035888932851,35.1478450321227,41.70314728998899,0
2026-01-25 12:03:53.139126,23.08736116251212,6.752587740499914,132.21493451274844,39.68884671072885,32.99866333755254,0
2026-01-22 14:53:53.139126,26.085888138429315,6.742993072224501,158.82342042120482,33.80444975541687,40.908039871676394,0
2026-01-16 10:33:53.139126,27.32691403864236,7.053484309092065,150.5427602725772,33.51110522369544,44.26705815657541,0
2026-01-27 20:03:53.139126,32.13620153694467,6.469208027790596,146.94616314222725,35.38697104529496,61.46281946446489,1
2026-02-01 01:38:53.139126,49.47756046683371,6.058774769904464,201.37165327534464,44.18504492246919,68.48076582017593,2
2026-02-01 01:28:53.139126,49.22941682904202,5.580290708819954,230.39044445786843,43.10038504208512,67.01941634333514,2
2026-02-01 21:58:53.139126,43.60246562603746,6.300665401259837,203.57758556236135,39.94716079763491,56.80550548985323,2
2026-01-20 06:33:53.139126,27.96074788933093,6.9336077883568805,150.33958264007438,36.820697227714874,43.3647311335614,0
2026-01-18 06:18:53.139126,27.989322989991436,6.8785979264801425,139.4226697472067,34.67767096756019,44.48579869136998,0
2026-02-04 00:58:53.139126,45.482071616986886,5.9135886384077505,168.86227486187082,49.71068039772796,73.73677648442744,2
2026-01-21 00:13:53.139126,16.871976491129328,7.16798699896858,171.17785334964697,35.03204592869119,45.35715346276004,0
2026-01-18 01:43:53.139126,24.558941023530338,6.971901597544737,143.68741192552224,37.29674650150167,38.61250337626285,0
2026-01-17 23:48:53.139126,22.75668705490007,7.014508552975698,156.2663464492436,35.18407273240024,46.343285839144436,0
2026-01-20 17:43:53.139126,18.624176897620945,6.884422205300134,151.67995196609854,34.78079095676829,36.9164419835772,0
2026-01-31 00:48:53.139126,24.20467697815015,6.213197735635291,169.74486535103082,35.701613207999,55.70074622569556,1
2026-01-16 06:48:53.139126,25.796299044504774,6.934059117385885,144.98767792014243,36.20948498943358,45.697884071065616,0
2026-02-02 15:03:53.139126,41.435040023007005,6.1731760904889965,187.29946262853184,30.964976253212154,67.75550517221428,2
2026-01-23 06:48:53.139126,30.70060285288685,6.919554839141111,163.37897011489227,33.20423096898238,46.52427503175782,0
2026-01-29 13:13:53.139126,36.89655887901696,6.673280519287509,152.66854717626086,47.60796699406766,55.30724330291047,1
2026-01-21 12:23:53.139126,24.942204076334498,6.99255438175536,137.63297474783232,34.25443546646058,40.04226201045181,0
2026-01-18 16:38:53.139126,23.768524928584576,6.807761595321935,138.39004709090838,32.498780646029836,41.993700240174306,0
2026-01-31 19:38:53.139126,44.2104835391029,5.174213382972499,196.8495958734709,38.06152222976629,76.193816799677,2
2026-02-01 07:48:53.139126,50.05158647345085,5.419159016175407,205.1318492536779,44.03818861325171,58.221310001364884,2
2026-01-21 04:48:53.139126,26.051792925445756,7.082443139712191,147.8884175907203,33.543582466551776,49.26229837471132,0
2026-01-31 14:23:53.139126,34.00310839930368,6.593454701179369,153.25177639261838,35.07306669270504,67.51192128964954,1
2026-01-16 18:48:53.139126,20.059479045593555,6.8057782130544995,145.4178251527359,29.534301918161912,49.313522801915866,0
2026-01-27 21:53:53.139126,40.60862974610604,6.050357946854401,174.23754482842352,31.77076252766485,54.15020276472532,1
2026-01-30 22:08:53.139126,30.857364098140135,6.387379162776991,164.45248597093902,39.01953718856076,55.86497522882563,1
2026-01-29 05:28:53.139126,28.83798709048491,6.536106787627787,171.7567968536266,28.874808045238677,55.6679302103842,1
2026-01-18 21:23:53.139126,17.67508128215777,6.618588318619284,118.47786375996567,31.592146119554997,38.532679705738715,0
2026-01-21 17:23:53.139126,25.141327678329038,7.179547984096384,153.1547610834466,34.481264126701596,45.267512467110336,0
2026-02-03 02:43:53.139126,43.1643258695861,6.29751894716117,200.85882194710035,47.21693806994597,76.42975706187481,2
2026-01-31 12:18:53.139126,28.80061649635263,6.519158721356444,166.63631741271865,42.10549280891835,58.646734831588596,1
2026-01-18 06:13:53.139126,23.01407314877353,7.495731493446964,139.96145854874075,33.84035977058095,44.48300470391075,0
2026-02-03 15:28:53.139126,42.508966418642565,6.968202296434269,183.7135732484758,33.75846757728625,75.05339428267023,2
2026-01-30 12:13:53.139126,24.242515411504385,6.594883853743002,159.28192333408552,39.71891050730996,55.14071425753298,1
2026-01-28 16:43:53.139126,33.366396828134,6.957590857042099,147.38759403976783,34.86207213807284,49.01388162527482,1
2026-01-30 09:13:53.139126,33.14371540711144,6.525846834965149,166.01266744049,36.087528256033394,61.45251921709327,1
2026-01-27 22:23:53.139126,28.336441721656406,6.3432364671508665,191.42115355576183,39.464005640061416,59.486069642103686,1
2026-01-27 20:33:53.139126,38.014644729391826,6.59393284639081,164.4587761382646,35.85863469390623,51.21715830365261,1
2026-01-18 08:13:53.139126,19.262510113278207,6.741366418548483,156.94343693721055,32.5634842776493,36.123213690450875,0
2026-01-25 18:58:53.139126,25.227712880888884,6.917194050533246,151.39279590292568,33.19371095660526,46.246532368082526,0
2026-02-03 23:33:53.139126,53.49631798046091,5.261761191466793,195.86568682496926,32.65813337645537,91.49442099659447,2
2026-01-22 07:38:53.139126,18.062805302287682,6.968100098491768,120.019206768062,37.67554055305575,42.09034725122815,0
2026-01-19 18:58:53.139126,24.726706143735488,7.2630240820405945,152.11223130355566,36.04218751906876,49.36965219904592,0
2026-01-30 12:58:53.139126,39.9433892953955,5.879404789188443,153.07094634077043,41.05992886108784,59.613679778031525,1
2026-02-01 01:48:53.139126,44.52150374181162,5.739219181054232,170.98774639938014,41.1082642321459,59.867094491941096,2
2026-01-16 12:33:53.139126,25.246851845606148,7.035325461187185,150.52919239446092,32.69515466131445,40.089409610076004,0
2026-01-26 05:33:53.139126,24.62541600836901,6.831746570538686,173.38289748587562,32.46729668513088,45.32699927574186,0
2026-01-29 13:53:53.139126,33.621758152188264,6.019181143612618,161.73722741107358,36.09378453164436,50.83963621695591,1
2026-01-30 10:38:53.139126,26.552613186507667,6.527197628963325,189.7802735206694,40.065536886909285,59.669264556969985,1
2026-02-01 20:08:53.139126,45.03276754713964,6.2101522790629105,183.01417180314633,52.515995677210014,71.58868866920945,2
2026-01-27 04:43:53.139126,27.53644236865572,6.935816454404031,165.75707537693305,40.39289602780135,62.35490515771887,1
2026-01-20 09:03:53.139126,25.658022645952922,7.267128535915375,140.93251479565848,37.35849975355882,47.965476428172714,0
2026-01-25 16:33:53.139126,29.416143898045974,6.838598084459797,158.7496382309921,33.91264829459262,46.961533920070885,0
2026-02-04 07:58:53.139126,43.360447296512454,6.391030662570555,221.5121503235781,43.103592742849806,85.82528909884024,2
2026-02-04 11:03:53.139126,40.63856675776119,4.852359968372992,195.4918702896904,48.469743211800676,80.30172156469449,2
2026-02-05 18:33:53.139126,62.163945023241,6.003754870026086,168.98030980853696,45.184027463543806,75.20648934965,2
2026-01-27 14:03:53.139126,32.86492175798754,6.944165937998615,154.58951901945736,38.70023945324696,56.91245435294138,1
2026-01-16 13:43:53.139126,25.48263574919562,7.111200559444996,158.01064338596333,27.618532568665916,39.44257904558124,0
2026-01-28 04:48:53.139126,34.70530558983751,6.510237002304565,163.106431044873,35.06682781037448,54.780176074310305,1
2026-01-25 01:28:53.139126,26.427657491808628,7.003746911439915,136.52154814007747,38.35943801971021,43.69668817262862,0
2026-01-25 23:13:53.139126,25.163702098602357,6.791224597673897,145.01990213900555,37.672302053214516,43.562339857627734,0
2026-01-29 06:33:53.139126,32.789103934918415,6.454291813150273,143.83827483628255,38.40104431483382,56.798833816075415,1
2026-02-04 22:53:53.139126,65.33250490203177,5.125111663737979,199.02386852875796,40.35716227766823,73.53016451927527,2
2026-01-23 19:23:53.139126,21.045621129730588,6.923408957754926,152.46223988324894,32.98814691882587,48.58995850117289,0
2026-01-17 21:08:53.139126,24.319870662370136,6.963936331924426,149.17755663886865,39.843256118475956,38.99702290847783,0
2026-02-05 21:13:53.139126,45.27533438052946,5.960036760065061,196.38858902359385,44.682611095660455,72.55001848513216,2
2026-01-16 07:43:53.139126,22.770017140804864,7.403313300218106,165.42065058996278,31.993449463194366,45.66057625654316,0
2026-01-21 11:58:53.139126,29.394102215852055,7.091717685024035,148.43056180045195,37.90460051027525,44.92287728026733,0
2026-01-29 04:43:53.139126,36.01030036999017,6.325655599985607,174.59765017870626,40.568351110684134,61.78631290075992,1
2026-02-03 05:13:53.139126,46.51799225810083,5.6799478535427435,164.12720706781437,46.48874204341794,68.96960252412606,2
2026-02-04 12:13:53.139126,34.23122882055346,6.078881542584265,177.06806617727116,37.022938821132264,94.01645650608147,2
2026-01-22 01:43:53.139126,19.35677093597576,7.11228176265164,167.13138192907826,34.93028957722139,39.185439372173484,0
2026-01-26 00:53:53.139126,25.557181542470165,7.50632481005746,146.31033529048875,38.044976610717754,47.89733182030587,0
2026-01-31 06:43:53.139126,32.886705444909445,6.662800817088831,168.9406621124356,33.9262832366787,61.475621865246794,1
2026-01-23 09:08:53.139126,30.738486646402052,6.86565911588437,148.05905716369404,34.69137628232728,42.39425384480599,0
2026-01-18 11:08:53.139126,24.598199931405023,7.16586631821337,149.39721540706745,40.08914650051305,44.36377805425814,0
2026-01-28 21:43:53.139126,33.9733372376905,6.436729968547306,141.10745028988703,36.745208848501534,61.692376667348526,1
2026-01-20 07:28:53.139126,26.704236846143253,6.918817825991417,147.43043263512135,35.65366982202972,41.63475126170084,0
2026-01-16 12:43:53.139126,21.53015095597957,7.13503135813545,148.0173027114895,35.08733381544878,49.73972566781618,0
2026-01-25 06:38:53.139126,26.342803692379,7.032516430332956,164.14258819854243,35.04015864183509,47.443547067360946,0
2026-01-26 19:38:53.139126,29.061665611536608,6.94423905702536,149.96421063519134,41.090441360379515,66.06851029621394,1
2026-01-30 06:18:53.139126,34.18157717415414,6.94955373311404,171.85677139278843,28.744866274015333,44.87963045350418,1
2026-02-02 04:18:53.139126,48.11844062952908,4.359631688494014,195.70313978069572,40.55506999405263,77.28744064253534,2
2026-01-27 03:13:53.139126,32.840160789815805,6.8468805563403015,162.53474041727702,36.776209354997064,55.49703540112276,1
2026-01-20 07:23:53.139126,19.81854425222843,6.992270242293401,153.46972975169044,35.18439325049643,45.31396310933447,0
2026-01-18 01:48:53.139126,32.50604729528046,6.928263759775132,136.830421483844,35.9424111040315,46.23950234219177,0
2026-01-28 00:18:53.139126,34.55913812479398,6.573425695071436,170.01207484893405,38.41524556735296,70.35215753202299,1
2026-01-18 00:13:53.139126,31.01469567906344,7.01729023742057,126.90208297642737,35.53100186318574,42.00036847207434,0
2026-01-19 02:33:53.139126,29.620007333823683,7.232369479122372,150.55163996099148,28.32509015830265,45.53754512257136,0
2026-01-31 20:48:53.139126,52.328288428380056,5.201438662640061,192.78737108891133,47.85308137795301,74.1442124805346,2
2026-01-20 22:33:53.139126,27.80512416985164,7.029386781966744,170.8955493400522,28.370584080087767,50.26870055232945,0
2026-02-04 23:38:53.139126,40.362769190707176,5.715552974822308,161.0129816119867,43.583735804155964,65.74210548504657,2
2026-01-24 10:43:53.139126,26.826684023706576,7.279053214971832,142.3303236781573,35.28742012861427,49.616086707743975,0
2026-01-29 22:33:53.139126,35.4392668499697,6.507088391515624,182.31538011094878,39.31787623536934,58.059654914003154,1
2026-01-23 05:58:53.139126,27.5116049781027,6.5553206766935865,139.2084547530866,39.88427843743493,50.922018506382116,0
2026-02-01 16:03:53.139126,53.65181062889112,5.716648223087674,229.48763249555023,43.38743454927458,67.52772565792026,2
2026-01-18 14:33:53.139126,25.438462412004323,7.14577900366442,132.72009699213285,36.29057129949011,40.380429321386345,0
2026-01-29 10:18:53.139126,30.19858506810157,6.888531804893411,174.8676395141378,35.032814141283374,59.33791841182439,1
2026-01-26 02:43:53.139126,20.61594240798699,6.630169138964191,145.46762955595784,32.93529720988013,42.03884073992101,0
2026-01-18 12:03:53.139126,27.856923580345626,7.075163222341364,146.61552456304986,31.400450972458525,41.20531842024978,0
2026-01-18 04:43:53.139126,25.868121295672015,7.4929343711550365,146.9389695718385,37.76258759768599,36.90293032584592,0
2026-01-23 19:08:53.139126,18.535887372357536,6.928267851250834,153.6055365943637,29.350942976069383,45.84695171802536,0
2026-02-02 08:28:53.139126,51.55478622404552,6.478335634601987,200.6836384085393,41.36092917488574,70.57470349428374,2
2026-02-03 18:28:53.139126,37.331389436257496,5.920871932340223,179.5162924752636,43.319061893439034,80.04546231408482,2
2026-02-02 12:28:53.139126,47.871169419528776,5.316110770440581,199.9399407324329,36.171896816482246,62.13242770964902,2
2026-02-04 11:18:53.139126,48.848201188357116,6.092799511662831,177.24178013380018,45.96749428792384,82.77502707022384,2
2026-01-17 20:28:53.139126,21.667894120135813,7.156968824501425,159.55170431229087,41.34927008220735,51.64880724714817,0
2026-01-31 17:43:53.139126,44.226778679722095,6.052608035378325,208.88348664640816,40.286030583935975,64.65164486294816,2
2026-01-17 05:03:53.139126,28.091909099864285,6.772650249807374,143.52858361286442,31.677743367537797,49.30366356112151,0
2026-02-05 12:23:53.139126,34.390506061822414,5.7490960536400735,169.89634261033524,45.424332106059595,67.0254341212364,2
2026-02-04 05:58:53.139126,41.89530603408915,5.621179274494339,176.64288759657646,40.10045074478105,73.55570044246831,2
2026-01-17 01:23:53.139126,26.38358306012116,7.019865724019063,124.40779176398716,35.37866157966449,46.463504782851786,0
2026-02-03 00:08:53.139126,44.93291624175518,6.329711670590376,183.82841085635738,42.03012593668717,62.64199740008963,2
2026-01-28 16:13:53.139126,28.091581088406627,6.316809480149488,159.07562250366587,37.43621129292688,70.7121153062133,1
2026-01-20 19:58:53.139126,24.961736026177874,6.774590277392805,174.98926387941273,35.71901466698169,37.29736710758196,0
2026-01-30 16:08:53.139126,30.72477872095099,6.733569528087144,158.725607281816,39.77744173336022,63.147800346718185,1
2026-01-21 09:43:53.139126,23.13289412499554,7.224482568428583,154.90752487050347,36.67238541729093,48.63082679784123,0
2026-01-24 07:43:53.139126,24.413534297029383,7.227632196752651,136.082508583392,35.85998417773214,47.14241002568706,0
2026-01-27 19:48:53.139126,32.66484937285741,7.023665567474109,162.0688241732081,30.711014637878005,72.26198303744012,1
2026-01-30 13:13:53.139126,41.74259644618061,6.413999083343273,157.18893884037047,46.340858310988935,56.15390661833116,1
2026-01-24 01:28:53.139126,20.885113246216832,7.124285197711319,157.61723275895693,36.178088009189004,44.21576473691764,0
2026-01-27 12:33:53.139126,32.288680971474655,5.901283364257406,187.68053835666464,43.89696615404656,55.83260540224007,1
2026-01-29 13:28:53.139126,27.669077667103917,5.8887437684211195,173.898021022411,35.86142845420458,47.850100201516334,1
2026-01-28 11:03:53.139126,39.512215567591284,6.5879178135671745,157.12022647492566,36.314003925129356,62.54092160880904,1
2026-02-03 00:18:53.139126,35.629756784446954,5.5091483822606895,200.42561583110853,37.64954775126901,87.64276894609483,2
2026-01-19 09:18:53.139126,24.60410756503197,6.879443878162004,157.04567675904005,37.359786190037816,49.10127300189822,0
2026-02-01 11:33:53.139126,42.46629719915142,5.22710618194149,183.31486975936357,37.695663318578895,72.94429529136397,2
2026-02-05 04:18:53.139126,44.811792420605634,5.941427505876766,179.91931091835312,46.16000275065148,73.47064524453336,2
2026-01-17 03:08:53.139126,28.851205755469802,7.123754320936404,142.25819798966717,37.725608106615475,49.09996318376712,0
2026-01-27 02:23:53.139126,31.33952269491229,6.4482642604493545,163.73623479096253,41.310874386048646,47.230361085076204,1
2026-01-23 16:23:53.139126,26.4822023424126,6.905443853270467,164.4054171598167,33.531505573926474,40.85498093806156,0
2026-01-17 03:23:53.139126,26.17376629403304,7.1522728938124605,132.4910793424376,34.65988491149582,41.443855771535674,0
2026-01-16 08:13:53.139126,26.826300660764538,6.9048834379686035,138.49172034125291,34.16657756326072,48.02154519740838,0
2026-01-31 08:33:53.139126,33.06744338900528,6.687584611618163,172.9062525086377,37.23777630017254,52.86402881223497,1
2026-01-18 15:53:53.139126,22.920074850852192,7.200807504586573,161.1443384764985,40.04308756621728,39.65434802870333,0
2026-01-28 04:08:53.139126,32.867313770066175,6.729444022373705,171.03854410236931,35.47426427326736,61.66335329759976,1
2026-01-30 22:03:53.139126,38.482231031228565,6.3908716966662364,159.75247968303103,33.55259593512078,52.599937310607736,1
2026-01-26 11:33:53.139126,29.40978387725036,7.256298284732597,153.32153221124577,34.63631437794164,42.124088150560624,0
2026-01-28 18:23:53.139126,30.256757219136084,6.462775092466818,159.84619333236205,41.4172482802048,54.73518048967431,1
2026-01-21 07:48:53.139126,21.62169600204228,7.146286129179075,141.26174477840786,34.72956276994131,40.4802927039356,0
2026-01-23 07:13:53.139126,26.995000726106333,7.133439383582194,143.6290762031007,38.79611329869571,53.6612891435704,0
2026-01-16 15:03:53.139126,27.16972751360135,6.836292734167319,147.84492572542345,37.3757539049413,45.9446395775895,0
2026-01-18 17:33:53.139126,20.063370885299687,7.211944547872994,151.9089653271003,33.55728930686332,49.472644161726016,0
2026-02-05 14:03:53.139126,46.67197879291232,5.46151313657084,201.40095564260784,43.03371844499284,53.80279307608886,2
2026-01-28 06:18:53.139126,35.44129537958441,6.568106531563753,161.63506711824894,37.03201745476764,58.90084934041672,1
2026-01-22 00:28:53.139126,25.363297337349763,6.964414107171444,150.37722211615392,35.549669053354656,40.46796379129567,0
2026-02-04 02:03:53.139126,47.78412170741943,5.721263986462336,205.8204548266427,48.55011839191003,71.31502140234399,2
2026-01-23 09:53:53.139126,24.550868755264354,6.881947880229542,138.97792642520074,34.750595046516885,40.094434165166305,0
2026-01-16 16:38:53.139126,26.61761030743907,7.147339865886513,153.2027247945224,31.79568253502582,47.1274641114115,0
2026-01-23 14:03:53.139126,25.356595227586222,6.787062084274559,157.02646955775273,39.58186393424736,46.99119263584423,0
2026-01-17 09:53:53.139126,25.962919331116375,6.853862723861528,152.2752284830512,32.46495429774568,47.43764264638551,0
2026-01-23 03:18:53.139126,25.33398319965222,7.011649586793777,140.91532162537072,36.62972676769216,50.95223066584195,0
2026-01-19 02:08:53.139126,28.873557616678006,7.389889323167447,148.8419336194425,34.00564593124066,40.86408265632779,0
2026-01-25 10:28:53.139126,24.112556916146534,6.774204506945176,143.7582716088779,35.440390609495644,47.91462479143808,0
2026-02-02 14:08:53.139126,46.42615215493335,5.792226687702635,219.7510722895284,47.09190838838313,77.65527388349084,2
2026-02-03 16:13:53.139126,45.45282925066093,6.691677250684679,174.4095410489898,35.96520957925093,84.27197851440428,2
2026-01-17 10:03:53.139126,24.451029755228475,6.768039785997152,154.09314670375724,35.68350035877117,46.24556218601076,0
2026-02-01 17:08:53.139126,35.245158713844766,5.898008455897995,225.50941127195853,36.99908543946335,77.67127566535393,2
2026-02-04 01:13:53.139126,50.93639374916155,5.769514132969248,174.9158279187885,47.2448384143636,65.1037547144888,2
2026-01-20 14:23:53.139126,25.397988826459613,6.852525717772755,138.97356872598525,37.16957219927435,53.026105789777304,0
2026-02-02 08:48:53.139126,48.06430868698204,5.641596080729413,196.05824543183954,40.590779430396665,72.40394523988162,2
2026-01-21 01:53:53.139126,21.499872428870137,7.347513430048128,121.64579475779362,34.619684655260386,50.05025757400555,0
2026-02-03 14:18:53.139126,55.59862934274919,5.170560034494297,221.74185701991914,40.210563828608954,76.72353935432253,2
2026-02-05 10:48:53.139126,46.08983654497119,6.149475236899418,210.2471037031573,44.90308869473292,67.15882425629549,2
2026-01-26 07:43:53.139126,26.02018000073775,7.075884688939516,143.0599392387221,33.940508763878945,40.15507101914336,0
2026-01-22 06:48:53.139126,23.35263588564911,6.847311599431152,169.42755025269113,33.30387923284068,44.539211245819544,0
2026-01-27 20:53:53.139126,28.505673779805367,6.280003324932379,167.2394697941397,40.31939426193247,59.90187299969487,1
2026-02-03 00:43:53.139126,42.16702373663253,5.827544847643384,235.65942123075146,42.19928562153668,75.3353933796966,2
2026-02-02 22:28:53.139126,44.80659193141355,5.489393468559152,198.50951009608565,37.23595378872578,67.0740429223166,2
2026-01-28 09:48:53.139126,39.09001506947064,6.614341871297096,148.77942238951223,37.76289479374664,61.13785593582999,1
2026-01-19 00:38:53.139126,24.862481299823482,6.793648012627615,144.51301999713988,34.833563916411265,42.596275090104186,0
2026-01-25 00:53:53.139126,26.104471997939935,6.734392812602733,140.9420706070849,35.52858906325451,44.42285546622496,0
2026-01-20 05:38:53.139126,24.529614333221954,6.8118911211832405,145.8779417550587,34.09005410373111,38.57416818344563,0
2026-01-16 17:08:53.139126,17.09366571686156,6.832572205437386,156.48568454041276,34.87351682027781,51.9750788133882,0
2026-02-01 16:28:53.139126,34.90939287757597,5.916108864186534,216.7759486631932,45.27414301858627,70.45590856498907,2
2026-01-19 07:48:53.139126,29.870245696836992,6.8204618883907,141.61887391455923,33.84549675246645,43.02623407164461,0
2026-01-27 10:03:53.139126,30.254759400055008,6.329623917018896,174.29376235015653,35.7602448335313,58.841880235778945,1
2026-01-16 06:18:53.139126,25.098505404330854,6.812935721043249,143.90455098401327,34.368336223410516,42.30625162157573,0
2026-01-20 11:33:53.139126,28.71958642690802,6.919719186526301,158.9489133600239,36.11242127184792,36.91981789813464,0
2026-01-19 21:53:53.139126,15.700390552595385,6.856214982094048,152.72316526445866,36.597863897220996,47.63083686471194,0
2026-01-21 02:48:53.139126,19.81490612999054,7.29424429178226,154.05136651050483,35.52658801043762,43.41751884888238,0
2026-01-23 10:08:53.139126,22.78193887904661,7.276334229453472,167.03086764770768,35.343373104843664,50.67004313705475,0
2026-02-02 11:28:53.139126,40.72940256768392,6.36201595813524,192.5682294257927,34.211108281573836,80.59096948912034,2
2026-01-20 05:28:53.139126,29.9687104437667,7.064471305581576,144.91054335808704,34.32403839009473,45.94736031222253,0
2026-02-02 18:58:53.139126,53.011020553565025,5.425064866823529,190.69974732224404,55.39323800444788,83.59529153686726,2
2026-01-29 06:08:53.139126,36.803646313726354,6.281908776005805,163.3356001130363,43.35363820412455,55.89162401633374,1
2026-01-19 16:23:53.139126,30.42926278241469,7.3582207425901895,151.11354192777938,35.15993223603262,44.66678965309784,0
2026-02-01 19:58:53.139126,40.25207016425993,5.955706344712849,214.99933445797592,39.990457002622406,80.16419295493885,2
2026-01-17 03:33:53.139126,19.01846182313398,6.955032646462475,154.23004967623768,35.9939176715714,49.14231435482114,0
2026-01-24 20:48:53.139126,28.392089146493237,6.859808774003964,151.69831283414123,34.835413260648984,45.11308989747963,0
2026-01-21 05:13:53.139126,27.92572760209485,7.053126413988621,148.89209245661624,36.232996074940594,46.60409560809783,0
2026-01-17 02:08:53.139126,19.611045443080975,7.307097892065054,147.26632200997494,41.20019744332764,53.81150284963252,0
2026-01-31 07:43:53.139126,35.34701176216996,5.973178476642695,171.0091792820606,45.63723793165743,51.29605427881261,1
2026-01-24 17:13:53.139126,25.4738322568859,6.918619657380992,132.5124369401831,35.31736825693204,50.1412994290108,0
2026-02-01 14:48:53.139126,42.7135658485031,5.713558454724261,215.64602193905097,46.977591456235814,66.11534124743135,2
2026-01-27 17:23:53.139126,36.639530452756965,6.232479531056084,181.88030897847315,42.994478843144655,60.01026279568592,1
2026-01-22 09:38:53.139126,23.751726023803577,7.585973088886874,160.04100087787754,32.900838453955885,41.63560868801512,0
2026-01-29 14:28:53.139126,32.5407834832944,6.274816465258336,162.33778943874975,41.000848016569115,53.16676102420473,1
2026-01-31 01:58:53.139126,30.768415873910456,6.3293623928889495,142.78527438060942,41.058944728510426,61.50076467230506,1
2026-01-30 11:38:53.139126,33.77202378595939,6.314865513919526,176.3914774402027,30.03951753772485,57.04681817561632,1
2026-02-02 16:18:53.139126,47.18676708702084,5.144773094992344,203.291397972291,35.85020128840474,66.15252817205317,2
2026-02-01 20:48:53.139126,43.79627730154753,6.273939869573623,166.94217335838627,39.36106841315915,68.0276540135049,2
2026-01-26 06:53:53.139126,26.70976602228898,7.314060719006014,144.49204639153135,33.68501954935345,44.79888323391688,0
2026-01-23 11:08:53.139126,24.54253645209532,7.30952169081442,153.95350710669805,30.008073289649886,48.48922600280841,0
2026-02-04 17:58:53.139126,47.65346201610288,5.952987596803572,181.1474232624161,47.39793905762189,72.39132060135074,2
2026-02-01 19:43:53.139126,42.993914062859396,6.858733692298901,215.8396154913235,46.642735565755984,56.147501226473736,2
2026-01-29 07:48:53.139126,32.55246699053796,6.052363445721714,174.40097956496083,32.593639475279524,57.86979314037241,1
2026-02-04 21:58:53.139126,49.04898231418566,5.532172110443631,173.629406705491,44.67817638419072,83.79860836266938,2
2026-02-05 03:43:53.139126,44.68155762113904,6.121346606233519,196.08547056485088,46.64001874289114,80.98431395010546,2
2026-01-24 04:43:53.139126,27.604704621860932,7.2670001703737785,143.29436204156303,35.41659235797089,40.89578481486394,0
2026-01-23 03:38:53.139126,22.261522228243216,7.2140056236481716,147.1026987256245,38.962175889805984,45.91596804476339,0
2026-02-04 01:53:53.139126,47.24423939821542,5.939996516834467,184.11772919806936,35.62507418332272,80.9033944365409,2
2026-01-16 23:58:53.139126,24.68013656049002,6.939060578057808,175.0959638845256,39.69158934829705,46.825993811638604,0
2026-01-17 20:48:53.139126,21.397328690399736,7.090797734364895,152.10924200380188,35.43501003635979,46.928982818736664,0
2026-01-22 20:23:53.139126,21.281455746936032,6.99799388439831,153.3337679210212,36.85350875799481,36.271630563434044,0
2026-01-16 10:48:53.139126,25.01262796331537,6.936924838535925,139.7026996081649,40.58531243892867,42.94431715341127,0
2026-01-26 08:48:53.139126,22.75357336730612,7.192373408519177,152.51312577061324,36.99836940085559,39.32644492159321,0
2026-01-18 16:33:53.139126,31.132404077025303,7.033997712149231,133.69647759723068,37.183505480686954,49.8469327704979,0
2026-01-31 23:23:53.139126,44.08770102856018,5.604760943568091,184.3815431968566,44.135942557943565,83.98455679098353,2
2026-02-04 09:13:53.139126,41.73636379965296,6.821245833717399,215.53210344669853,48.28217596870017,59.62828447657641,2
2026-01-20 21:08:53.139126,24.37480421169445,6.917603658074704,148.78887062886935,39.60251889613056,47.83284712184997,0
2026-01-29 12:43:53.139126,33.14594932084942,6.705541120143957,140.86315808264655,30.602006976712243,43.78825238744955,1
2026-01-29 08:48:53.139126,27.183853280129735,6.565773811094623,161.52514000991104,39.26755196166582,57.598413877522354,1
2026-01-28 21:23:53.139126,37.8392318252639,6.403665240120846,179.72447616650913,43.20122426326897,60.656457077399715,1
2026-01-22 21:23:53.139126,23.49882954963188,7.177692790467626,157.4948559863562,39.02824439057041,38.459836832653934,0
2026-02-01 14:03:53.139126,52.619735083461684,5.941550424584666,221.05089606200895,40.575646189143505,72.80544401515048,2
2026-01-20 02:58:53.139126,27.905294736299638,6.916464861203451,144.41721405024037,33.52846931290546,49.576297480922634,0
2026-01-31 06:33:53.139126,33.485286486765936,6.604870058855255,158.19664270266725,33.53435414858069,52.24898092557073,1
2026-01-27 18:58:53.139126,32.05644176672114,6.846312297975581,149.7446408302595,36.94146441368331,63.34408441744965,1
2026-02-02 03:18:53.139126,41.6880715002093,4.147308662392255,193.35312707718793,44.607799042084125,74.51150277075443,2
2026-01-21 02:18:53.139126,22.58838547428062,7.363481366244856,158.29901697817596,33.84313353751309,46.41202912321454,0
2026-01-17 09:03:53.139126,23.701459064372454,7.080917276151611,160.66948349825526,37.37126737610042,44.56688877940649,0
2026-02-01 19:38:53.139126,55.292579123768,5.917051978351373,222.19150324800543,48.084354073519286,83.31404756467072,2
2026-01-26 07:38:53.139126,20.71657313457889,7.391959670087268,139.5004156890083,35.39821476390886,46.56421750494452,0
2026-01-17 12:03:53.139126,31.082704973176455,6.64530324698104,142.89533185931634,32.5785908233764,51.71500383183261,0
2026-02-01 05:33:53.139126,40.07710374524465,5.321169847036066,201.53289447240172,35.03594813490717,84.65903729011141,2
2026-02-04 17:43:53.139126,50.34063262696501,5.793266792680045,179.6622217017771,42.75380463143194,76.70195187682197,2
2026-01-19 09:38:53.139126,25.61453333660079,6.921317217690092,139.52893203620886,38.94663107664812,45.92962338742647,0
2026-01-25 18:18:53.139126,21.427982318513813,7.228649951295823,156.65059712166038,35.89747724586149,48.8683897705895,0
2026-01-16 04:08:53.139126,23.91737478209598,7.017903973251801,152.11712663824065,32.39454522318026,44.77564675465175,0
2026-01-16 21:38:53.139126,30.510356406627274,7.000898314080186,142.2180700397001,36.67567424054998,47.00056824944063,0
2026-01-30 15:28:53.139126,37.37749375259735,6.477466962095637,154.2173343009441,35.2983122161208,49.92566797137611,1
2026-01-18 10:13:53.139126,24.134616126528158,7.1420125041653035,150.30455418400473,33.17466638331009,37.70018866752641,0
2026-01-16 20:43:53.139126,24.322649268152386,6.991378633141049,129.41481458800126,30.64813284387924,43.51844362671364,0
2026-02-02 11:48:53.139126,49.802567182117215,6.166370315611849,173.90678665426594,44.91571110223725,70.19635375086314,2
2026-01-30 01:53:53.139126,26.689812101870533,5.859700824428987,170.91393746764817,38.968834524859744,62.760444644527254,1
2026-01-28 12:08:53.139126,28.99176979584427,6.598926690304461,188.3316751888717,40.746984687499626,51.84154349958932,1
2026-01-24 19:58:53.139126,30.975270307342672,6.8791418264643385,164.3227212328129,39.33807586340924,49.13169200965799,0
2026-01-31 08:23:53.139126,31.0243502075054,6.283398261496557,140.0480753406009,31.57966149118102,51.53339525121545,1
2026-01-18 03:18:53.139126,25.588342963779876,7.102894675000729,134.38586807595507,28.173856790345894,43.54350393943384,0
2026-01-22 17:53:53.139126,29.57986167805131,6.749520682065346,141.5155300534351,35.20442077405254,42.562514284741056,0
2026-02-03 18:38:53.139126,40.074796117106274,5.664325460289569,197.16869304859563,39.60265575388698,83.22275820593754,2
2026-01-31 11:48:53.139126,26.609997023416167,6.765924018730726,148.64579207216246,41.529328757011854,57.84851925350727,1
2026-01-31 04:48:53.139126,32.99476350581665,6.517724729287084,172.7120223385324,36.124571568242125,58.973326781217246,1
2026-01-29 09:38:53.139126,36.68721815955932,6.519073343310525,160.2381852764044,38.09741566914821,59.10295732253596,1
2026-01-28 04:28:53.139126,34.402992820728365,6.309365275715468,160.39124995692202,38.159693805090406,61.97854114683021,1
2026-01-31 23:58:53.139126,39.30649953149945,5.772088243406942,205.45385141492633,44.60601591694249,85.24143790186473,2
2026-01-18 19:18:53.139126,27.612724986822045,6.950794607019516,158.76001830280308,37.81451268526015,43.71290971065596,0
2026-01-24 03:23:53.139126,28.88363884701818,6.699852132490672,152.9480092841489,35.477707144635076,40.69485544404459,0
2026-01-19 15:23:53.139126,20.809045423282193,7.159729875636472,146.62177158189417,30.84378977900683,46.781101547031845,0
2026-01-21 16:23:53.139126,24.527500048822255,7.296614345587791,161.1604268079501,37.606801559280164,38.160741477453044,0
2026-01-24 19:18:53.139126,26.006761107905238,7.000841529925032,151.7662962361713,31.276211829183023,48.18549050649624,0
2026-01-25 20:28:53.139126,21.713779469890284,6.84045323155294,155.64603609904415,29.410644379615604,44.97170178528426,0
2026-02-01 00:53:53.139126,53.336667374153855,5.489514685625638,199.02722496884118,41.960279253610985,68.37678257684418,2
2026-01-27 06:18:53.139126,29.596972926085467,6.813676859422164,180.60198830413947,44.45357168518834,64.54666844451808,1
2026-01-21 06:48:53.139126,23.356366240641265,7.6250928757141,159.14911785481365,38.54644253992393,44.354524405252235,0
2026-02-02 09:53:53.139126,43.15174673123577,5.0935438108687565,176.2179168710373,49.088895824537715,73.80413691443889,2
2026-02-03 07:48:53.139126,50.2195426080938,4.521728128731039,203.23705255597687,47.578292799769486,73.77273484523351,2
2026-01-31 04:13:53.139126,30.78717239177101,6.100508885235815,186.24339946705732,43.32920784498742,54.89439518769657,1
2026-01-28 19:33:53.139126,38.16997258464035,6.4174181855949115,159.38188593964767,42.2105504341317,60.783834558926806,1
2026-01-31 16:28:53.139126,30.51179580745981,5.869318450585746,157.9355428236221,37.56374650184441,69.47761681455458,1
2026-01-26 02:18:53.139126,29.912095537154478,6.904075551525529,137.21305533785406,36.4734235431094,44.45290727968427,0
2026-01-21 15:18:53.139126,21.460341269218695,6.932953050690266,157.75186032063752,31.342430836667976,41.60197149074087,0
2026-01-17 21:38:53.139126,25.547608673562923,6.897171140687643,157.2982619621691,30.539330506720734,44.50673157698284,0
2026-01-17 05:18:53.139126,28.19706874045687,7.363909594744472,159.13801888122853,29.872795936087883,42.34737788677513,0
2026-02-03 09:13:53.139126,43.564124445032846,6.625063644535734,199.95065363021942,41.727145009067364,67.55455735438568,2
2026-02-04 16:08:53.139126,43.02668798666096,5.873827261008684,192.76903969420434,40.543238912267874,76.69589514844277,2
2026-01-30 08:08:53.139126,31.10035084196672,6.34241043250167,171.79758905934068,40.45054324350592,65.197638705246,1
2026-01-28 21:58:53.139126,30.853043588872488,6.80038641533902,156.87261673481754,38.250790867190254,57.34830383601707,1
2026-01-16 20:38:53.139126,27.93921824267455,6.939065655194006,143.73810970539452,30.232439092314543,53.097144814742556,0
2026-01-25 07:48:53.139126,25.047135749762607,6.704049337962809,133.23637417147873,32.783045462895906,48.24502613732479,0
2026-01-24 09:33:53.139126,23.109270302479512,6.78203375718547,141.77961438628296,35.3725928783361,42.008700983007536,0
2026-01-17 08:33:53.139126,22.312460703649243,7.409976075536335,157.03040063364705,32.98503660411007,39.43560964663176,0
2026-01-31 07:08:53.139126,31.901803204195467,6.341599897104507,168.8316404722491,41.23063820486251,67.5237398879685,1
2026-01-27 16:33:53.139126,32.59394982202308,6.245784980361978,151.9605912397332,43.72836016585953,50.753453763245716,1
2026-01-26 13:23:53.139126,34.23475686863501,5.984350151403806,167.8910942954187,42.210309161451164,64.93988914954464,1
2026-01-24 03:43:53.139126,23.740063121165875,6.679469592289938,155.3302435553331,39.02949503939939,45.12657390084184,0
2026-01-19 18:13:53.139126,23.809903807597617,6.62035056417348,152.19865967308243,33.02678741328453,49.53442933214842,0
2026-02-02 22:53:53.139126,51.43557932884954,5.899139120464775,222.72643380972016,42.67965774391827,81.81799586114535,2
2026-01-18 17:48:53.139126,22.642890861495,6.846860490281337,163.80860722805966,29.965268071220382,49.07908776170258,0
2026-02-01 07:28:53.139126,51.688427404455396,5.175470514721087,178.20665857811414,40.87288772700088,74.1189749576553,2
2026-02-03 10:18:53.139126,44.14002867704307,5.088078317738913,195.7544022290092,41.71240573873691,81.0516883748147,2
2026-02-05 22:08:53.139126,54.76653527622755,6.1627529485896515,199.25996533580138,44.4577556144959,75.08196222675325,2
2026-01-21 01:23:53.139126,22.880194860956486,7.109884541257361,152.95954251344983,36.92416448877215,46.18396537984259,0
2026-01-31 09:48:53.139126,29.957075711781705,6.947362002403202,172.97436790689287,39.30988701390926,54.33087793944587,1
2026-01-28 22:38:53.139126,34.84654499083801,6.446065391380978,152.05506358671397,41.78390757965558,56.60474226333225,1
2026-01-16 20:23:53.139126,25.509548834266354,7.039547396832252,149.25784089225402,29.94873895713638,43.92970543494214,0
2026-01-21 17:03:53.139126,21.618543498493217,6.81488617270585,163.15726434013388,40.74236345612462,42.23832925911752,0
2026-02-01 08:08:53.139126,40.86141488372035,6.416450748127653,191.45089963629354,41.612372969183866,82.37399918193893,2
2026-01-22 01:38:53.139126,22.745581670066276,6.74241053408121,143.62408927022258,33.50884770659413,49.71771118703743,0
2026-01-25 14:58:53.139126,23.978241674988535,7.04587948798453,158.08748978094587,35.40452944738731,43.29235839671372,0
2026-01-23 05:38:53.139126,24.717675526656784,6.750962747934764,141.04866285439397,34.216491447671224,53.098340615240296,0
2026-01-26 12:23:53.139126,19.923609254668403,6.805712113781527,152.45487482364146,33.89525688284605,49.81835293056846,0
2026-01-22 23:48:53.139126,27.755492010853132,7.3481685282183635,149.9883610986543,35.175439164940876,46.22219825358382,0
2026-01-22 00:23:53.139126,27.630322937187422,7.110363144972564,145.25553145700772,34.20783264445213,43.90018657572543,0
2026-01-26 20:58:53.139126,25.067305312313376,6.822304929731502,175.43086395077162,33.586955111359764,54.89257465682962,1
2026-01-26 15:23:53.139126,25.606757454018773,6.677406245192148,168.08797178379484,45.246580639534685,58.89593229135768,1
2026-02-03 14:28:53.139126,48.46182625700881,5.99022935858718,209.90027358378848,39.185051218269564,88.34275123818985,2
2026-01-16 18:53:53.139126,24.92098422060844,7.117128797394869,155.64562534128973,34.36260275398197,44.6738749173361,0
2026-01-18 14:58:53.139126,25.787724859396878,7.230681124341095,159.01145845086697,34.9453965945416,43.64334405876336,0
2026-01-29 17:03:53.139126,33.04117164694916,7.099511975561062,193.52135468166094,42.21211041098423,59.40572019396732,1
2026-01-21 08:33:53.139126,21.95370454682538,7.131106361863849,149.17322667032795,36.43459896871198,43.339413232240176,0
2026-01-25 05:08:53.139126,28.74597836715536,6.915402393073041,163.00863590585584,36.64528104213701,52.137690198472704,0
2026-01-31 20:43:53.139126,39.89324450935706,5.410917909713436,194.4530267065207,41.5524898457992,66.89620265103385,2
2026-02-01 09:48:53.139126,46.9891830532679,5.959088034496954,182.83221638375124,48.941095698256404,100.80798796348063,2
2026-01-19 18:33:53.139126,23.868198366819083,7.004472292163569,171.55834949814937,39.06431747595933,43.73362742844951,0
2026-02-02 10:38:53.139126,44.37856952742541,5.713798330061231,206.38848524938376,44.75992034036018,78.33958931004044,2
2026-01-19 04:28:53.139126,28.198435441875237,6.64035513044048,154.2999674813668,33.804992173565296,47.006776268318966,0
2026-01-25 11:23:53.139126,30.085153034387307,6.961867305377591,147.5263401340397,34.641104930185094,43.90923154576888,0
2026-01-19 21:33:53.139126,29.467488418086496,7.333268180399444,149.26700335950164,32.53531885495615,40.73365293354,0
2026-02-02 19:18:53.139126,34.66518677996854,5.90789608012288,172.02204084041952,41.6007318081087,87.87919781581063,2
2026-01-30 10:18:53.139126,33.435853301210614,6.182200896393549,151.36916836217057,36.85504418634464,69.17683187452559,1
2026-01-18 01:53:53.139126,22.04390034276229,6.799571034206665,142.8640004081054,38.616135608096,39.86014912630373,0
2026-01-17 21:33:53.139126,25.196640141219245,6.98192914912505,158.91962607887996,33.44410693888786,41.48429165563424,0
2026-01-28 16:53:53.139126,25.404708073345468,6.7022562877284875,166.43714821214618,36.329822519716046,49.033535329246256,1
2026-02-01 20:58:53.139126,39.88763362533892,5.352092188554871,190.73324979396352,45.7140503457049,79.47829605420375,2
2026-01-23 13:38:53.139126,23.87479078358454,7.0393205113835675,151.02550141270723,38.89655488189553,48.42002406126136,0
2026-01-16 14:08:53.139126,26.17660181789172,7.405408156126979,146.5314647927438,30.667136919857715,49.53889792018914,0
2026-02-05 08:18:53.139126,45.988462079227844,5.616579893051351,197.10736679692,48.82577640302408,81.78021248224873,2
2026-02-03 10:03:53.139126,53.70026450997475,5.83089238535057,186.20100207638848,46.8172468926043,77.75674456457482,2
2026-01-24 00:53:53.139126,19.705132274769294,7.338370746405456,165.837983724701,33.20590745290101,43.943024859068586,0
2026-02-02 12:03:53.139126,43.14313550242468,6.628594656362728,204.52212269869872,37.95448865894035,73.69630604592967,2
2026-01-20 02:18:53.139126,22.61269951676257,7.071266880299414,162.56827110084657,33.37439584558396,43.86213376840743,0
2026-01-30 03:53:53.139126,29.575092987408375,6.853938454501858,162.55261556229237,39.623583561305566,54.270538309018754,1
2026-01-24 18:43:53.139126,26.685048900063805,7.328825018449528,164.66363794811542,40.364863434784226,42.67637578641986,0
2026-01-23 23:58:53.139126,28.84464079969337,7.157271664294343,147.83541211812604,33.47436982512184,44.542762725267686,0
2026-01-24 21:03:53.139126,20.970378624305233,7.28853027759467,155.40353191303814,33.871948674024395,47.42542295178704,0
2026-01-17 17:08:53.139126,20.20339645563074,7.094031815200545,140.2934374782535,36.203573350227906,35.797714437516696,0
2026-01-27 14:08:53.139126,37.033287895097665,6.102445902016437,171.56795488349604,33.97027539755006,72.13826021369316,1
2026-01-26 23:33:53.139126,31.30615298112778,6.469288187151038,175.73825931876203,32.810501906946314,66.6844913914079,1
2026-02-02 09:58:53.139126,49.11678930394117,5.786502751879766,182.71154732083326,40.347459127688566,84.28299079145008,2
2026-01-18 04:03:53.139126,21.26878547233918,6.969333311972494,155.76244292335605,33.546395298070024,37.73504391426335,0
2026-01-26 19:13:53.139126,35.45358751248126,6.679828015328331,186.50663321997848,39.115056719261304,55.57144382044541,1
2026-01-22 09:08:53.139126,28.51885528867753,7.057915582817064,143.17085506363827,32.827540417462004,39.64755484317231,0
2026-02-02 22:33:53.139126,44.076731480017585,5.633540361329576,182.7568907448707,45.0530598717622,61.91378701026322,2
2026-01-17 16:03:53.139126,21.717912024607458,6.691542300285239,148.23872842032648,37.151103156316296,47.60323979010459,0
2026-01-26 16:08:53.139126,32.65437760669551,6.340104481421208,155.82661741275572,39.013505037473344,74.11159049221882,1
2026-02-05 08:03:53.139126,47.88884047417987,5.620275807821814,197.74570477560576,41.48954176865933,70.2072818563622,2
2026-01-17 21:43:53.139126,25.52208176570159,6.967222348445725,158.4492601561301,33.95732432108793,42.02056343426398,0
2026-01-24 20:43:53.139126,19.47380055272079,7.332015596829699,139.65848522165692,38.89236926376718,41.98564127521149,0
2026-01-17 04:33:53.139126,23.365665473313943,7.09108094548746,149.34568114509233,29.667422434933922,45.12612483949249,0
2026-02-05 13:08:53.139126,54.215815510815,7.092334047429498,203.3568798258789,31.381032922557036,79.74924059436245,2
2026-01-31 16:08:53.139126,27.572509627320354,6.753826878543982,171.91014649993747,31.271143317687066,62.80202048254271,1
2026-01-25 07:08:53.139126,25.886982149730592,6.876361498790147,166.1755152289101,41.09484089159086,50.60078642268291,0
2026-01-28 00:58:53.139126,30.71085462142007,6.106715643675639,167.72692990439992,40.99389023230045,59.66312380796932,1
2026-01-20 04:23:53.139126,24.90976270999541,6.975955252809922,159.33964510981343,35.34653802547478,45.53692375258462,0
2026-01-28 08:53:53.139126,23.444480214622395,6.5680883929835305,179.09315679912936,37.80647862598088,66.19889799746865,1
2026-01-17 16:08:53.139126,21.756364089329008,6.8634656474685265,147.30801032265953,33.85092503050074,46.03423493041426,0
2026-02-02 14:18:53.139126,39.39476998364754,6.150881614145396,158.27703314518433,32.66761007902181,80.51802261373194,2
2026-01-27 23:53:53.139126,29.05092307533702,6.434973143408337,156.83918439696967,39.164753463471385,58.50391491054169,1
2026-01-19 23:13:53.139126,26.256499622264208,7.137749567459931,161.5075620947978,31.619449344524302,42.58545729841046,0
2026-02-01 22:13:53.139126,38.993393496133734,6.163121970801812,192.91369243757282,46.38040786273397,70.75632612922058,2
2026-01-21 14:03:53.139126,23.63611556242541,6.902809592520286,156.95366892112483,30.855362660727042,39.716366526834875,0
2026-01-19 04:43:53.139126,24.714536642979542,6.80788131397564,144.996053460905,36.74100666486275,47.5328995106778,0
2026-01-21 17:08:53.139126,25.18833584325849,6.920123624719506,161.31037424099827,33.18564534477234,45.33296558794881,0
2026-01-31 04:53:53.139126,32.54570965547433,6.48772727479783,161.8654894493575,36.81691621512925,55.88005639236799,1
2026-01-29 22:08:53.139126,32.20404276331669,6.234124075456108,182.24766110957088,39.878887950119385,69.16494206869186,1
2026-02-04 19:53:53.139126,41.92759016326523,4.931840054087344,191.77130711501002,47.15473028685066,73.07437519151972,2
2026-02-05 09:08:53.139126,37.502963281660776,5.978241895301272,200.4150277823007,43.077010763889334,82.93178546319484,2
2026-01-26 06:18:53.139126,26.4129233790827,7.018452810199272,156.29548711642676,40.01688437715344,45.45399612566532,0
2026-01-20 11:48:53.139126,30.756979751417564,6.951523189202903,151.6264237147659,38.36407995363827,47.04217879564404,0
2026-02-04 14:28:53.139126,49.78560527479091,4.595861082875818,210.82566920581928,37.339883559745275,70.53735827215215,2
2026-01-19 13:48:53.139126,29.358310274250044,7.102461040846515,163.243246893164,28.793370081391366,47.240817673477316,0
2026-01-29 03:58:53.139126,29.436356658221282,6.5109286270457565,150.91974359194037,35.52469692855341,53.145560884926084,1
2026-01-20 19:48:53.139126,22.69313685765737,6.710598345773848,149.8996912848313,35.72101316724067,50.592244156031,0
2026-02-05 22:03:53.139126,49.34051914056258,7.102121064886712,209.8364918988429,48.905549762435506,72.35936611246802,2
2026-01-21 05:33:53.139126,23.046972658059047,6.558066588318524,168.40702048226066,36.095948954294386,35.33006107887901,0
2026-01-16 18:33:53.139126,19.286473645707897,6.790236332134262,169.8214421059133,27.323336165196977,50.18717752168252,0
2026-02-01 09:33:53.139126,43.43611993660695,5.833633246351397,204.58381854797898,54.99971936501037,60.569212759679324,2
2026-02-03 20:23:53.139126,42.57567484790517,4.808925614730518,201.79308092291592,43.680856874674134,79.58633461934001,2
2026-01-25 19:13:53.139126,33.97501984822823,7.08011947715023,158.97617261704173,33.91295380327432,40.20948625576882,0
2026-02-02 11:18:53.139126,43.56735107829554,6.374886995668482,182.9119197882737,42.92801786318159,85.45243309153058,2
2026-01-24 11:08:53.139126,24.368604547172502,6.67539701318536,145.10101757626677,34.1868197730912,51.286963714549756,0
2026-02-02 15:58:53.139126,42.907496253487125,5.880975036547722,211.71017165779818,46.26789042708723,68.83302268897452,2
2026-01-22 14:43:53.139126,20.815928352003365,7.210350334353643,163.18506372804788,36.017721884987516,48.23198245038178,0
2026-02-03 12:13:53.139126,52.382280261855165,5.030887508438845,187.75690280371566,34.74276878444254,84.01926922425824,2
2026-01-20 18:03:53.139126,27.84866955842862,7.123756609707684,134.41070225129343,34.95514984182696,48.45840405089593,0
2026-01-28 04:18:53.139126,29.508272028992558,6.454729550657306,167.23087012501566,39.74862000431086,66.70045661509585,1
2026-02-01 22:03:53.139126,44.117911536410915,5.742181411143672,211.16027475964125,45.79639300370116,68.24749539529596,2
2026-01-29 13:08:53.139126,39.404260563845504,6.26082579927008,175.98519178128836,35.539449710653,49.350411286142275,1
2026-01-25 20:18:53.139126,30.540857128165506,7.269940335419948,158.31525946874996,39.3870054827243,38.610594028455246,0
2026-02-05 14:08:53.139126,34.18733538163268,6.790882203183664,186.88331861313128,40.09814232937742,83.69552849744625,2
2026-01-20 14:18:53.139126,22.654050620778094,7.188454421554241,160.01205192528244,38.11208989917062,37.456110690779525,0
2026-02-03 10:58:53.139126,49.97138411835487,5.363203070733102,179.15507689826367,44.92628969000175,81.31032331651645,2
2026-01-31 18:33:53.139126,47.24299957464604,5.329585950407743,184.52582033332322,50.39122907289083,79.30451690828377,2
2026-02-04 14:38:53.139126,48.602022409421416,5.147604092228509,171.4365324166101,38.004000294951716,71.3430750303885,2
2026-01-28 07:48:53.139126,31.372227280502372,5.8401168062707995,172.56624495205511,30.295033467485883,62.960934303491165,1
2026-01-25 08:33:53.139126,27.765652739362817,7.447139241774621,153.93908780210273,34.702998179309766,42.22592508695263,0
2026-01-22 17:28:53.139126,21.667659439831354,7.146200789124227,137.3683652349481,39.022124980533,42.773052086427114,0
2026-01-29 03:43:53.139126,37.41132281114771,6.632955766568034,176.31338409264737,37.58419199656109,62.27760836908518,1
2026-01-30 12:38:53.139126,29.07291827317105,6.140422712528898,191.01904929575542,31.578949515274772,52.93988388955409,1
2026-01-17 09:13:53.139126,21.523302658059578,7.060323239048037,155.1804115707413,42.53500234333007,50.04087717856517,0
2026-01-22 19:58:53.139126,25.443576124987974,7.1077514407883955,166.8574273355801,31.73398996407116,44.860647965378476,0
2026-01-28 12:18:53.139126,32.74578067930058,6.482549891139899,184.22688074250144,38.68427869461662,62.52339269836138,1
2026-01-20 02:28:53.139126,28.05346886218643,6.838437798444512,151.13264046703821,34.3060032715458,48.26233111370485,0
2026-02-02 04:38:53.139126,48.512284196962966,5.177919054622061,175.27063455626376,40.62550545101889,63.90981881845829,2
2026-01-30 00:53:53.139126,35.91356854481943,6.2430964586117375,182.51862664588867,37.84017158611148,47.34023877223908,1
2026-01-24 06:28:53.139126,24.988581753740554,7.019700239720535,148.79780833827408,38.85236666934913,45.792834767047346,0
2026-01-30 04:08:53.139126,26.72651178632902,6.6384011809628225,169.10597262260967,40.06650243237631,63.72017895790736,1
2026-02-04 18:13:53.139126,38.70169603581482,5.3544365867748125,199.37102955428583,45.23933122543333,75.29512334726313,2
2026-01-28 10:48:53.139126,31.284748434114345,6.17523910038121,156.71676149510972,35.75924321714132,58.88047001441537,1
2026-01-22 14:33:53.139126,26.336248510739214,6.838717454421877,157.28092728253486,31.788528521404942,47.55476763130882,0
2026-02-05 14:23:53.139126,50.793490334595056,6.492879783058908,200.19246374603472,50.06380346252817,77.30443059064717,2
2026-01-16 18:28:53.139126,30.866935042313063,7.13762710978704,131.4467488587386,32.45039446479995,44.13858849458199,0
2026-01-24 13:53:53.139126,22.889874711226117,7.338499670545499,165.71836162541825,37.65795505809732,45.005467160863276,0
2026-01-16 11:33:53.139126,23.849266285480894,6.97720794942774,154.2493961695066,38.16248710980348,43.88529147708319,0
2026-01-16 17:03:53.139126,24.636005827430584,7.0372479986748,140.96483764082905,38.07592114032924,46.158744903421834,0
2026-01-27 02:38:53.139126,35.41860579616644,6.345001414525835,152.1558985778419,39.13548129206764,59.10824414199753,1
2026-01-27 17:53:53.139126,22.789852908085308,6.866898857416153,171.92931467184843,38.666167343017754,60.06250863357826,1
2026-01-29 10:03:53.139126,30.02630160052554,6.64043030834318,178.93977710795588,35.65525998138437,50.36078260556365,1
2026-01-21 15:43:53.139126,18.866117263062918,7.234354301258474,143.94229898052254,32.07998792361926,46.024886630608094,0
2026-01-20 19:53:53.139126,22.344600781342905,7.390312209042727,159.88332180136598,37.44597672217259,42.631450430802374,0
2026-01-23 09:48:53.139126,25.180201576048862,7.1582086787989105,163.8360031995739,39.12185197422988,43.04915278523973,0
2026-02-03 05:28:53.139126,58.90476641434058,5.005554886957267,196.08118777384917,43.65817644949965,66.37851946718443,2
2026-02-05 09:13:53.139126,47.78906820381835,6.065164344453594,213.65104042153612,46.68154090080011,76.32826215380474,2
2026-02-02 14:48:53.139126,39.79112152196483,5.512796110100878,183.4937516492609,41.51864984027903,74.51325553516673,2
2026-01-28 12:53:53.139126,35.3048842276329,6.234130838245322,170.25588007940843,41.86915917972788,47.372055934617435,1
2026-01-20 03:33:53.139126,26.09215798526506,7.242569737164956,155.81661118587095,38.421427172449505,46.22605962286172,0
2026-01-28 21:03:53.139126,28.931041574167192,6.553589818694875,162.6597817367855,42.981549408722124,56.47749326233093,1
2026-02-03 10:53:53.139126,52.617375644507845,6.185399227259222,189.50297697649697,48.313714469089234,60.09498992341649,2
2026-01-21 20:58:53.139126,31.588745321931405,6.927622816245892,165.6214223655694,36.45413919679971,45.0207811312372,0
2026-01-17 20:53:53.139126,22.060008823383395,6.995508267402888,161.8876233267663,35.100488103030635,45.05264003529844,0
2026-01-16 16:23:53.139126,28.91592464392227,6.563472580456393,162.94707740331222,31.8506608267468,48.58117353329876,0
2026-01-25 18:48:53.139126,24.739070816158776,7.023312915698076,133.44446654719573,32.41925721631165,50.8553991195692,0
2026-02-04 06:38:53.139126,49.72263938240731,5.415352542119594,200.14513891459103,54.29049496347934,64.90343317505126,2
2026-01-23 22:23:53.139126,27.75474457734443,6.737212876992616,151.75845795469584,35.93154956983201,41.51788272650072,0
2026-01-29 20:38:53.139126,32.83919892557299,7.033396574670711,166.2736303722736,23.634388416040995,46.01850390701182,1
2026-01-16 11:08:53.139126,23.727295165566687,7.092788543315111,146.7421221402963,30.883390546930027,46.31664659528475,0
2026-01-24 11:33:53.139126,23.831782654675273,6.815923121533485,163.23909843194392,32.68941337612871,51.28177700080177,0
2026-02-02 04:58:53.139126,35.09221469951727,5.084806415813766,194.48744866509105,44.11649752157675,54.08577974128286,2
2026-02-02 01:18:53.139126,43.62071895773273,5.411642113392089,196.1138933872288,47.47232687084295,72.98615454662179,2
2026-01-22 04:33:53.139126,25.577186814654333,6.862193071259,130.9837406305373,35.16521735900599,46.59377550153477,0
2026-02-03 16:43:53.139126,39.62481714163862,5.625015758749743,227.12006680753413,36.1395327407151,65.73091207713007,2
2026-02-02 19:48:53.139126,38.736288930962125,6.493278813674367,209.10341736163952,31.621681726799686,72.29706866151064,2
2026-01-21 20:43:53.139126,25.35251300809987,6.925763409721206,135.30147469001466,32.19122609884911,51.63797792667027,0
2026-01-16 15:13:53.139126,28.837730397616646,6.935514395495565,147.36668085899365,41.116731976285486,42.5967553395393,0
2026-01-25 02:03:53.139126,28.991086559836816,7.207444990413182,151.86524699443802,35.795472081656754,46.87929764368234,0
2026-01-21 14:28:53.139126,25.333821911018937,6.916367637228292,147.19844348142263,35.791792468882285,47.69381613049123,0
2026-01-23 15:58:53.139126,30.060964586595784,6.843245431506661,167.04801133867974,31.30668759378804,45.79035132572386,0
2026-02-05 19:58:53.139126,34.82742313636355,6.207627095180076,186.37515651294743,46.325495882396524,79.33409505310667,2
2026-02-02 01:58:53.139126,57.347826639219726,5.905413496975593,184.9819717988056,46.874823894447374,84.00245173141694,2
2026-01-23 10:43:53.139126,21.069182012656363,6.882209071141467,157.52613942954903,34.733236981699804,50.586505763681586,0
2026-01-25 07:03:53.139126,20.906691292429684,6.8721827818195695,168.62700540172827,35.63808408282106,44.067305169278136,0
2026-01-22 10:23:53.139126,27.18613629287344,7.1682292460999655,153.06847287475367,33.015557646645384,48.638357713492496,0
2026-02-02 16:58:53.139126,57.43869432302726,6.135002154181066,201.16153013129477,41.952483132885156,71.75819645560748,2
2026-01-26 23:03:53.139126,28.988069293071543,6.490185195200325,180.3941778778832,41.81515690355387,49.75186933498181,1
2026-01-17 04:18:53.139126,19.773976012483786,6.989500456552082,142.6406353257601,38.30023728308012,44.713873926664284,0
2026-02-05 05:08:53.139126,42.41081080137474,6.361205184818177,206.04198007009177,37.25942616682166,85.43583431721596,2
2026-01-24 13:08:53.139126,24.578105852163603,7.183740937282269,155.4792621540543,33.46259254298714,49.261422199368184,0
2026-01-25 00:43:53.139126,26.84745177167262,7.084906813772023,135.18192211747362,31.676527592218896,45.918055500000726,0
2026-01-17 19:48:53.139126,26.096557379269143,7.177375324951229,151.8792552758934,34.730931328531895,44.995144433350916,0
2026-01-16 19:38:53.139126,27.215155729289634,6.862302181609415,135.72203290554637,33.83365413357984,46.12768128055472,0
2026-01-21 02:03:53.139126,29.748026987182765,7.104284068668248,137.5948026935299,32.400765757265276,48.94984169810455,0
2026-01-20 01:08:53.139126,21.1377717652815,7.338252110361453,158.76668148338248,35.348583708387174,42.39380391716156,0
2026-01-19 02:53:53.139126,21.658396855362938,6.679168406135761,159.0427302157592,32.05063964338679,53.207673289851826,0
2026-01-17 03:58:53.139126,20.67214660758034,6.926615190402371,166.4925936645413,33.39467637102029,40.03312961099314,0
2026-01-22 12:38:53.139126,20.549584736275804,6.980650280927352,135.75381775119118,37.67220026616086,49.56878460499685,0
2026-01-23 20:53:53.139126,24.566589302357027,6.7795827002928695,142.073507968734,30.624086971528897,46.31361147969107,0
2026-01-23 00:13:53.139126,25.210994494245014,7.300235847702217,146.06511002571247,33.689324075268516,43.993789088886075,0
2026-02-05 19:48:53.139126,49.61092612962417,5.862988249541247,180.91624626593955,51.03726110481858,78.13347296090633,2
2026-01-21 10:23:53.139126,28.251402072575488,7.185244338333192,146.18039787541971,34.551775701065296,38.05583835164477,0
2026-01-19 00:48:53.139126,22.677305652180863,6.887451296172651,147.26897187454873,35.53139020304649,45.107723834344235,0
2026-01-23 00:08:53.139126,26.059015621355343,7.305171657167706,151.42747948961915,33.26963012417177,43.804520323684166,0
2026-02-04 12:48:53.139126,42.389422021052866,5.855126195007246,191.03827651643658,42.79895069286879,74.06786368475153,2
2026-01-29 10:38:53.139126,31.66235908360081,6.818560405840098,151.92265104652387,34.00578245709843,47.814946234893014,1
2026-01-24 21:53:53.139126,28.35759433724667,6.943142608031884,139.0326546570845,34.38067642300856,42.07850177661508,0
2026-02-03 10:33:53.139126,52.84184019451954,6.647213465381346,180.85653281204705,39.315450733470904,87.752407490564,2
2026-01-21 10:43:53.139126,26.139645739721956,6.618685691152583,159.75761899410634,30.592757336916577,45.69361717845733,0
2026-01-16 20:08:53.139126,23.31882012183573,6.988140085963515,156.89502988772966,34.015895441597394,34.67425425977869,0
2026-01-22 21:38:53.139126,24.982909967868636,7.077932648748708,142.77502114787734,38.78692916603645,48.798269306151724,0
2026-01-29 00:38:53.139126,35.65557031185047,5.980676432213659,178.07864421496453,37.31019786376587,61.544361024910096,1
2026-02-01 10:33:53.139126,43.718738881840494,5.673626789076145,183.5284126755561,44.76418008358521,82.02551319759627,2
2026-01-25 12:08:53.139126,20.246601871716685,6.9914469817064395,149.2200289079284,30.609915413788613,49.80116759006086,0
2026-01-20 18:58:53.139126,22.75047127638325,6.953610455172363,153.06350430422657,31.097896213014263,45.40366730247385,0
2026-01-31 01:33:53.139126,32.31533877215945,6.741752802200419,165.828576348068,37.71212549271923,53.48803441245647,1
2026-02-01 00:48:53.139126,42.459379706086835,5.985853480055403,168.53854063257586,47.58277540602365,73.3513070678378,2
2026-01-18 11:13:53.139126,21.881070654277345,6.563366193513098,141.23366892949218,32.4775765487142,42.97553860095746,0
2026-01-16 17:33:53.139126,30.685373813114637,6.828044358765651,130.38446729443507,35.95399746000343,39.033252517501914,0
2026-01-29 03:38:53.139126,29.645426289254193,6.00311130592463,176.12028314143583,41.844544271118835,49.90806175771476,1
2026-01-23 20:03:53.139126,26.11141365274329,6.76240300540468,139.331689368919,32.64193121001491,36.64660369574877,0
2026-01-27 12:43:53.139126,27.163051505462256,6.0309063863526955,191.03722666856163,37.27723537640405,64.1621549853771,1
2026-01-17 01:43:53.139126,27.428621654343086,6.7385189406773085,144.77604947023423,32.30117680213266,43.248087338148835,0
2026-01-17 02:38:53.139126,24.78460147632023,7.157949373435473,159.0089241031822,29.265070176432566,43.96514148415978,0
2026-02-01 12:33:53.139126,40.54755785746931,5.924114059638504,221.59010506647334,29.871401396031,55.04568280289955,2
2026-01-19 13:18:53.139126,22.62957425637633,7.116932793171629,150.72285238331932,36.193667524234776,39.18368452242651,0
2026-02-02 18:43:53.139126,45.62064983525885,5.606060991193323,170.3443596777579,37.27350620087373,67.6097530689857,2
2026-02-02 14:23:53.139126,50.54316600965746,6.968295678697229,195.5734149689942,47.004022330803544,85.8680687232487,2
2026-02-01 11:13:53.139126,37.14308612907589,5.910171070273246,186.10999606323122,46.68481776229456,79.72320651046797,2
2026-02-01 19:03:53.139126,44.062149324171976,6.24825528690272,196.36311387726448,53.73144766115634,67.19883462844903,2
2026-01-17 01:03:53.139126,26.487719689623397,7.422928280062292,153.53817443050204,35.44183441227616,44.21970840067791,0
2026-01-24 02:33:53.139126,24.228073303255837,7.187196213245051,160.72678126623876,33.15061795887708,45.04109547568944,0
2026-02-02 02:28:53.139126,43.630010574180886,5.335373459696889,168.20920746582422,50.188830090556515,68.21113854743106,2
2026-02-05 08:33:53.139126,51.77548761904284,6.200029377854683,179.6196473315887,43.32989726407726,65.17860145349609,2
2026-02-05 06:18:53.139126,45.15896337867257,6.137372961640577,211.76122270094348,39.861642709267116,92.10168380468814,2
2026-01-16 11:48:53.139126,24.493182659663876,7.183927183897203,151.869150053902,42.19296111660475,46.22465794526291,0
2026-01-20 22:28:53.139126,22.846735664255707,7.285750739518064,150.5241180991537,25.83119578992768,48.9074241295184,0
2026-01-16 20:53:53.139126,30.35577319184204,7.118086129272212,140.90804250970027,39.55903209024359,43.747484440076725,0
2026-02-03 04:08:53.139126,52.86302487396747,5.493862140022729,205.51479353851764,36.14669752668047,59.18626905952942,2
2026-01-16 09:28:53.139126,20.691052882951908,6.783815895347503,149.88736585866872,39.35199526622059,48.85169405621613,0
2026-01-28 00:38:53.139126,34.19802887089935,6.223226287842619,178.79576988042226,33.46575040921427,57.02959046748899,1
2026-01-17 16:58:53.139126,24.597537342103973,7.278141516346844,150.24898968445692,37.58683079262103,44.89123112769728,0
2026-02-03 09:48:53.139126,45.56724205166927,5.044949414637491,186.18744911853318,39.05719633565292,74.05329642508643,2
2026-01-18 00:28:53.139126,25.62524584229849,7.13269655855112,160.4363441000538,36.701706952433256,39.440602612206085,0
2026-02-02 14:33:53.139126,41.13558740956842,6.10741853246142,186.54476817799227,44.077056053335035,80.74580627820636,2
2026-02-01 09:43:53.139126,53.38123599618166,6.104617101953707,199.47096569861503,52.94579111572008,78.01236769282009,2
2026-01-25 16:58:53.139126,22.355598509882075,7.107404626013462,137.71216477262988,33.27131278731727,51.81562086172708,0
2026-02-03 00:58:53.139126,41.140537945436094,5.347384188504259,178.80438364839986,40.2024373442532,64.2138283881173,2
2026-01-26 08:33:53.139126,17.808513608640823,6.774504302732794,127.39299451387014,37.693080977551624,46.79007527105701,0
2026-01-18 08:43:53.139126,28.318773315349524,7.060315325636912,160.39571720698484,38.95317353384907,40.676970172583175,0
2026-01-18 13:33:53.139126,26.40181987046782,6.831087163297349,144.8058170552556,34.84839661406733,45.55835315418458,0
2026-02-01 13:48:53.139126,37.31069012909709,6.010187753699159,191.3410921590349,48.01753951187897,91.86450420466228,2
2026-01-24 11:18:53.139126,18.32611661135702,6.776121010236203,139.07991414784027,36.65297292112594,44.33183753663401,0
2026-01-24 11:43:53.139126,25.131640602951023,7.178565223967335,156.10757544669045,33.486955046325086,47.89284867019943,0
2026-01-21 01:13:53.139126,23.551034942292123,6.6471613570214325,157.22414822088592,39.48310004473884,47.26634872273557,0
2026-01-20 07:53:53.139126,23.966270587505466,7.048193587185513,166.24580574378808,32.903185231381805,44.72853268873144,0
2026-01-31 23:53:53.139126,42.871754829255934,5.1535964938422,184.2903337725982,40.18813375519494,68.8846771451654,2
2026-01-22 18:53:53.139126,27.79300188623708,6.727301280464184,152.80481582309736,32.55608584948347,41.96384328343027,0
2026-02-02 03:38:53.139126,34.72454527800743,5.970020350340035,189.4054373889378,44.177931634715534,84.68303606373586,2
2026-01-25 10:08:53.139126,21.66926605199982,6.944594615868413,138.76684898851423,41.031478439380734,47.57098762490319,0
2026-01-17 04:43:53.139126,26.90214409954403,6.968124726836067,154.79267369370973,32.663470156281114,44.1986816348446,0
2026-01-25 13:53:53.139126,22.989686977651353,6.957748005629093,151.57184510382805,38.07709559576331,38.59133003254764,0
2026-01-21 01:28:53.139126,24.74012812877217,6.681532877803281,165.5922437564621,36.497144915472205,48.0602117288935,0
2026-02-02 17:23:53.139126,40.4196875717341,5.698594686383049,198.9609607277551,49.54170908698319,56.399628012011824,2
2026-02-01 14:38:53.139126,42.06448490339329,5.918278721309696,219.15472954121662,42.51599017196982,68.43532345269296,2
2026-01-30 09:48:53.139126,34.91462886826655,6.887141508491597,167.71321074894277,34.547896525182644,53.461293513926876,1
2026-01-29 12:33:53.139126,35.69629776710899,6.940195610936068,172.89107298218664,41.07502123298633,55.59555075130384,1
2026-01-27 06:23:53.139126,27.718418250059127,6.377623913559991,164.07072791217607,33.6291303600331,54.80662260444603,1
2026-01-31 10:23:53.139126,34.761468458075626,6.328052789524229,170.76426784441915,39.13472702742346,50.798160616286616,1
2026-01-29 09:28:53.139126,32.68808115742104,6.7193864813638795,173.53456493962327,47.44080150063716,63.769012413333705,1
2026-02-05 22:28:53.139126,44.247557668676656,5.3563873206756005,201.9533553707138,37.57528363360976,57.53909921089249,2
2026-01-24 20:58:53.139126,28.262744669021572,6.883772776166573,156.49654535715112,28.296580833850918,49.04874680243877,0
2026-01-18 11:33:53.139126,22.921810719978854,7.357197214680845,174.8493440044502,35.419037517952276,54.72227379543523,0
2026-01-31 08:43:53.139126,35.979770796648125,6.73170243219382,175.40243746580396,37.233439713544136,64.30212677240556,1
2026-01-24 20:38:53.139126,25.57904654375296,6.917045747431276,164.71509950368502,36.47583448752645,42.484221618473406,0
2026-01-26 04:53:53.139126,25.74871820964482,6.909381928572797,149.70376785429647,34.232975162522855,38.963822953126915,0
2026-01-24 09:38:53.139126,25.858851637740017,7.191454744030279,147.24890183918998,35.149243828453166,42.041272493863225,0
2026-01-17 05:43:53.139126,24.299469515239817,6.842532261906595,158.59538567338154,32.251628398755315,46.1843795051926,0
2026-02-02 12:18:53.139126,43.05367967876736,5.097178666598692,178.36208894025404,48.7743189515816,59.1644414334029,2
2026-01-25 02:33:53.139126,26.3647039646135,6.895183446487046,154.04927129225604,32.890705407008376,49.98015396447378,0
2026-02-03 02:38:53.139126,48.46940153890585,5.4314445181470985,199.11636011671172,40.012297706180156,79.65864735981529,2
2026-01-26 06:28:53.139126,22.939887830633804,6.765367670980955,156.60815790009852,30.99884680188205,45.14851031052074,0
2026-01-30 04:03:53.139126,28.6715325334432,6.57066396375215,173.60737184087412,31.323529045343914,56.97040393279079,1
2026-02-05 06:23:53.139126,41.04947026912896,6.373150116352948,194.0336449547017,44.18031361062928,72.71820294690528,2
2026-01-29 05:58:53.139126,34.691311095287034,6.191984198585147,150.68873998792273,34.06554389960698,60.329497615269005,1
2026-01-17 07:33:53.139126,23.312517112703947,6.926454204380765,139.3787994069026,39.79006374528058,40.662703874649424,0
2026-01-21 18:03:53.139126,30.0502216476868,6.927494434464823,156.62865732445746,36.299689835812885,43.414467634587844,0
2026-01-31 10:03:53.139126,28.62668966398206,6.653213097882999,159.6956359907617,42.17510272161458,59.60101230987474,1
2026-01-19 03:08:53.139126,24.5286516431882,6.759859433353322,161.64381310821722,36.9768741838206,46.77305899397511,0
2026-01-27 18:23:53.139126,29.368771954509395,6.243538299247354,159.67553876459243,34.01961134008001,65.39575416673826,1
2026-01-24 05:28:53.139126,29.387372974531683,6.88252285222508,142.48755122444248,36.10384757098548,50.503279552025205,0
2026-02-01 10:28:53.139126,41.0387255871914,6.593557185519052,190.98785952501194,44.31192558860038,73.93549447504385,2
2026-01-23 11:18:53.139126,21.29953335974471,7.045145209657199,170.0783698663091,39.41152144541615,41.14351575643514,0
2026-01-29 17:48:53.139126,29.41262077666008,6.5001077082513445,168.95654042049756,45.069386911706,56.26682358417717,1
2026-01-16 09:38:53.139126,22.96393528497763,6.896302905160848,163.63429618614907,32.64435794760324,43.04428054997832,0
2026-01-25 21:23:53.139126,21.827533964484672,7.146000813260139,169.7273829498855,37.5520678948057,42.31094993696423,0
2026-01-22 14:58:53.139126,25.1279162607441,6.884715769995233,139.69902338809266,33.28617581179997,43.67839963786897,0
2026-02-04 20:38:53.139126,41.51970230618225,6.174876397746064,188.99014860176234,38.04020382326928,78.8891107676986,2
2026-01-30 06:58:53.139126,34.73832421958175,6.4488451515907315,157.150850321936,40.55835765001297,59.26343940163329,1
2026-01-24 08:28:53.139126,27.230184285135785,7.088911639906854,139.8552372265358,32.822210010409236,44.594537160949436,0
2026-01-17 19:43:53.139126,26.700098884299553,7.002003076084224,168.52143251111093,32.380303326008026,43.631110534525135,0
2026-01-26 09:43:53.139126,26.040471580409342,6.969037777639152,141.02609121749458,37.60909982292112,44.05853269438415,0
2026-01-26 21:38:53.139126,34.44120303864932,6.772270817793881,184.41943972011418,40.150891172599266,55.57468738403128,1
2026-01-25 16:28:53.139126,22.80979084510759,7.216867809355074,147.99093875668527,39.71205495973122,47.77113294932115,0
2026-01-20 12:23:53.139126,24.59969568276207,6.783014108993021,156.0456702106276,32.73525274830265,58.44979449998702,0
2026-01-25 07:43:53.139126,24.07166301861551,7.214319031385609,147.23604473820788,33.37098887630924,38.866092040620536,0
2026-01-25 05:58:53.139126,24.293368105523992,7.191774064170494,152.5821830268743,39.28287089692237,46.3924584399999,0
2026-02-02 07:23:53.139126,49.930562437490856,6.673358561436732,177.37420520273008,39.97432194018604,77.56038022206738,2
2026-01-18 06:03:53.139126,27.80083424178343,6.6932217697491065,148.64022512392125,36.600540959850335,45.419227842833884,0
2026-02-02 22:03:53.139126,48.50293652248703,5.5358382876550705,195.50036593636423,41.6439725852383,75.29773100068671,2
2026-01-25 05:38:53.139126,22.51651722233592,7.061677682654163,149.76967117761689,35.032938253381694,43.019212314558374,0
2026-01-25 22:03:53.139126,20.136777465064938,7.245122662419669,143.83013714891356,34.030235571124074,44.3306918826382,0
2026-02-03 06:08:53.139126,51.65780116330662,6.494246634802239,196.27827995174707,49.94901131631845,72.25701018592545,2
2026-01-23 20:18:53.139126,25.69641057497997,6.702452893293966,146.59844204833627,32.94764328196923,43.25802683321764,0
2026-02-02 13:53:53.139126,39.89744688751459,5.162804461828504,186.8296664413997,38.548003212660454,67.29220756593065,2
2026-01-21 00:18:53.139126,27.29842231791006,7.251458910491948,152.1694377423607,36.06725513245048,35.57085656052923,0
2026-01-23 17:58:53.139126,23.06685162382886,6.833775531040657,145.21495717089587,35.253483499680236,39.18366386580566,0
2026-02-02 08:08:53.139126,48.65799498125977,6.163281994431316,204.5464012636021,42.548101340816416,77.5221638321851,2
2026-01-31 15:38:53.139126,30.598064175036438,6.364979249378446,187.11956903934313,39.343976336787904,61.922529176578436,1
2026-01-19 02:58:53.139126,26.592127731792523,7.103682662667231,150.56007520205932,41.6168511153688,44.1125658682953,0
2026-01-23 01:43:53.139126,26.192353419917534,6.8617234434460865,130.94593659517014,37.04705403749843,45.194965261596785,0
2026-01-30 12:08:53.139126,29.221269439033495,6.374469094745462,176.10349143993054,43.0569113073936,62.18284413395372,1
2026-01-17 08:13:53.139126,25.471331035715714,6.585907503414564,159.6355191752715,36.009519468431776,46.25896564901686,0
2026-01-20 03:23:53.139126,24.45431869502349,6.947279085760932,169.9482260634611,32.5956754685361,55.755968645884856,0
2026-01-31 22:03:53.139126,47.41015923910008,5.546030118909969,214.126614947835,43.04868162200849,66.96177057052105,2
2026-01-24 11:03:53.139126,32.4095657551562,7.219685840156252,154.2775243443622,39.33640923138082,42.73560609001782,0
2026-02-05 15:28:53.139126,43.42659020228601,6.373053213878764,185.3705959410211,43.65494111188604,56.28878730662419,2
2026-01-22 16:03:53.139126,24.286653469076747,7.09772366921537,141.73005934967316,30.319108879844904,46.56410691016968,0
2026-01-18 02:48:53.139126,19.371396428152803,7.062282366546513,147.04543653253822,44.217445760804345,46.78075151715475,0
2026-01-24 23:13:53.139126,19.911312924716082,6.827359890349191,147.49780778374864,38.65698870721167,42.17388389562759,0
2026-01-21 23:28:53.139126,21.351315880686137,6.719233811741891,151.98986191493253,33.42354106553313,43.11563903155435,0
2026-01-19 02:23:53.139126,22.837793272644653,6.967068154030923,160.4308371660059,34.26968918358452,47.31384193219179,0
2026-02-03 17:58:53.139126,45.690125838426916,5.5812466134707135,191.54800541018398,44.112730582873866,77.05957168788406,2
2026-02-05 06:43:53.139126,39.30493034989126,5.780114021379843,225.1785669887123,43.89001922960929,86.40114039245519,2
2026-02-01 17:38:53.139126,43.327549770907176,6.551007773617638,193.8786654001712,47.77629034962518,81.7004793113365,2
2026-02-01 05:38:53.139126,55.4980674503619,5.240525498454303,190.0273856098521,30.431522225467344,72.08337329512393,2
2026-01-19 23:33:53.139126,28.68331346369206,6.658678170894521,172.8783697130238,31.47750322342272,44.52287280670692,0
2026-01-21 10:58:53.139126,25.2063293031877,6.917143305895732,143.17732479015532,32.401264444564255,43.59857779511151,0
2026-01-29 06:23:53.139126,26.862662702452358,5.937115620263469,170.42851429418556,37.74622027122122,60.62416075740609,1
2026-02-01 03:08:53.139126,45.56496307756349,6.554766412054052,187.73493381229525,42.36586620691126,80.0159649326714,2
2026-02-04 06:23:53.139126,36.88754767069785,6.207912074587662,193.73636346652398,42.175411404898455,70.4433012680138,2
2026-01-27 13:08:53.139126,37.904648045231085,6.5189459022813505,163.75887571967542,43.208581432332,54.64628110509304,1
2026-02-03 12:03:53.139126,37.27294574842442,5.26247102133864,205.7366018336767,43.217237513362036,76.84358610742753,2
2026-02-03 13:18:53.139126,51.243254239183614,5.978406983408504,202.23058112749985,46.112542593823584,76.25639138205582,2
2026-02-05 14:33:53.139126,45.39842449069872,5.369627211352771,196.0491188248616,35.112901025625334,79.58983864343534,2
2026-01-26 16:28:53.139126,31.59958034556614,6.697765579953098,160.58224075730536,35.69680851523309,65.40271027697099,1
2026-02-04 23:28:53.139126,31.589929192355626,6.349836309833391,188.6610859638671,29.497397004258588,66.45148014692953,2
2026-01-24 13:38:53.139126,25.70828770538387,7.106766634456308,130.910825881514,35.022038485971876,39.338419189823306,0
2026-02-05 02:03:53.139126,45.034828645221474,5.212495300058199,175.70161634524618,44.591734920216744,68.22388691794703,2
2026-01-23 05:33:53.139126,22.56046506087475,7.141582841827219,164.20036664645517,42.51211384469685,44.90558758364413,0
2026-01-22 06:33:53.139126,23.280983121269408,7.175036921278961,158.36744961386268,36.12567752293519,39.8307772953533,0
2026-01-27 10:58:53.139126,32.82078430851566,6.282731022701087,166.95195131539433,42.42783290470876,60.52391297434692,1
2026-01-31 01:03:53.139126,39.95392019166946,6.862154533281007,154.4199930690167,39.12113985615737,61.29321641789746,1
2026-01-21 15:13:53.139126,25.232918295592466,7.300188836494356,161.3233727439301,32.13711247405846,44.15507726988559,0
2026-01-22 02:08:53.139126,28.488710564801398,6.760738901574833,160.54917854601194,30.595480003541297,43.52704254705947,0
2026-02-01 09:38:53.139126,50.154859191168164,5.179853904701491,219.40232916136944,42.485761613354605,73.32039747198769,2
2026-01-30 03:18:53.139126,32.8292190281973,6.449600906635023,179.7996104909415,38.75006104120486,54.968160169122626,1
2026-01-17 19:23:53.139126,23.519040411116315,6.787053924775972,157.37343060779725,33.16435706575866,45.741960563214995,0
2026-02-02 17:38:53.139126,38.13737325406449,6.0760063269129,209.49847009187408,46.97938195601758,78.13605201415061,2
2026-01-19 14:23:53.139126,25.49101375325655,7.212749112068346,136.30076288493154,34.301119020655634,45.721656586639824,0
2026-01-27 00:53:53.139126,36.600866434281464,6.969626880374015,161.99227628599414,35.90042303466479,51.245667531897105,1
2026-01-30 20:33:53.139126,33.62659019579389,5.927623997533458,163.9226287291461,35.034627017099055,59.992764744822274,1
2026-01-21 00:38:53.139126,21.55286996056896,7.281030896910401,133.24889752503208,38.912717431095835,38.37884128115375,0
2026-01-16 04:38:53.139126,21.492706721111297,7.44508054461355,134.3220662675936,38.58843260787424,47.08513133395665,0
2026-01-19 23:18:53.139126,20.38950022641866,7.095761579392316,150.46017751605498,31.767336461486284,42.77506350769787,0
2026-02-04 11:58:53.139126,42.326547590029485,6.008434500727415,206.91629633524406,41.24843194509523,79.28691909306878,2
2026-01-21 11:53:53.139126,24.743745401414724,6.521430571382604,147.1943811963057,34.534908097270424,41.69878056359007,0
2026-02-02 21:28:53.139126,46.73602252920016,5.254732773775406,198.9064237266862,35.36235566585741,75.57245596086358,2
2026-01-31 16:03:53.139126,35.618796208134334,6.440141123721148,167.58493839224712,37.943970256030546,63.328665113788574,1
2026-01-17 14:38:53.139126,26.697979295323957,7.154935139333298,154.08481074956674,30.167725372723336,36.61944719318517,0
2026-01-26 06:23:53.139126,23.438370117341666,7.161150026813356,165.99600310271825,43.37829905131956,45.86001597182197,0
2026-01-29 11:58:53.139126,29.69313855028499,6.750038564205353,165.2695909946686,37.30160717975091,61.74335557024873,1
2026-01-30 01:08:53.139126,31.993916587284716,6.249367997744696,130.50779444705034,37.21247769711404,46.638781386921536,1
2026-01-26 09:28:53.139126,23.387408451941056,6.767494107878104,138.3824777019827,40.25813815106553,49.24605750324386,0
2026-01-26 20:43:53.139126,23.943075964879878,6.540632456564046,158.5759951805145,30.22483678990442,52.67608197877427,1
2026-02-05 12:08:53.139126,33.17248455777785,5.727145499001577,214.2471219991293,37.27623455019347,83.62253918316163,2
2026-01-31 13:53:53.139126,37.088991172990596,6.298691230253189,172.59526623970714,38.01464354048242,67.83151838641304,1
2026-01-31 20:53:53.139126,51.02861722974934,4.704781539299692,200.04941627341225,40.19114015624393,73.76491991509808,2
2026-02-05 03:13:53.139126,34.17880919687861,5.624251623312438,214.99131463448936,42.99685459513446,80.80301404812046,2
2026-01-19 22:23:53.139126,26.17674077162443,7.171078083546594,152.84187211876105,35.22511186798389,46.558634924878376,0
2026-02-02 16:38:53.139126,45.39669807656858,5.0897368161055345,191.44301682701283,38.0511184485911,60.21969374783678,2
2026-01-31 18:58:53.139126,45.020288715754745,5.730233222711008,191.1857978177377,45.40595684174762,82.13115868674794,2
2026-01-30 13:23:53.139126,32.48150930973482,6.411235317652798,154.27146927333501,41.63890397452702,70.63428006606713,1
2026-01-16 18:43:53.139126,25.80665704828577,7.046961542739073,155.8461085625169,36.12252233760107,49.48364351365328,0
2026-01-18 05:48:53.139126,30.411459540291887,6.827979502646585,157.69440324142766,34.24898120425894,44.743658315625375,0
2026-01-18 08:08:53.139126,22.328549299299738,6.676894450190571,151.0256697054325,30.879644325014908,47.232484330555636,0
2026-01-31 01:38:53.139126,29.407053767112973,6.222501301112714,175.46331293004226,40.58234055301257,58.073673717980846,1
2026-01-27 01:18:53.139126,35.81272055356073,6.2268650434057875,161.87154260243358,38.38450293979413,48.952194818566866,1
2026-02-02 17:03:53.139126,53.29320196531128,5.386638332912762,197.70346152175148,44.24055328404682,77.97382827969426,2
2026-01-17 06:03:53.139126,25.734280955896825,7.022809941408118,162.06958494909918,36.704516914839935,52.044627030424785,0
2026-01-29 09:18:53.139126,28.17677625116438,6.788405974628183,169.36425757001848,36.89672065201541,56.03023624077902,1
2026-01-31 18:48:53.139126,53.22859627911131,5.2415041150628925,174.9247072928557,42.540660434735784,62.05965831975251,2
2026-01-26 21:58:53.139126,40.89314880596028,6.308394942846207,160.04552461276913,43.07396453001468,48.443666554148564,1
2026-02-03 17:38:53.139126,41.91489061960555,5.114900507049912,183.19818670184452,44.260709669839436,80.9417186132872,2
2026-01-17 18:48:53.139126,27.250416573639356,7.129965953321604,130.97981032990435,33.36688208253844,50.141937666541054,0
2026-02-03 03:38:53.139126,37.923416553572615,5.3626324191522965,209.4355211393566,41.40643347675092,81.50659276258604,2
2026-01-25 09:08:53.139126,28.942431593082546,6.9810312872419145,139.45164035400248,33.64691107384673,45.48001345917745,0
2026-01-23 06:08:53.139126,21.18182566228483,6.902821672874086,148.987136879312,38.94992935242393,44.13733810538055,0
2026-02-01 08:23:53.139126,47.277053928173046,6.336479626529528,161.60287852478803,40.367198172579045,85.44189406793062,2
2026-01-16 05:13:53.139126,25.46953500260923,6.878203608867015,138.72563757221525,38.71183142868909,47.74781747191433,0
2026-01-18 09:53:53.139126,22.241881886906924,6.815912165715062,142.01540058891314,36.37773808392535,49.505205713155426,0
2026-02-03 00:28:53.139126,46.25850219264863,5.611640719340622,201.99529077302833,40.784700118084615,71.72493169379223,2
2026-01-30 15:03:53.139126,32.54793872391281,6.402031248318764,154.90603622759184,37.33157357913414,56.261566877776204,1
2026-01-21 02:53:53.139126,28.940179635308105,7.249142508565165,144.91313933871578,34.583032344839296,46.11266625396998,0
2026-01-24 10:28:53.139126,30.71076337173016,7.230881307318414,154.27866805289403,37.06941148148302,46.03791038845104,0
2026-01-24 13:58:53.139126,27.994919193965494,6.805171268534361,146.14780519480436,31.76466190452324,43.05360601390491,0
2026-02-05 10:13:53.139126,54.78752057814646,6.252254707902156,207.6833781542203,42.55760069017814,88.99810829015824,2
2026-01-22 00:38:53.139126,22.878396162878857,7.474661685251702,158.17363513558172,37.27959039791342,44.398491561964015,0
2026-02-05 21:03:53.139126,50.37371370761246,5.948177338721819,184.7148908447714,43.14840866603618,85.29729239141682,2
2026-01-26 00:03:53.139126,23.495000377673893,7.068965737788169,158.53643262379254,33.31409583596188,50.721693506150245,0
2026-02-04 04:58:53.139126,44.66714637618316,6.687994726779542,186.99792368911855,35.0464258616927,76.48044325866935,2
2026-01-24 00:18:53.139126,29.60887881052721,7.114289245310667,153.82745114970095,32.09055375531939,48.402088192185275,0
2026-01-20 23:18:53.139126,24.00968152051807,6.730258167182556,146.52393786808662,37.90449300250627,43.28141264801665,0
2026-02-04 08:53:53.139126,47.601156516221955,6.182353726168964,189.15574426651435,40.29505783319117,66.58665938582006,2
2026-01-16 16:43:53.139126,26.198646436864976,7.149138290551479,153.85692891466658,37.58768568407676,44.07965329260145,0
2026-01-17 23:33:53.139126,21.31750730448201,7.108694851852395,141.49087335839124,30.75047427303856,44.62628389971713,0
2026-02-04 01:58:53.139126,50.02410165245726,5.675003824425419,211.4250194805158,34.85507604138586,74.40277213028908,2
2026-02-01 02:18:53.139126,58.29112261053451,6.170760594709756,195.78279573338548,43.20499668119695,67.66917027253866,2
2026-01-24 15:23:53.139126,27.369088203466674,7.394863702948042,151.71199755430135,34.74309846776513,41.73236395599516,0
2026-01-29 16:13:53.139126,31.450864123376135,6.164810660367438,182.82191062157762,37.360608021079464,52.47697582418605,1
2026-01-18 10:43:53.139126,19.75026287648002,6.656553101487826,139.0646645525887,32.29161137928344,42.90343792570966,0
2026-01-26 05:43:53.139126,27.01660511034241,7.005761720669791,153.77458028427623,42.447099190125265,43.21475108774869,0
2026-01-30 06:13:53.139126,27.386683826581685,6.486513728571219,162.1425457770202,39.33714152732873,57.06845581189323,1
2026-01-22 09:48:53.139126,24.730818851666427,6.83980584000206,137.12604303493973,35.52996365961983,48.670453648093996,0
2026-01-24 23:23:53.139126,21.846270306048854,6.992440803718214,142.98145312006812,39.76785888700532,42.48573608684949,0
2026-01-23 09:33:53.139126,32.52741817457285,6.927039389878653,154.150252961162,37.57406497007483,44.562238776724634,0
2026-01-26 22:58:53.139126,34.4592850342256,6.1073376433895294,151.26077090453504,40.58608026008613,57.44442698036682,1
2026-02-04 04:18:53.139126,50.75242934106376,6.262299302557404,202.00577860365263,47.439711581585286,80.52453910825639,2
2026-01-23 09:38:53.139126,25.622014587751952,6.821795132999674,161.18476981623425,34.33197309418231,52.11499066346303,0
2026-02-02 17:53:53.139126,43.14291408023138,6.055885690807669,188.9427909869505,45.270093134573905,78.46915487672581,2
2026-01-25 20:08:53.139126,29.58242729237513,7.120895820009196,147.89163986181586,36.20425777305568,44.561936521081456,0
2026-01-21 11:33:53.139126,23.965652838751847,6.71016382863661,153.99901054066657,31.228361303580733,46.1093891128594,0
2026-02-01 14:23:53.139126,51.65218611876102,5.153646734782957,211.4193130101459,36.935264404373676,84.78957972315614,2
2026-02-01 22:43:53.139126,39.13684639857291,5.702632297377335,179.96067079869232,39.676461850360795,65.47701677070809,2
2026-01-17 08:08:53.139126,22.935278518312717,7.119573126552673,131.566941943893,36.958552265721174,44.02780124455871,0
2026-01-25 06:33:53.139126,24.79065117548216,7.316899356768206,151.32277148383758,37.60615215933008,42.70828381354357,0
2026-01-30 13:58:53.139126,31.179031346824328,6.946685698916179,156.64039331685453,45.01647481600059,57.86836594408774,1
2026-02-01 08:13:53.139126,46.81628559158717,5.9010054972975805,234.20352977400543,47.98685223686032,76.92135916853853,2
2026-02-03 12:58:53.139126,38.27012705696388,5.966595853298463,200.4537016134579,44.82068165926382,75.5721951913002,2
2026-01-30 22:38:53.139126,31.041714838113833,5.926038916417202,170.73641446506883,41.869870042218764,56.249207471870236,1
2026-01-19 18:08:53.139126,22.11364349982758,6.952733512362993,152.62105530219245,31.99672028845728,39.606246357228606,0
2026-01-24 03:58:53.139126,25.289002110907738,7.427601916667769,158.06705562475298,37.1128016062629,45.34200087377042,0
2026-01-31 03:13:53.139126,33.49622812672409,6.323382604405479,142.50538876611253,32.41476998528522,63.255966427846985,1
2026-01-29 17:08:53.139126,33.4671365677209,6.33914885336379,155.20250314958568,37.3086929844051,58.0192285216419,1
2026-01-22 04:28:53.139126,26.911853132492084,7.227769312247808,139.5595866585783,35.423981869617876,47.61714832917608,0
2026-01-24 15:53:53.139126,22.81228436328539,6.956008188163173,132.09796106687998,32.18399822779224,43.2249220225606,0
2026-01-22 06:13:53.139126,22.104608883511656,6.785800992907277,151.79912878760138,36.984686553901916,45.10459205031998,0
2026-01-20 06:13:53.139126,25.06476682120145,6.739665424167539,141.79548827369894,35.69688497999924,45.45719439428249,0
2026-01-22 15:03:53.139126,24.163301193813798,7.19444067856058,148.64944289348918,37.0236137691911,49.68131498091048,0
2026-01-23 02:33:53.139126,25.80547784499815,7.154585535804438,145.88400777742334,34.20027467515567,45.26793025362232,0
2026-01-23 01:38:53.139126,18.677790107648477,6.682265060491137,156.61031175479238,37.699225645648546,49.11310119652843,0
2026-01-30 06:08:53.139126,37.03523531962286,5.776418264213522,176.6457872048688,36.87526709164122,58.162321914117896,1
2026-01-21 06:03:53.139126,20.876091050636017,7.174682916477132,164.01957489969212,36.81304641930222,49.06827533934622,0
2026-01-17 05:53:53.139126,22.42390023298045,6.587052403988222,135.8884876040104,33.9461396235213,42.373848826093145,0
2026-01-18 08:33:53.139126,26.471349623474858,6.816140363007327,159.529832456082,33.89388958093965,47.13747062462147,0
2026-01-26 03:43:53.139126,25.0632214776621,6.946051993372435,144.90206686414433,37.00134440041812,47.08213393562526,0
2026-01-20 00:08:53.139126,25.732167504365165,7.0356438299633535,149.23873389117097,31.07128752217811,45.705330835012276,0
2026-01-25 17:53:53.139126,21.306184521881136,7.160980355779208,157.6384746318117,32.77752731150322,46.83287699774056,0
2026-01-26 09:13:53.139126,23.13702968613424,6.96167979269031,161.71924716738963,29.59207813431998,45.914292294930966,0
2026-01-28 02:28:53.139126,42.960041414462744,6.756802243297119,156.51848724149963,39.21901391080687,50.62029887465313,1
2026-01-25 23:28:53.139126,18.69297181954134,7.39885712836729,162.03392120611437,34.321214549077666,45.55537704437647,0
2026-01-26 19:58:53.139126,41.38934447409739,6.672983149881296,165.10013023335873,43.11517732679883,65.66881708117033,1
2026-02-02 12:58:53.139126,53.45979928656411,6.440322364615521,202.48062383921285,40.55105414100767,70.9331911174079,2
2026-01-20 11:28:53.139126,21.933033685269557,6.894816669155318,163.8771473136488,35.28613469949487,48.31157640089731,0
2026-01-31 02:03:53.139126,33.12741490224033,6.610373240251161,147.2996656160662,31.587001275210923,66.4520291198898,1
2026-01-27 22:48:53.139126,28.996640340227593,6.436276526289501,137.44980885839485,26.846036828342605,56.06224015476924,1
2026-02-01 03:28:53.139126,52.11246237965012,6.163787912978289,192.05882294039043,41.59260483695208,68.76620725727527,2
2026-01-21 09:08:53.139126,21.169073402126312,7.03852482635003,148.3818068447674,36.368506835455335,52.23606810472316,0
2026-01-20 21:23:53.139126,31.6999547081348,6.935337514680209,144.22469145994052,27.728026128967084,48.155617221924395,0
2026-01-31 07:38:53.139126,33.80714197042888,5.6922031365103685,138.20056450660564,31.522265296640207,51.23087984896965,1
2026-01-19 15:48:53.139126,27.506906020160002,6.799156201214229,135.24393905885213,38.429046118572344,39.31298661364015,0
2026-01-26 02:13:53.139126,20.375753680431945,6.979154989307373,140.01623734941992,37.34961374471805,48.91615008459991,0
2026-01-31 21:58:53.139126,29.182361604321592,5.954798404899482,188.12001673818273,48.21327110056405,67.78598238249295,2
2026-02-01 18:08:53.139126,38.56684414740006,4.964648591714099,176.52463344662243,40.57957988807815,81.64164660621532,2
2026-01-19 06:33:53.139126,17.997393680708292,7.136609011858741,156.11954403367358,36.46851623751366,47.679710155601796,0
2026-01-30 03:03:53.139126,30.52762202269299,5.921198822177878,165.7337715004719,42.17225705275511,57.75900338718636,1
2026-01-21 22:08:53.139126,31.974476370284357,6.864163417131234,158.55445748782694,38.36347024314186,46.96818953471627,0
2026-01-22 04:03:53.139126,22.659504119903083,6.830623030864932,155.75445971904836,33.931830565445495,39.52691536629385,0
2026-01-26 10:03:53.139126,25.847379385244317,6.982175553327648,150.95978969044882,37.17183161001066,44.131139057195234,0
2026-01-22 03:13:53.139126,22.34239364527522,7.100050802752118,157.3890962413824,34.10598155959386,38.76336493831579,0
2026-01-21 18:18:53.139126,22.631548721369043,6.998917484244693,136.98480448326794,34.26360991295898,38.88185116231961,0
2026-01-31 02:28:53.139126,32.77901915225441,6.530621815191637,174.91270705069627,42.876738937855855,53.10547502823155,1
2026-01-17 14:23:53.139126,23.31951903355842,6.819244189092473,135.3284300431955,33.329511712151266,44.02648033676619,0
2026-01-22 09:13:53.139126,24.85428441703064,6.916909226656241,154.08297272434052,36.99786973627133,45.15527319589484,0
2026-01-28 08:28:53.139126,29.71625899695537,6.5721238605461245,185.10155528960658,41.548136284880435,52.24453601772435,1
2026-01-24 09:28:53.139126,27.537590538154127,7.080748799382916,135.8844465017923,36.80217728003994,43.8983358910247,0
2026-01-27 22:03:53.139126,32.25183623501183,6.31319283181818,183.81609635391888,38.55795253506575,49.67695740128973,1
2026-01-28 04:33:53.139126,32.655870953089405,6.7320405582559415,167.08296138767858,38.82951243643551,51.45472042883976,1
2026-02-04 22:03:53.139126,48.82839641917266,6.403757021927479,209.9530044805502,48.81680119534012,78.6808691601001,2
2026-01-23 19:43:53.139126,19.4165170336925,7.495484068623999,161.4112455081959,35.35144528535758,47.818306095225665,0
2026-01-30 16:23:53.139126,27.87395162223034,6.573563091110076,174.216564445657,35.559858942228615,57.58708309586728,1
2026-01-30 13:43:53.139126,28.543872902799112,6.048737408764273,147.51016522479017,38.036384381295576,62.726260418109646,1
2026-02-03 16:23:53.139126,31.718552094287013,5.8763387073600155,164.22582402416984,34.8934633012305,79.04082212255277,2
2026-02-05 12:38:53.139126,43.19315805271654,6.117735857573425,201.0770023447297,42.3788932499457,78.06031127471022,2
2026-02-01 00:43:53.139126,42.41578362933791,5.5825621914062165,201.7981794852649,40.42618192687812,65.55707934005089,2
2026-02-03 14:13:53.139126,47.898808796304806,6.115545918310722,178.0265612051498,50.86828865643092,71.05098561548652,2
2026-01-23 00:48:53.139126,21.240509468993398,6.91354574275782,149.3632978602032,30.809185340379152,52.21124184168077,0
2026-02-02 10:23:53.139126,44.79170376425947,5.917440471862144,215.78421950022843,42.90811956890774,71.13844020260613,2
2026-01-23 19:53:53.139126,23.11867169741646,6.662752329503565,154.27646600649754,40.694923807675615,42.707007787076854,0
2026-01-19 22:43:53.139126,21.269612310565563,6.662339878367959,162.38322756344763,34.2421184762452,51.06137232853859,0
2026-02-05 01:18:53.139126,50.59451668883151,5.866206922173881,211.0561360974706,42.884978651822756,88.16610666066389,2
2026-01-18 22:43:53.139126,15.364606531155104,7.002433890157607,149.2127113083829,36.861890564763115,48.10798592966799,0
2026-01-30 05:53:53.139126,33.344001215410515,6.298245926179952,144.92230938014083,40.407631886104745,58.38347235464053,1
2026-01-31 05:43:53.139126,33.40645453211966,6.500513076819335,158.6593341089544,39.69033531463129,54.96617944987335,1
2026-01-21 23:58:53.139126,22.046201208260463,7.044837284933119,137.374673821472,38.34552169217571,43.23301852884854,0
2026-01-27 06:58:53.139126,36.79377014110407,6.314283315783548,166.07057586539082,37.674161723704756,60.277263236967705,1
2026-01-16 13:53:53.139126,25.127857902361338,7.004454694865199,161.80718544361793,34.63810599374825,42.8729499096232,0
2026-01-31 19:28:53.139126,45.563564375073575,5.995226343209278,183.27136741210688,42.85798509807608,75.03442511234618,2
2026-01-26 05:58:53.139126,29.178264246388967,6.536893133353965,145.25502330537014,32.4593414633632,39.14274659299607,0
2026-02-03 13:33:53.139126,40.33978275244925,6.596823352483341,193.5460684386912,49.35019575336562,76.88832550269527,2
2026-01-20 04:53:53.139126,25.008807013796545,6.888534719209695,150.16032900042728,30.798334091379242,49.64129533724126,0
2026-01-28 00:43:53.139126,29.59560671233768,6.383248848030129,160.31154001090508,46.44245188247556,61.84909678693164,1
2026-01-19 04:33:53.139126,18.419286657783783,7.188491354182072,167.80881779978372,35.97775500706582,44.62148571489504,0
2026-01-25 07:53:53.139126,26.573180488136057,7.2298255429586,159.20661824763562,33.520851103134135,47.0574736376379,0
2026-02-05 00:18:53.139126,42.603948608259394,5.331188318736269,186.41970342783551,39.795115338846784,81.08192647438554,2
2026-01-26 03:48:53.139126,22.613652526336335,7.034128051280692,142.73335120696728,40.330490791227604,41.874373454974815,0
2026-01-18 22:38:53.139126,23.748895492399367,7.03681730100317,146.4136371513221,40.25879300950731,47.92707831269485,0
2026-01-19 23:08:53.139126,22.73498587709897,6.998917106761851,149.32432829835395,36.29897538837097,49.76002149834934,0
2026-01-27 22:53:53.139126,29.93973239150907,6.709080041019584,163.42046588332852,35.1883154483917,66.100408085491,1
2026-01-24 05:38:53.139126,27.036266393775886,6.804350992934747,148.9113809248663,35.66333641211444,43.3716792066388,0
2026-02-05 21:43:53.139126,43.019598057577184,5.611390045815207,182.63304784332516,41.408678279879396,74.60573573789995,2
2026-01-29 03:48:53.139126,26.57320494567765,6.661109330744908,140.31605097196538,39.526043143275686,54.405610787946166,1
2026-01-20 11:53:53.139126,20.589198867329905,6.973801595886689,154.70621595250176,38.4555169372633,38.37371330709712,0
2026-01-19 13:03:53.139126,27.914941805911187,6.775704776122206,158.44661996676652,37.60644238819862,49.81287823818372,0
2026-01-27 08:08:53.139126,43.76691814210207,5.976620844924294,160.11307507439292,35.38819595541521,58.70779251945975,1
2026-01-22 03:28:53.139126,22.44290334556635,7.065164931005595,147.17105140578047,34.892379661121126,41.07967135824335,0
2026-01-24 16:58:53.139126,28.56985802824782,6.986573404214582,155.74701680329702,36.50938539455059,43.477000635178996,0
2026-01-17 07:58:53.139126,30.049605752600197,6.95453270109141,172.5528774098408,36.79312025860548,44.73973860422992,0
2026-02-03 09:38:53.139126,46.21940921703164,5.4749759609594415,207.60150240959055,36.53493381509955,78.07494689939449,2
2026-01-24 15:18:53.139126,29.047406362698432,6.9794129645920595,154.9309549062958,36.52359731985297,49.33466523399985,0
2026-01-30 17:08:53.139126,31.64390769673694,6.1158168214992275,166.41982837669576,40.14716546572492,56.40193728974132,1
2026-01-21 06:38:53.139126,22.390126303367918,7.081827558141815,143.0856487175977,36.97025251275964,44.11434888146791,0
2026-01-29 17:43:53.139126,29.615680664978427,6.873350318141411,151.6848491414687,37.313746180843815,62.293865490744786,1
2026-01-20 08:53:53.139126,31.028502513086103,7.146607545916635,149.2108437539021,35.312165738280946,43.42588883405802,0
2026-02-05 16:53:53.139126,40.35413379187847,5.2288950549276345,183.72384447072704,40.28306787918743,79.33528204296046,2
2026-01-25 10:38:53.139126,25.215525633058167,6.635074709131159,157.02780042806577,32.19450074790467,47.69023533572473,0
2026-02-04 20:03:53.139126,53.10613757667315,5.520514370185429,175.24646953103223,39.20455234184953,84.62747130141076,2
2026-01-16 06:53:53.139126,20.154792214349865,6.878887221582693,140.5625263339103,30.13179817034893,45.67716335684417,0
2026-01-26 22:48:53.139126,40.37369362412513,6.779875940502835,145.83953519212434,36.33106044590218,62.32768998574234,1
2026-01-29 19:33:53.139126,35.230558677350416,6.423963793207916,171.39311120936887,44.597406036250874,59.242104254982024,1
2026-01-27 15:18:53.139126,27.870371903213385,5.916316664847042,160.70943080842395,44.17992202698963,61.78746821364376,1
2026-01-28 18:53:53.139126,27.573060258726805,6.968264195088016,155.0051712897586,41.16643013604643,64.35909153193089,1
2026-01-21 14:58:53.139126,28.07653428532792,7.102673979937016,141.59489323686856,41.478061006246264,41.27252460285308,0
2026-01-21 05:48:53.139126,25.70462593386862,6.973495606981667,156.8546651334362,38.005659392845395,37.903031210190186,0
2026-01-21 04:58:53.139126,25.88128762883213,6.805170981839426,153.6165183249191,35.60037130346204,48.810141290938205,0
2026-01-25 18:03:53.139126,20.913319622214228,7.155094217790961,160.2388570476401,36.48921904062053,46.12335667269862,0
2026-02-05 21:28:53.139126,46.53161749419282,6.240976177292301,208.09241584831238,33.11427966855184,72.65423613243766,2
2026-01-23 07:43:53.139126,27.79458809701467,6.924673745902011,158.81955028470222,34.127099016285676,39.586704735290425,0
2026-01-28 02:03:53.139126,25.826412478076296,6.580253295283169,165.02120518797895,37.48364238710115,58.71125432383932,1
2026-02-05 15:08:53.139126,38.905903208187205,6.436674537739773,192.91846779506494,33.65223835689935,87.01677929172519,2
2026-01-26 08:28:53.139126,25.4183479957914,6.88366589814211,154.32734765104686,35.11176234324926,41.24248650633852,0
2026-01-17 14:53:53.139126,25.674827034028635,7.079229766118745,146.13164875301513,33.43282930204589,42.39936595034276,0
2026-01-26 03:03:53.139126,26.462488492878332,7.048607238850833,142.78625611902453,29.21238607624167,44.892312350712224,0
2026-01-29 14:18:53.139126,35.83255188706564,6.390040593822099,179.7462900514483,35.398452415580984,54.30798934232104,1
2026-01-21 14:53:53.139126,22.672214803765886,6.879857281638364,145.5356042667614,40.90466977758505,50.11678435376988,0
2026-01-31 10:38:53.139126,37.19600127546517,6.723747850686801,168.4730498927789,38.19690440082971,56.67223053592965,1
2026-01-21 15:03:53.139126,26.72222170359295,7.23077698872686,135.38882376274896,39.03499677145442,49.690494892905924,0
2026-01-27 09:23:53.139126,36.015019293302714,6.070756093075649,170.48505858623378,38.82234472080723,51.945168770341766,1
2026-01-19 11:38:53.139126,21.514664683942243,7.229019641000767,163.43261474178928,36.106548361832694,48.85461691644652,0
2026-01-20 09:43:53.139126,25.480484172586312,6.856191235469225,145.9731433274369,33.59178239771967,42.77475853674447,0
2026-01-24 05:43:53.139126,31.446444866637727,6.849860689510097,153.490442846207,40.470189310864185,46.22440442058264,0
2026-01-24 16:38:53.139126,23.082522591036692,6.814663807439474,158.46744251651953,31.533497736509858,42.69516989326038,0
2026-01-28 13:33:53.139126,26.176140870777328,6.128826845281676,164.4863406300717,41.07917204230232,48.08863491779061,1
2026-02-02 21:13:53.139126,60.126415439451264,6.48434197353336,199.96067870640474,42.07556351061005,71.38425942302541,2
2026-01-23 20:28:53.139126,27.91617040739568,6.755026680101608,146.12062059651586,38.226369522355526,45.1013083359414,0
2026-01-24 20:23:53.139126,25.52546204077318,6.822080215598833,152.49142969298387,32.39401290692593,47.85925898806842,0
2026-01-21 07:18:53.139126,26.23522576899517,7.252974567249807,160.21633849135907,32.22970130503874,40.79558266559822,0
2026-01-17 15:58:53.139126,25.89899226965955,6.872960780992506,160.24440189023105,32.90753918816868,35.84361456866028,0
2026-01-24 07:58:53.139126,21.922593677421904,7.182567792791024,160.94464200404386,31.498132709605276,44.899740524761626,0
2026-01-30 10:03:53.139126,30.987225893278158,7.19923983429636,165.87866735808026,33.039477854586714,55.488056601361606,1
2026-01-24 12:23:53.139126,18.963507952269495,6.991924968790128,152.38544736407678,31.285257357159626,44.846281927741515,0
2026-02-03 19:23:53.139126,44.89873551199719,5.0652104254094725,198.19047964631477,45.369723804835786,47.55280026765793,2
2026-02-05 18:53:53.139126,37.316515978516485,5.387594124295028,235.37501880722334,43.55827255817629,77.54213217844463,2
2026-01-21 11:48:53.139126,28.51419030153188,6.906831115758247,155.46615697132933,33.775126513256936,47.859559988828416,0
2026-02-03 13:43:53.139126,38.603959359225335,5.766334143861914,203.66049082654752,43.86324278755169,66.99830148063934,2
2026-01-20 02:03:53.139126,26.896560401762834,6.854331733446749,182.73646220154458,34.05678365962373,44.07817720583808,0
2026-02-04 13:03:53.139126,50.35895843506755,5.978379608952125,191.1849710279148,48.35910123021537,77.02813139217079,2
2026-01-23 08:53:53.139126,27.514167537270772,6.815404140379156,156.2098574723196,32.48762636716993,48.77815550562744,0
2026-01-20 15:58:53.139126,25.29399579477931,7.087560162536991,148.95541331075455,33.503634446948055,47.3818413540408,0
2026-01-23 02:28:53.139126,23.1442767731732,7.258425636881485,167.6418632168486,32.739460215853924,44.183958353626366,0
2026-01-31 01:23:53.139126,36.60164546137603,6.526728010657186,177.67653692938435,28.80417859527605,49.97154222058245,1
2026-01-28 23:33:53.139126,38.135193164861185,6.986567007493627,168.26888651956546,51.36682690235039,66.75909364026185,1
2026-01-26 13:13:53.139126,29.92694099157407,6.399973141225533,157.75886011997852,34.13551152473281,56.783499979188804,1
2026-01-20 21:38:53.139126,30.84738826268,7.052240092936095,146.08729103637253,35.01525659430719,46.8356397762489,0
2026-01-27 09:13:53.139126,38.220131451678974,6.368001858622257,168.62153741862102,40.00178434212206,54.075897286764445,1
2026-01-17 12:58:53.139126,24.27150278420045,7.239510880484759,148.5036313436876,34.933625912903,48.56690669107668,0
2026-01-19 08:58:53.139126,24.622977530812424,7.103646286183545,136.86335395914432,40.317388629762696,45.33108272748535,0
2026-01-18 21:18:53.139126,24.26511849234943,6.976170443388853,147.57098885655859,32.57915220990978,53.87511328924217,0
2026-02-02 03:58:53.139126,40.85608471701647,5.852290962296962,203.500596575892,42.09050472500239,70.20305501905011,2
2026-02-04 03:28:53.139126,45.81719961731552,5.601916802039697,201.6078661303058,41.77706609407859,67.14986085332212,2
2026-01-16 23:53:53.139126,21.984018291543396,6.820022749901569,140.63843593720952,32.20789468817641,48.339956238643694,0
2026-02-05 13:03:53.139126,41.53822988818957,6.267129258940684,190.31857183435827,50.381212658196304,79.02505943160554,2
2026-01-23 20:48:53.139126,20.76073842430854,6.920121305053817,141.99347889884012,40.357886922956816,32.280460073116494,0
2026-01-18 08:28:53.139126,25.01831732937117,6.978258819230294,132.31914885396603,37.83839820588769,44.14177429247638,0
2026-01-22 05:48:53.139126,21.717599490314413,7.087312803513262,166.27715513058132,34.7195766268307,41.18321884965444,0
2026-01-30 08:38:53.139126,23.827591767924126,6.130863945552937,173.41005592037106,42.71407725674145,57.6936800008562,1
2026-01-29 18:28:53.139126,37.589350824386976,6.02935587950742,140.22669151676112,33.332433478319615,56.52263515301778,1
2026-02-03 21:33:53.139126,47.12400371813339,6.979430965924778,160.69933993710245,49.16478434058355,82.99710295119662,2
2026-01-29 19:38:53.139126,34.02373944603033,6.255124215850051,169.17897304897065,43.56236895327689,48.497014493917135,1
2026-01-16 04:33:53.139126,22.588016852261827,7.118312559679493,137.6625346936013,33.37916529674502,52.223809645508766,0
2026-01-19 21:13:53.139126,22.229014695202324,6.908508646073994,159.73806346944224,32.233119916885755,50.52198493423235,0
2026-02-02 20:28:53.139126,40.41566194227336,6.4691643386829005,195.93440116925285,52.30812897617422,64.86158259130089,2
2026-01-30 13:38:53.139126,30.737949045434174,6.606268432869478,153.29839298282246,39.072533994200846,56.969060649432734,1
2026-01-16 11:53:53.139126,28.672686890542064,7.104885946151228,165.18796992999228,35.681623640711294,44.87495157774942,0
2026-01-24 03:08:53.139126,27.806879195937764,7.021940069474478,150.36184677712157,34.58318755996187,41.38582026660331,0
2026-02-01 05:48:53.139126,38.7716745066173,5.433026171982217,210.9528987901879,43.73907291181563,58.46633625758163,2
2026-01-16 07:13:53.139126,26.49194481028287,7.167704470042981,161.6040638486179,28.583200501191218,37.376226922280054,0
2026-01-20 15:38:53.139126,23.691932843931077,7.067530702570266,162.9919567354419,39.47138545447691,45.41224547190232,0
2026-01-18 12:28:53.139126,21.354005246128146,6.693635952561959,138.26476886948714,35.825409438116495,55.706483204114534,0
2026-01-31 06:23:53.139126,36.04059228274626,6.1178047835400635,166.01137371538567,41.542368774477524,60.312446748717534,1
2026-01-20 08:48:53.139126,18.987976450686716,6.944051318929879,152.96505743831506,34.433746254689744,45.611513067469076,0
2026-01-23 01:08:53.139126,28.558002221316205,7.195817597019156,159.9137324215294,39.24560592714928,51.206150996085746,0
2026-01-17 01:33:53.139126,26.647294024767437,7.166439531569214,153.35199639299228,35.035584579531196,42.85569479107848,0
2026-01-30 04:53:53.139126,40.75606588177224,6.805802896456361,157.3753218550993,43.146435308862834,60.83520536155859,1
2026-01-26 13:08:53.139126,27.371217325448047,6.6204581849185615,174.19890107346666,33.07408307469074,54.661552503564884,1
2026-01-22 11:18:53.139126,25.16495986373301,6.809685637838696,146.84239769589567,33.13911461662821,53.54649082107493,0
2026-01-18 11:23:53.139126,31.52627887168524,6.837558259817839,156.8953467107701,30.50968585571297,44.13431150195531,0
2026-01-27 00:08:53.139126,24.802587136022904,6.09807118615869,185.82223897751743,39.93719079538781,64.39086677260566,1
2026-01-31 03:43:53.139126,32.733617943072375,6.483239250417718,159.07257964226616,36.39804627552898,68.64665117824748,1
2026-01-20 01:18:53.139126,22.16665749470048,7.042482871549496,137.22252942925442,35.267668705672776,47.362496631881484,0
2026-01-29 03:13:53.139126,29.87753956430639,6.1678985574807985,159.58796957505686,38.08725936891742,60.03530292799965,1
2026-01-29 05:43:53.139126,27.47991874443473,6.633585432927678,168.7820114959901,35.40573936566907,55.6146295970883,1
2026-01-26 13:28:53.139126,28.38855639456534,6.397218713347015,189.38797952633865,38.50099000399574,47.75659319108982,1
2026-01-30 07:13:53.139126,33.93043928182698,7.107301838222552,159.198978265145,37.115033537353504,68.21129926652102,1
2026-02-01 21:18:53.139126,45.95797902965532,5.028240663161742,183.5621362184502,41.0147612202443,60.4351964695758,2
2026-01-20 18:43:53.139126,23.888318064800075,7.117292858760935,153.92410236606943,36.738297133830315,47.73994860923665,0
2026-01-24 23:03:53.139126,25.920360727169815,7.142460549459913,150.29231066839978,30.183195585654023,42.626010361414345,0
2026-02-02 04:43:53.139126,45.835561338598744,6.15141977174713,201.05737252921466,48.092059803539705,70.20279871165843,2
2026-01-25 19:58:53.139126,20.904828663811763,6.927820768126716,151.37619511612422,30.722221040785275,43.32889555952032,0
2026-01-24 09:13:53.139126,23.60195427243776,7.245917631853535,144.34498912990048,32.115420720503465,47.532229882843794,0
2026-02-01 15:43:53.139126,38.48995970348634,6.691588484327414,175.96862443249216,41.493049030389535,68.77415994862369,2
2026-01-30 14:33:53.139126,39.24759414545287,6.620887346905348,166.4977897095872,44.543349659501054,65.97109225680452,1
2026-01-27 09:38:53.139126,28.504287680867794,6.494518751950275,177.14271708514624,31.509601309099573,65.48181383720429,1
2026-01-25 03:58:53.139126,26.873330120518425,7.069353830081375,162.2502168484524,35.43192959219547,40.46399792915018,0
2026-01-27 09:43:53.139126,30.34627094127218,6.287006060994858,154.4291955493925,46.164674923325904,62.814683904917935,1
2026-01-25 00:38:53.139126,26.674241191096364,6.8818511335858625,143.81621383532007,33.13695859844649,39.20102441690536,0
2026-01-25 15:58:53.139126,27.304804627858015,7.014698420210259,165.09900683152014,33.65623196285356,48.46838003918092,0
2026-02-02 10:13:53.139126,46.99333656082936,5.088890881389678,196.67715664565935,41.5837946842481,63.32447042662106,2
2026-02-02 05:03:53.139126,44.50162511378523,5.312417038176651,186.91038513819458,45.04498457617416,80.50993787410356,2
2026-01-16 09:18:53.139126,24.307465750033668,7.293326672400978,158.83288502164936,36.0680400362948,45.75532810712784,0
2026-01-22 22:53:53.139126,26.698038352009934,7.081982414900228,146.03451584220232,37.75317444635605,45.62022054815929,0
2026-01-22 01:23:53.139126,28.72084246305524,6.902169718479697,142.44682974751453,37.044196430142954,45.71604155087784,0
2026-01-27 00:23:53.139126,41.692609986977956,6.332609889952189,154.2107172573751,33.91251560413029,57.19157521704902,1
2026-01-28 16:23:53.139126,30.50867728316057,6.717312548849645,157.03976574186564,30.86214890763388,57.90550128023139,1
2026-01-22 20:43:53.139126,24.06997546310772,7.1015538227820905,143.03922953753852,38.065355356147066,50.02749460450798,0
2026-01-27 14:58:53.139126,32.347718901223466,6.288734724828279,176.60605777331523,31.715105805896304,64.72377589510438,1
2026-01-30 06:53:53.139126,26.30993128891032,6.253677336933725,186.43852223050348,44.64086598330423,62.32329485017213,1
2026-02-01 10:58:53.139126,39.14451941942894,6.204675885241759,185.1625168055536,44.14120492000426,74.73646378440712,2
2026-01-21 16:43:53.139126,24.243835229105525,7.245729987489449,163.4103261113437,35.43429081828096,42.64594064279939,0
2026-02-01 05:13:53.139126,42.71493060366672,6.47363030470192,186.12244878067852,45.50524950363441,72.95681140061633,2
2026-01-26 03:23:53.139126,25.89517001196939,6.9959541861819865,143.31986053228664,37.87726382013438,47.87511404620483,0
2026-01-27 08:58:53.139126,27.41194563140934,6.256834275347741,157.1292072638648,37.83281688640843,54.715464529846045,1
2026-02-05 11:08:53.139126,42.35745782334423,5.62468731041088,204.74280574142122,39.8057462800535,73.22564629254784,2
2026-02-01 03:58:53.139126,50.16775978787465,6.146739772626324,178.01809585576075,47.168748108006874,76.52785236066195,2
2026-01-18 09:58:53.139126,25.66841710070877,6.856872124589697,146.3658833296192,31.65297371612717,44.67435889841724,0
2026-01-23 17:23:53.139126,26.7638940984621,6.914557696439392,140.00715803164977,37.32907640310976,44.79560822134174,0
2026-02-04 23:23:53.139126,38.551712711065186,5.691938833551497,216.81367499971,43.67638463861249,71.4893811451395,2
2026-02-02 19:33:53.139126,42.97362654511147,5.473942336095664,213.64816455606837,42.861702761440206,77.61075993719382,2
2026-01-19 15:18:53.139126,30.582727965224947,7.135133575347553,143.18805769743452,34.93110408778379,51.48301083178487,0
2026-01-18 00:58:53.139126,24.831714547394547,6.923696525644149,138.24340566304355,33.05358469059395,39.613564712878684,0
2026-01-31 09:03:53.139126,34.95854466852388,6.358600083136104,164.6605488906624,33.346082102699505,47.14643576426006,1
2026-02-05 03:03:53.139126,29.072120075731615,6.170239327897873,198.69176175836188,41.61854827461146,88.31430802842533,2
2026-01-20 07:08:53.139126,27.357230893792842,7.028740178469334,140.0082104943514,35.09913571006159,51.99610807106803,0
2026-01-29 07:23:53.139126,33.84575883276059,6.432624837319473,151.56845232823022,34.395290779024286,56.39187857272419,1
2026-01-26 14:33:53.139126,25.9738679001688,6.398897867179106,172.8211396536753,34.22562647674383,56.62305740100683,1
2026-01-21 08:23:53.139126,28.99286019886828,7.153131869157457,157.8742827596669,34.284157337493426,47.31000141488238,0
2026-02-02 20:43:53.139126,47.658988464511275,6.462885847993593,207.53410699665432,49.07945313364411,69.98008807590575,2
2026-02-04 08:58:53.139126,41.374934367716456,6.636738522045381,198.6805335834898,55.849867852568515,73.20420906755035,2
2026-01-30 16:38:53.139126,31.84485512688725,6.794349597788586,184.62838011002432,33.33040597054261,45.76263035056941,1
2026-01-31 23:08:53.139126,52.46204253599502,6.410946807234109,210.27272715281154,46.32899113768519,91.1172183654707,2
2026-01-17 00:43:53.139126,21.204695230442464,7.100478683566193,153.26492511453097,37.17476564356945,47.459452124176494,0
2026-01-25 10:33:53.139126,23.81950040720544,6.806722050446791,150.54355671905458,33.47575384985973,49.54749700464947,0
2026-02-04 01:43:53.139126,46.64616971553585,6.337474766606658,210.8319829439432,39.07651705017687,76.10647489041939,2
2026-01-23 10:28:53.139126,25.46415753532913,7.21753100588183,138.59510910401733,37.55513626070909,41.00716172678006,0
2026-01-26 07:48:53.139126,20.525477521289172,6.775483617394905,132.35808701601024,38.00168983631471,46.253868395666686,0
2026-01-22 17:38:53.139126,20.54319962798474,7.068426266114616,166.09908667049,38.81509395410749,47.04951810867828,0
2026-01-26 21:18:53.139126,32.82740868136379,6.856205885693683,190.59198459474484,29.650759231064292,44.27342008531172,1
2026-01-29 15:48:53.139126,25.94257581441977,6.236535811007216,159.15741778657397,39.74434553383982,55.893422941262706,1
2026-01-29 19:48:53.139126,38.88573991429796,6.114188421251065,167.53122320713982,33.953056320870445,52.29456150686696,1
2026-01-30 19:33:53.139126,34.036529119984884,6.435036660111954,164.90399547514488,34.87385434613808,59.53231474236779,1
2026-01-28 12:03:53.139126,36.01136543558379,6.698880210129847,176.78901777159683,33.42639411189022,63.96955141550182,1
2026-02-01 20:28:53.139126,44.85207662800171,6.4780693303216115,216.60242298073484,43.84768595073133,69.59379170331344,2
2026-01-27 06:38:53.139126,32.311332864733735,5.695059034718812,129.958313402537,41.539791399212795,49.96803636087591,1
2026-01-22 07:13:53.139126,25.4860332368392,6.909865149490852,130.4390729738893,32.91336592037008,45.450466091321225,0
2026-01-20 09:38:53.139126,25.825774573903917,7.088537973153572,141.6149620435278,34.97190837455685,47.12967687496583,0
2026-02-02 10:28:53.139126,57.21609442341732,6.437758790687894,188.0852131517086,42.35622554388537,87.14360757029742,2
2026-02-01 10:13:53.139126,39.121309071233306,6.219788813929196,209.19981776076835,45.93305241287998,78.94861570273646,2
2026-01-30 16:33:53.139126,30.497730204939142,6.426775008611315,162.9883042370451,37.13179018778291,53.21417144803463,1
2026-02-01 23:58:53.139126,51.088365986532985,6.26869706026573,204.73907979183264,55.8626448816249,76.14770077694524,2
2026-02-05 15:53:53.139126,28.67312226246873,6.510640681159831,166.41746225423856,37.03376204065702,65.8908844756317,2
2026-01-23 16:43:53.139126,27.543309817788064,6.697446159335361,155.12284748248229,38.664359228106505,35.356140541465436,0
2026-01-28 01:48:53.139126,31.730309259246535,6.259886545604547,142.82082697932833,36.299141373058035,63.3698148991755,1
2026-01-19 06:13:53.139126,25.1595675321946,6.9777139316325165,163.35187433120967,41.704222692408024,44.24454093967038,0
2026-01-31 02:23:53.139126,35.520625512890255,6.736160926313514,155.91689888166658,36.08792913887934,61.47855894794057,1
2026-01-20 15:08:53.139126,26.35852037918386,7.057991872755323,171.55384671104622,40.399466795778906,48.34293681166968,0
2026-02-04 13:18:53.139126,46.901837924217126,5.908535577196993,179.57995413228485,34.47387709609027,71.14172054229465,2
2026-01-21 18:08:53.139126,24.867127706537467,6.73295847936921,154.06750611336386,34.39456948330375,51.58710807121085,0
2026-01-21 09:23:53.139126,25.924016274837967,6.844850456016966,153.00410308925134,36.62037047381471,43.60994580881668,0
2026-01-19 00:08:53.139126,20.311307169491037,7.101161523689898,172.89019947399774,34.56250348645837,42.50575945994108,0
2026-01-17 08:23:53.139126,31.77371592764741,7.359615600037741,149.41902987390483,32.63747727338384,49.79984415452554,0
2026-01-16 14:03:53.139126,26.887404191574095,7.419347344193034,157.72024630049958,39.37367722721445,44.82664944812459,0
2026-01-17 03:28:53.139126,29.729817661878464,7.010163192858726,140.5582959182965,35.40072944778377,46.27460204944969,0
2026-01-21 12:13:53.139126,16.337217183443894,6.948914878085517,169.53439942843326,32.89254353200345,37.32587870402341,0
2026-01-19 14:08:53.139126,27.753959581957222,7.090047031244437,129.73656921251936,33.99308669668114,48.26849599231763,0
2026-01-17 10:23:53.139126,23.881091239380808,6.994671414587477,144.47056591017383,31.617748079461673,49.9199276089394,0
2026-01-30 16:03:53.139126,32.5621331729432,5.936864794089543,166.15669105702577,42.5675245840239,66.26395458573802,1
2026-01-18 17:58:53.139126,24.59985779790481,6.830638488903526,163.97061777770116,35.93689894722049,39.90571597055667,0
2026-02-04 23:18:53.139126,43.21700868952661,6.630133452092569,203.9412247571772,42.83131466446693,77.64881260853879,2
2026-01-26 08:43:53.139126,27.93700608359021,6.936988711238686,153.50944535363087,27.678715455496686,42.96731863272123,0
2026-01-30 14:23:53.139126,25.931756672527666,6.017616146102492,175.28682752376,32.27096457179997,62.84375843468647,1
2026-02-01 22:28:53.139126,50.58456024373718,5.693474915464041,170.78435671253172,43.564825521554134,72.01030247512938,2
2026-01-31 12:28:53.139126,36.67802733206294,6.263743656875833,173.34993711078877,47.84100759423136,63.89624660843407,1
2026-01-20 23:23:53.139126,23.768415120048182,6.8429650905083435,133.33570941817365,33.739264741275655,48.55312379644792,0
2026-01-26 07:18:53.139126,24.989958631166434,6.909442220507725,158.3544140529988,38.15789011151814,49.55110132568193,0
2026-02-05 09:28:53.139126,38.14921033368539,5.734928709438451,204.89946038564275,43.60418888021828,81.6563254121481,2
2026-01-22 19:33:53.139126,28.42573183304394,7.403086514447501,169.00474686321658,36.35969505799945,49.286971424781,0
2026-01-27 06:03:53.139126,41.96473755735659,6.10803728385444,159.82129828080326,44.5975044878107,50.4132827768804,1
2026-01-26 03:58:53.139126,27.771357600442478,6.872760299705612,145.24787535633524,33.210513631150114,41.53551872710162,0
2026-02-04 10:28:53.139126,49.17055724067241,5.872251038414522,201.25516672618514,41.83633176359274,62.75429509607987,2
2026-02-02 23:08:53.139126,35.851277621038086,5.9254924220179275,205.28126093177397,46.90974073547113,85.32864698203929,2
2026-01-25 22:08:53.139126,24.355234573135704,6.906324766715047,155.03631615672987,33.800997495637404,46.34107156147405,0
2026-01-29 13:03:53.139126,30.644767218919128,6.381194634881054,164.2760033680849,42.69236717520884,52.759096327292916,1
2026-01-25 16:08:53.139126,21.480850335192674,6.959311700176562,140.27332253609788,36.985428645972036,50.902546010452255,0
2026-01-16 07:23:53.139126,25.890902848313004,7.171970230377346,152.06688313688528,33.36696399053983,47.97890973581343,0
2026-01-16 08:53:53.139126,23.309689465680286,7.510095709659266,160.78955683773086,35.42627471919977,43.2171111920477,0
2026-01-18 20:53:53.139126,23.599749359841393,6.858676609921946,143.94805488683355,37.97673802802189,43.83394036118875,0
2026-01-24 11:53:53.139126,25.37162367109032,7.115212406050377,139.72281543876946,34.395636046969805,47.30744372692764,0
2026-01-26 11:18:53.139126,27.460691904849256,6.989564157917341,141.70921253426468,34.080197117554484,44.792111703023124,0
2026-01-31 08:08:53.139126,34.30178864640995,6.768856525730875,159.9446327321771,36.1266797904174,57.566824725553225,1
2026-01-18 19:58:53.139126,30.915010977799653,7.082871633295651,139.13861080075839,31.11614166560631,33.817712523048726,0
2026-02-02 12:38:53.139126,53.944667005431555,5.540606077411735,217.99060841055422,47.68274087020096,80.05217987813839,2
2026-02-02 16:48:53.139126,44.34306479370784,5.809055617554373,177.23503498434658,36.27798241869229,87.95654624064947,2
2026-01-23 19:18:53.139126,20.921112890313353,7.027944734942973,137.28432247835218,31.072984383509226,44.630265933182166,0
2026-02-03 13:58:53.139126,47.306138655563835,5.709099175500133,203.25076232316297,37.20562010383224,60.302264643350874,2
2026-02-02 13:33:53.139126,47.45621059430987,5.419933623215626,213.30482668190425,42.46060107103245,73.24922601810975,2
2026-01-28 06:33:53.139126,30.750703492923627,6.073068898860133,159.78005200822543,29.800728020325455,56.922030959102685,1
2026-01-27 19:23:53.139126,36.24375240306407,5.963499474148234,167.33909315586314,40.4141412340605,61.19500587657419,1
2026-01-29 22:23:53.139126,33.711370668465946,6.628490458122764,151.3850386046657,43.44057418384301,49.465219582707995,1
2026-02-01 04:13:53.139126,39.25841448045716,5.9320105983620115,185.50456994058942,44.933750922304036,79.24157354317444,2
2026-01-19 06:23:53.139126,24.283310150093175,7.174198717094463,139.7505761975407,37.411368588684205,51.29773621271212,0
2026-01-23 15:33:53.139126,23.86563939730114,7.053245611075817,160.36709479808516,36.93726650868677,48.378240076240075,0
2026-01-28 07:43:53.139126,37.91747599010905,6.372114137024072,153.60304995442416,35.835484762010005,56.82078547670431,1
2026-01-24 02:58:53.139126,23.3840889189495,7.296379466731028,121.92806146383374,35.027446340459335,46.1545902756232,0
2026-02-05 13:43:53.139126,55.30625074392504,5.09177267587128,177.23616163846205,44.28957098419083,69.66250400734872,2
2026-01-20 11:18:53.139126,21.869665498417937,7.030591988174365,156.4779434045433,39.66291399209687,39.557631577566276,0
2026-01-24 18:28:53.139126,23.196860003876907,7.1965279564878175,133.77127404128785,29.423428741906296,40.83063119264001,0
2026-01-31 19:13:53.139126,43.440353375355315,5.531383358344601,197.0403903783653,51.25246770107674,64.32248318544224,2
2026-02-02 01:38:53.139126,44.19131816116717,5.6475702524748606,184.94657973858506,43.15720609383933,68.218363896009,2
2026-01-20 04:43:53.139126,24.576970995675236,6.6239754095127585,138.86789640457235,33.36538516752035,51.68721681827623,0
2026-01-31 18:38:53.139126,40.97214998624886,5.298257131469371,195.59038391463588,48.97571029672769,70.77984098077371,2
2026-02-02 02:43:53.139126,51.8783296469149,5.921711377794574,188.0474674362233,37.67014583998862,63.31964434153608,2
2026-01-17 15:23:53.139126,28.783286948327127,7.269998114765662,139.86131152337163,35.79781343800409,45.216807532310064,0
2026-01-30 05:23:53.139126,33.96221117185114,5.935616275093736,174.74153594484764,34.82496571384722,54.11060996972576,1
2026-01-26 15:43:53.139126,32.60001280524898,6.406415673937313,150.69581040925027,40.95331141181049,52.70572569746843,1
2026-01-27 13:13:53.139126,29.821850187106868,6.272076226804547,168.7169037923348,37.15911716752661,58.20085266511526,1
2026-02-04 23:08:53.139126,59.36029133428388,5.576177108124002,201.20960503180308,45.17211238631347,83.78660497528024,2
2026-01-19 18:23:53.139126,20.873782875875833,6.957604472212492,147.77524301780102,36.33398434969763,43.73503651721513,0
2026-01-25 08:58:53.139126,26.065282681592876,7.1563141336831775,127.82195849125249,32.95939730626631,47.57447293218478,0
2026-02-01 01:33:53.139126,37.68993891934225,6.002873889371383,193.4193728443075,47.49418224423484,89.53065318112446,2
2026-01-26 16:13:53.139126,25.92849964230915,6.314279833946884,170.75262052098293,35.23257760583089,54.97707358904639,1
2026-01-21 00:28:53.139126,24.380799336458352,7.223627281833751,155.4207761565513,41.04315644777868,49.74846334885921,0
2026-01-24 08:13:53.139126,27.45509769644379,7.082237300507197,163.63072854153862,32.913343373688946,43.58943579074364,0
2026-01-30 19:38:53.139126,34.15905557738363,6.224668074228451,155.41709774694863,38.25384319615263,55.263766457276205,1
2026-01-26 10:13:53.139126,25.410533911489594,6.741927559790843,145.80398207403042,34.93620902263468,45.95120431485509,0
2026-02-03 22:53:53.139126,45.76572806366897,5.961229122379937,210.4446936064955,37.66066734774163,70.13047413905124,2
2026-01-28 21:38:53.139126,34.30352935574556,5.996616229954304,167.92972533291262,45.17279596508333,44.06299402003955,1
2026-02-03 01:03:53.139126,40.91963650647864,5.9808360504113365,186.32512653591726,43.94254085755997,88.82712809612298,2
2026-01-21 07:43:53.139126,27.092689958247895,7.239467847947514,153.75408070511307,35.50462943428787,44.36244037433791,0
2026-02-01 10:23:53.139126,45.89722893195486,6.576987640153627,205.98056901427825,47.44410376435767,68.35540264972273,2
2026-01-29 10:53:53.139126,24.624176447113758,6.907327208774677,159.6070515521009,39.11093005803021,54.217945938719765,1
2026-01-23 02:08:53.139126,20.211735397653023,6.882501158403352,152.76357539903515,35.65120335935323,46.420002842600006,0
2026-02-03 08:33:53.139126,47.2646255922534,5.244125935591782,184.51805583542006,39.50414840172161,84.98060568670171,2
2026-02-03 08:28:53.139126,49.920635800324696,5.676260034074723,189.39949352155216,41.72058858617455,67.61288809791175,2
2026-01-26 00:48:53.139126,26.27915954252265,6.790603717079131,142.15818766507488,29.95736587407154,45.49102717235124,0
2026-02-01 21:33:53.139126,45.533072783195834,5.873597474777047,178.3318623530303,36.18220770476798,74.56048551656646,2
2026-01-31 20:08:53.139126,50.63874735518834,4.1855475094120544,170.99598442109868,44.06378389239904,87.35232848069046,2
2026-01-28 03:13:53.139126,39.39528388223727,6.1315188055014245,197.700768895572,36.149924821310776,61.64618979465846,1
2026-01-16 03:03:53.139126,23.506779593464984,6.754808872717181,159.4814982525128,35.085029504626604,46.18849619834849,0
2026-01-24 17:48:53.139126,21.466933382210208,6.664898457878162,145.45199818959128,32.86972981612609,43.90695476765688,0
2026-01-18 11:03:53.139126,28.60843154140825,7.006260956820102,156.4233059597514,37.5896493893794,40.87930568313783,0
2026-01-22 20:28:53.139126,30.78386910084391,7.183134252230878,148.96648440178984,42.47375472109334,42.19995249260314,0
2026-01-29 00:13:53.139126,38.29640853350349,6.811199071866904,184.272184943,39.99411278795167,57.485675521979765,1
2026-02-04 06:33:53.139126,47.45676342068127,5.793864011963767,184.91387538281694,39.95674897574739,78.08520649184804,2
2026-02-04 16:48:53.139126,48.377941776431726,6.028987284424024,164.21705929814195,39.95343038671007,76.68372605281348,2
2026-02-01 02:03:53.139126,40.21089801785488,5.851042990607943,209.7919811422073,42.06524393770558,74.34223392795417,2
2026-01-25 03:48:53.139126,22.797721101996387,7.1469150656027844,170.62787393045028,31.35175999913796,39.54979074883009,0
2026-02-01 06:53:53.139126,40.48469842286705,6.2585197293674035,211.96480438262498,43.28886820349179,70.03688725091138,2
2026-02-04 06:13:53.139126,29.419765017486743,5.272349172045511,176.74652416307927,48.122665283067164,74.71348719228712,2
2026-01-19 19:13:53.139126,25.640691752872925,7.209692636119237,142.34906793458822,40.99120667059198,42.93759294805809,0
2026-01-29 01:33:53.139126,31.65525346850376,6.369744942758228,172.79804499294255,36.75728694821991,53.130670818843996,1
2026-01-23 21:23:53.139126,24.746952493527097,7.351671206752057,138.95119713664883,31.197607047455016,49.20940823573552,0
2026-01-21 05:23:53.139126,27.00514106092157,7.109226453507858,154.8317799052405,36.36515926476744,45.02638339137043,0
2026-01-31 13:18:53.139126,32.60326740779752,6.736024496133087,139.7184326559747,38.4288442055439,54.690771174590466,1
2026-01-22 15:58:53.139126,24.95523690683761,6.854061493423692,144.3589504241642,38.89665576044601,45.07887980238521,0
2026-01-28 02:23:53.139126,28.335648483164597,6.274034141144829,172.14113286092706,36.08392697331378,57.121156500435404,1
2026-01-23 02:58:53.139126,26.088828026307347,6.950595732353996,169.294312163451,37.78403224915448,45.22689697230271,0
2026-02-03 06:48:53.139126,47.739929299072614,5.864673649059153,191.57606640438485,48.222454912459185,76.86357542648346,2
2026-01-30 22:23:53.139126,26.74650421066269,6.374240588460334,159.64978527526765,37.3438212879065,61.6011965388068,1
2026-01-25 08:03:53.139126,28.638762572419196,7.189608210521742,155.09541109423995,37.76899045266928,46.56170163739844,0
2026-01-24 16:08:53.139126,22.70038821925936,6.854508231428021,143.66344615609776,33.163006731989796,44.28091242356541,0
2026-01-25 15:48:53.139126,26.0194441102862,7.083507576972159,152.7521030811132,33.75513174071227,47.835121485618416,0
2026-01-20 00:43:53.139126,25.66851535661973,6.811922065424598,139.52207429290044,33.91986145178368,42.58437917862009,0
2026-01-21 04:18:53.139126,31.661760746473398,7.200480915494442,141.09878894060645,33.594276790942395,50.43977982465922,0
2026-02-01 09:18:53.139126,44.47167811670568,6.207641170866701,184.39948126210882,38.47159794942555,73.4172322597894,2
2026-02-03 23:03:53.139126,43.70907877881188,5.221147113294456,183.52526084825377,49.60975592397135,81.44783480569234,2
2026-01-27 14:13:53.139126,34.57220765412211,6.2052785890682065,157.3661343608249,44.043302047366566,52.4758656122264,1
2026-01-27 10:13:53.139126,35.66682464908035,6.604245764232207,172.79694927820202,31.96309349520316,59.672788601047,1
2026-01-16 21:03:53.139126,23.730717002245786,7.145213910835626,144.82757364905876,39.0786819438193,37.9368456704923,0
2026-02-04 10:03:53.139126,53.390614467306385,5.887129766600427,223.78977474541722,39.90452686752035,84.81484231585301,2
2026-01-16 06:33:53.139126,24.329585093377574,6.68278000866583,141.0142388375593,32.7358169461881,52.101222443070036,0
2026-01-18 02:18:53.139126,24.578276575411458,7.200759370591569,143.9780487442392,37.1616483428333,42.526998558134835,0
2026-01-20 09:33:53.139126,29.91087311201956,7.0943011628908765,155.81250697807533,34.41805297997452,48.2296386522773,0
2026-01-31 22:38:53.139126,40.23469120101199,6.3281149139841775,187.91706840141592,41.241273331522294,87.97940987704204,2
2026-02-05 07:08:53.139126,48.185634745276516,5.287503308197633,194.4859695035308,48.861444498430075,62.135276124494226,2
2026-02-03 19:38:53.139126,51.56893953766431,6.656000776813166,169.53073405780916,42.956250900466685,75.47037500625724,2
2026-01-24 00:43:53.139126,29.26786594711048,7.176275199037195,127.80609201789927,33.87342215989113,47.52512027521446,0
2026-01-30 06:23:53.139126,32.47319841477503,6.457136488022418,160.73294878623946,35.8913215864084,60.139803091875635,1
2026-01-17 00:48:53.139126,23.084292514836694,7.041311615542857,137.95182746756535,35.579509310490465,45.275997511332335,0
2026-01-19 22:33:53.139126,23.141819422211096,6.976564443964245,150.8167848783207,39.18979845746748,45.12218413220354,0
2026-01-24 02:38:53.139126,27.733877715848156,7.107928911336327,144.2909196499287,37.88227228620447,43.05067635335786,0
2026-02-02 20:58:53.139126,33.86548956970839,5.436081675697469,211.78594016221112,31.1714207389053,69.03129376121416,2
2026-01-22 19:48:53.139126,24.534708520405697,6.718244425762927,158.42188582274858,37.57482435198276,42.15150764734428,0
2026-01-17 10:43:53.139126,23.407350332548464,6.994278811332529,145.552959555533,36.45465919289656,45.95799621732096,0
2026-01-22 00:18:53.139126,23.694276179289673,6.989648118497649,153.5101658034287,31.719110347186934,45.75014021024364,0
2026-01-21 18:13:53.139126,21.128100965958364,7.182039578335984,148.4478201717379,32.79734959127548,46.78946818635529,0
2026-01-27 05:13:53.139126,34.28343084002576,6.256054763481216,165.6835995316221,29.980820357089684,44.9007686019079,1
2026-01-25 12:43:53.139126,15.935075577911226,7.380933561608537,155.17982990213272,28.927287475432067,43.531560108336414,0
2026-01-26 11:23:53.139126,32.099826256206725,7.338569235616819,149.93408679504495,29.51803719119961,47.530161676968575,0
2026-02-03 07:38:53.139126,46.64768246862644,6.755789024787499,201.342067018655,42.3522913419089,71.96011143977239,2
2026-01-21 12:48:53.139126,28.267884574283023,6.49718253641537,150.8959135545996,40.91869301106021,41.1080803848103,0
2026-01-28 12:43:53.139126,31.32437274008115,6.627192954502931,170.90079370301646,37.23397328716575,62.47719028833264,1
2026-01-16 19:58:53.139126,26.070376601690207,7.101664766453065,160.3153535876672,36.68988468181159,39.11212079914575,0
2026-01-19 06:18:53.139126,26.987456656415283,6.794313729656992,162.31998547653436,30.84254786345025,45.228968739874595,0
2026-01-20 13:58:53.139126,27.816801475760656,6.718450203139501,147.50934087474906,34.81735153900593,40.31953933688132,0
2026-01-31 19:53:53.139126,42.95770972055713,5.794478749353233,169.3877486230274,41.29158312237721,67.3789494837347,2
2026-02-02 07:13:53.139126,42.60157446091929,5.253660071457228,213.50025470775606,38.77978956289037,93.97182627252984,2
2026-01-22 12:03:53.139126,22.783129373374543,7.268349050497003,151.34106668195628,34.92277074546782,44.378794687817994,0
2026-01-24 18:38:53.139126,23.19516714275354,7.317980432828162,146.76482092559,32.38647886881708,44.039186032457735,0
2026-02-02 03:13:53.139126,51.3441753980899,5.916412368826506,219.53414373300828,46.77741019067282,69.7340979127737,2
2026-01-31 02:48:53.139126,33.56650870539038,6.798450553575282,165.25590353396703,38.4826894897265,54.95077048466425,1
2026-01-19 10:23:53.139126,28.976562434158385,6.698866476871695,159.92053192237174,36.39736907250004,37.0827586003936,0
2026-01-22 07:58:53.139126,21.51093554999911,7.181920412520863,153.98442860610686,39.631578647586075,49.336870528500505,0
2026-01-23 08:33:53.139126,24.83652327093371,7.3605605650201555,127.10098320159526,35.28084200688663,46.903503870527736,0
2026-01-25 11:43:53.139126,24.57719470337358,7.235200385975382,145.46901871739695,37.996132551372206,44.62638123782326,0
2026-01-17 06:08:53.139126,21.589219797587287,7.396914220043706,146.80181837116157,34.543594378869585,50.41544771372878,0
2026-01-27 16:23:53.139126,27.79237534574676,6.596643117571277,148.83625462706192,34.959113819453975,69.12359089430352,1
2026-01-29 13:58:53.139126,27.88804918102587,6.465948186629909,197.55393140690938,42.294202452221114,58.376757304700796,1
2026-01-26 11:48:53.139126,23.70847151839481,7.038470154339759,160.3280712622902,35.59122570919413,38.49809981506069,0
2026-01-24 15:28:53.139126,24.519376143967936,6.644753191177593,146.2056540195758,38.72154834617713,47.219739929751974,0
2026-01-22 06:23:53.139126,31.224602022662364,6.787856303460109,161.49319557288078,39.734563633379445,50.8851387156247,0
2026-01-30 17:28:53.139126,30.563209391281845,6.956872568753928,154.3592109537801,38.38034582135068,63.83808547252375,1
2026-02-01 13:38:53.139126,42.7751663628933,5.048968035123709,184.9866030422076,45.29755208327447,80.53546700819116,2
2026-01-30 12:28:53.139126,35.79466766357146,7.091729421075634,185.56075202308514,44.166811257036784,56.73119333237223,1
2026-01-30 13:28:53.139126,38.11739129021552,6.570017753607957,163.26808202025666,37.46879117136073,62.93232309066563,1
2026-02-02 00:08:53.139126,34.564069539970035,6.166481974357044,193.24123798786374,33.88399495150294,67.19699663300207,2
2026-02-03 11:23:53.139126,33.95234949182404,5.381724856137493,202.44911623508605,45.24161362503232,84.41632161326181,2
2026-01-29 04:18:53.139126,27.295038932977704,6.73837096317046,167.8874447899299,37.4453567893747,50.83892520674573,1
2026-01-25 20:38:53.139126,29.0638731710831,7.10182966155521,158.22897341583212,34.90914294658116,44.11389995008149,0
2026-01-22 01:03:53.139126,26.471092071529736,6.669115544144206,160.7230635323297,33.89377805152341,48.45169069190795,0
2026-02-01 00:08:53.139126,57.64335754963836,6.084214486169833,202.49503353523107,40.15196772688192,69.48645529622495,2
2026-01-24 17:03:53.139126,25.545200489690416,7.003824432492917,151.3593587580642,31.642744144061894,46.098709896203204,0
2026-01-20 20:23:53.139126,29.50842421591358,7.26785264488884,154.09684775030658,40.733053569040926,45.74559562792964,0
2026-01-16 16:58:53.139126,24.224807014048984,6.990052483165767,156.3831084109839,31.51861186608718,49.48547571692708,0
2026-01-30 03:08:53.139126,33.73356690506122,6.764084504435748,154.00345845325842,34.564945224165925,62.31838684677344,1
2026-01-31 10:48:53.139126,29.380617962425557,6.6059861043341535,168.85917816317917,36.95378697647069,54.78780079959307,1
2026-01-31 12:48:53.139126,31.577757637603906,6.960764446991581,157.05134854290833,36.60369830947885,61.37955944422234,1
2026-02-05 22:18:53.139126,56.90234909703085,6.7622565279159605,205.14865801323194,45.961638279467216,63.81683643964099,2
2026-01-30 07:33:53.139126,37.96272763297717,6.869523526881048,173.2698168122871,38.820286069325306,49.0458747588424,1
2026-01-22 21:13:53.139126,25.14812674659679,6.976318861716318,156.23092850939628,39.3178763541001,40.9394173309752,0
2026-01-27 05:28:53.139126,30.178940674196188,6.700591181554581,160.96462174442112,41.0113285029526,71.33628133936644,1
2026-01-27 17:58:53.139126,31.82635444173537,6.4736901200025905,177.70143036346593,39.816191097168016,63.35469237132454,1
2026-01-23 04:13:53.139126,21.468271712410885,7.394115827265981,143.2151294175925,34.519573962119146,41.41434732859897,0
2026-01-29 13:43:53.139126,34.146359288511164,6.360515224753318,170.7252004008862,38.56627431240079,61.659906790668735,1
2026-01-31 09:13:53.139126,35.00703139783448,6.601975410063657,174.27935319766777,41.48838995436303,63.97007176427517,1
2026-01-16 04:03:53.139126,26.619854776370133,6.795470948692642,148.4793726408336,36.397864199923575,41.00688623785204,0
2026-01-16 02:33:53.139126,26.448663168682344,7.159998304748299,147.42432929581744,39.96786886526805,43.33912647369458,0
2026-01-23 15:43:53.139126,27.53555749705368,7.318612961258326,139.44117770924126,33.149411339538695,50.691719240236644,0
2026-01-20 19:33:53.139126,25.20386138482502,6.61537583081574,142.52742424513337,36.540583685489665,41.74644890120655,0
2026-02-04 11:13:53.139126,43.60708338224244,6.4108524620901095,203.50259440834526,46.3652816381614,75.95900098702593,2
2026-02-01 16:13:53.139126,50.40483577842137,5.91910361452557,204.68868008751585,46.90547180976508,77.95907967418032,2
2026-01-27 01:48:53.139126,30.739661122111947,5.946496842509404,176.6888055512091,32.51502698572187,60.62569638627981,1
2026-01-17 11:33:53.139126,23.37223698882115,7.025238459823423,144.28085055329691,35.36643518580074,53.57735822621158,0
2026-01-31 18:08:53.139126,43.702950326896634,5.966084506993391,199.04647767737973,48.14717246037326,76.46603817276595,2
2026-01-27 16:58:53.139126,38.34422040531816,6.489402436141909,175.84571473768943,45.3671063414175,57.280293517690616,1
2026-01-22 09:33:53.139126,27.020340056499936,6.846063571073651,167.87228973491105,33.60338319889297,45.92777825211081,0
2026-01-29 15:13:53.139126,32.653864887498614,6.2912976005781305,156.63739185388496,33.794329743269515,51.613813740686695,1
2026-01-31 04:58:53.139126,39.911169687998395,6.561960027866639,158.51439737738295,40.25585930211089,51.83884108622287,1
2026-01-18 22:33:53.139126,24.838221644266266,7.157711260996167,135.31150024299345,40.4543793582859,41.94174800895533,0
2026-01-21 13:33:53.139126,27.770723912636328,6.781130639534184,150.71970645007505,38.39230419720271,41.681215337375455,0
2026-02-01 12:43:53.139126,47.38261386285126,6.549273391052326,192.4748053568122,33.19277947464667,68.35876394840473,2
2026-01-22 08:33:53.139126,25.731098261383227,7.126464042379998,157.22143889907056,29.54213375096673,43.825616774750294,0
2026-01-24 00:33:53.139126,24.999581086236674,6.660211029282153,172.29025040643216,35.017078661993416,43.37849061493567,0
2026-02-02 16:03:53.139126,45.764902115600286,5.777367027991179,188.92085737053202,41.88797609519281,61.254152549459945,2
2026-02-05 07:38:53.139126,49.99719187456696,6.179404508225686,202.9934319330257,43.56660856424763,65.90878966990724,2
2026-01-29 16:23:53.139126,33.58889518655882,6.386643254097699,168.1861927715898,38.07426443313518,61.147135171961715,1
2026-01-31 20:28:53.139126,49.67091681561633,6.0335527012625345,220.69344030589244,45.961923307590084,85.4180488798118,2
2026-02-02 23:13:53.139126,46.8531208863459,5.583647446927435,219.98554904693037,39.66536925443294,70.23391774398945,2
2026-02-03 01:28:53.139126,50.02446459988661,5.569849379221081,211.48968527695635,37.0457641165103,78.61246790908213,2
2026-01-31 08:48:53.139126,40.0744005135569,6.562322715527107,171.3999617958262,34.84913427098473,59.742138640386955,1
2026-01-30 12:48:53.139126,32.172202955479165,6.876603692078735,147.49772530923457,39.07532451036201,54.31796302847378,1
2026-01-29 10:08:53.139126,31.000608840619925,7.134012878186262,161.81412897479134,42.500887434022914,56.38599095298843,1
2026-02-01 12:48:53.139126,43.925986995191735,5.644949607766791,171.67122487744152,45.321545738046915,70.15933500338646,2
2026-02-03 15:18:53.139126,45.97158447573815,6.237764947567428,224.3384691574714,36.29911587520162,67.79567527797401,2
2026-01-18 00:43:53.139126,30.568543635376425,7.240837341273282,144.67642045260746,41.24831402898992,43.56339513611686,0
2026-01-20 03:08:53.139126,26.344969222089567,7.492521840882013,150.99315218900114,30.846606406487492,42.5909425856383,0
2026-01-20 07:38:53.139126,30.973024453975732,6.798795388610051,146.60407634234858,34.89371336407603,41.74965098594196,0
2026-01-30 02:33:53.139126,29.585531280337936,6.53640110440829,169.69227837338943,40.29725942392253,54.59774884741951,1
2026-01-20 16:58:53.139126,23.438800604795684,6.8099251965823715,147.58658295211973,40.67882360473549,47.133904161503246,0
2026-01-27 12:23:53.139126,36.00495762624443,6.50402952838055,144.55514857458743,36.63093865727508,55.43879621884684,1
2026-01-27 17:38:53.139126,37.34497879301671,6.638425768499887,168.83776940184703,38.83384185149506,55.77937939707234,1
2026-01-18 12:53:53.139126,26.822250958220067,7.1382746488207545,157.85150880099863,40.22978127764384,50.96375477810768,0
2026-01-25 11:33:53.139126,22.997929811063983,7.156150053645132,151.4349753551627,36.22117727998391,48.5914452686309,0
2026-01-31 00:18:53.139126,29.342635276758184,6.498054546123892,159.37508827504962,43.54563977793852,55.02390982524873,1
2026-01-22 12:28:53.139126,21.699051333514813,6.5836524585063865,159.263218574334,37.22306474984375,44.803861623851,0
2026-01-31 09:43:53.139126,31.582932245216643,6.711323329469933,173.5628320844232,37.69876774479836,59.92580968622244,1
2026-02-04 16:03:53.139126,46.982166238535825,6.931333055630118,208.15515901864265,37.480040909158156,76.94642179248058,2
2026-01-21 03:48:53.139126,22.588340800006232,7.347056466757722,143.5821002622178,30.348627984461785,41.04946548225872,0
2026-02-02 12:48:53.139126,46.258505289029785,5.535356527269931,190.42136244734226,60.16794319311386,78.53002825283576,2
2026-02-04 14:23:53.139126,39.5773842091924,5.369504664525529,226.82845473284462,33.58346274745606,63.14755104908679,2
2026-01-30 10:28:53.139126,39.48216732186292,6.356203690079153,147.96049394821927,32.4130846153659,50.204126266658015,1
2026-01-19 02:43:53.139126,31.498037108148587,7.192565798924584,147.61105152186937,31.847921789697082,46.85929233343477,0
2026-02-01 00:33:53.139126,49.41803180844572,6.21155062792868,224.41305101368067,40.86607304151744,71.00275964612844,2
2026-01-21 19:33:53.139126,16.59932397682209,7.085070428132557,144.15008472648702,36.5774117713259,45.56350461580886,0
2026-01-23 12:53:53.139126,25.47212952394813,7.049215197880867,143.86217290543377,35.36820641627564,49.92966154029165,0
2026-01-31 14:28:53.139126,24.506145771890306,6.462400827287749,165.93754135330357,44.36291720020685,50.78090227277818,1
2026-01-29 22:53:53.139126,31.40544266427237,7.089270332955164,162.16141674992988,42.151485350444986,64.93814377004819,1
2026-01-21 06:43:53.139126,23.434674214612322,6.894786363437195,136.48588934863045,36.76807139106436,49.83161614824916,0
2026-02-04 05:23:53.139126,49.06004858960136,5.660228738517464,182.22449312737604,48.407151108382145,75.40785710629189,2
2026-01-18 15:18:53.139126,15.94473503317827,6.85525169770187,150.80346659994945,32.20852392623059,42.58654774279906,0
2026-02-01 00:23:53.139126,60.174799106057485,6.1690609402928995,194.5085500604951,46.37649452130864,73.84507893198986,2
2026-01-28 06:08:53.139126,23.807596462868283,6.833354552581112,182.26283673473569,34.273202835881435,49.65785433472749,1
2026-01-25 04:53:53.139126,29.533753153177027,6.701211946193788,154.66732856140322,34.07453251280894,42.667948244645466,0
2026-01-22 19:53:53.139126,27.493163281342152,7.140230876753836,148.3154145242233,38.74145805117053,51.44523615319778,0
2026-02-04 09:08:53.139126,40.88914572960627,5.758480010199844,184.09447445011745,44.644433034352524,80.06340742789835,2
2026-01-19 23:03:53.139126,25.8152030597428,6.811568988241334,154.9106308907088,36.4031014552194,43.69296848134434,0
2026-02-02 00:23:53.139126,44.47177327155395,6.194442999267007,199.2032737956028,40.30999659947921,95.71491114909864,2
2026-02-03 17:13:53.139126,39.12505206857581,5.384382185522943,194.38445935658916,38.88827925388886,68.51792096287035,2
2026-01-24 10:03:53.139126,21.165784255382462,7.035799162406688,171.06749487033258,37.89339400455164,48.18376957855957,0
2026-01-20 05:18:53.139126,26.451274583457625,7.255188300966376,142.03609652726172,34.59645099809168,43.44313697480265,0
2026-01-23 01:48:53.139126,27.435579771364516,6.9935144821840955,146.58535022022937,38.883612687392464,43.93663248555693,0
2026-01-16 18:38:53.139126,21.460360983613704,6.904818941557907,174.9404631417752,35.90152693601335,49.382338561145744,0
2026-01-21 08:48:53.139126,26.74013102816069,6.75681980904953,139.07470619031986,34.24336198535379,40.92374399323804,0
2026-01-18 02:43:53.139126,21.09703154715532,7.133429285708289,149.2103127713091,35.261759268851456,38.04896175000672,0
2026-01-23 11:28:53.139126,27.40001075081838,6.90057021883466,151.9695784245171,37.537715896440886,49.52678564770799,0
2026-01-21 01:38:53.139126,20.669391200102176,6.824422449452491,151.1047137763836,33.69587292013818,52.708683875797206,0
2026-01-18 18:48:53.139126,25.598213586212403,6.957197417920517,163.65904628584664,33.21133044132258,43.307658640990326,0
2026-02-03 04:18:53.139126,41.02541427245518,5.115781313289798,192.43388481474025,48.487378907208466,58.144688104075534,2
2026-01-24 10:08:53.139126,19.411902953531875,7.023271464957431,169.75169053219176,36.66630440353659,48.198271872407695,0
2026-02-05 17:38:53.139126,41.528373404325485,5.6102376997253876,203.28175865901895,30.95090428306239,89.38816953416449,2
2026-01-22 12:23:53.139126,27.755487573557787,6.891991193844728,164.1994718051537,35.10631113617337,47.88440427421741,0
2026-01-16 13:28:53.139126,25.170249013524653,7.2891977159304995,148.79168996608365,31.713091599467482,42.487162670168686,0
2026-01-16 17:23:53.139126,20.75611593719589,6.714257044467591,149.3668460298801,33.84672584717323,46.812878220085985,0
2026-02-03 16:48:53.139126,40.813228320004406,6.795311146466365,217.15377829272703,48.25236990270939,87.11304829711892,2
2026-01-29 07:58:53.139126,32.59830239170726,6.633535798022542,170.14414633577817,36.1732342635717,54.95118514034228,1
2026-01-28 11:48:53.139126,31.756193132224723,6.743218075242555,151.6873243437695,40.25956525318431,54.199457483982826,1
2026-01-25 01:33:53.139126,25.249674271980215,7.169209070858174,143.1655592846275,37.62981309938782,44.14155129524616,0
2026-01-28 16:38:53.139126,35.76579171499782,6.350291179054709,180.50050737063935,35.01005019079716,64.10418266891305,1
2026-01-30 23:08:53.139126,44.48289875601518,6.194344184513149,170.8225382431155,38.225981722429,66.6137848125668,1
2026-01-25 07:33:53.139126,24.04876672012382,7.4818158307409925,151.33234226679508,30.999475037708848,45.0240873063656,0
2026-01-30 18:08:53.139126,24.718565991698533,6.555426770999543,158.18572393972326,41.71078794809974,60.42464638984067,1
2026-01-23 07:18:53.139126,22.656181687243798,6.968542215501994,160.85981941027362,37.26406985336507,45.62587795354066,0
2026-01-18 09:23:53.139126,24.20979336869086,6.9151406017712524,166.0453177159893,39.21544547823109,41.58762444133901,0
2026-01-22 16:33:53.139126,24.017655895048055,6.8970324116678485,158.22966899259686,37.36117226522577,41.160382128345255,0
2026-01-31 10:08:53.139126,39.93438876932359,6.3379577431364265,156.65138868078154,35.11614609432096,53.0832453690022,1
2026-01-30 05:08:53.139126,38.99420691961728,6.432628069605622,156.67807583273722,37.109231374160956,57.46841353056744,1
2026-01-23 19:38:53.139126,27.567969668578115,6.891316279056962,156.57517891241773,42.81139603085449,44.42855714816371,0
2026-02-04 19:43:53.139126,47.63313296840548,6.2791584024416975,205.74916882961222,48.34482000510077,76.80236597342265,2
2026-01-24 08:48:53.139126,21.85875627540592,6.777921845684406,146.42026042960336,36.82925621130889,38.6449977396664,0
2026-01-21 03:08:53.139126,27.76897171995683,6.701754001116398,141.9200906621709,37.0033183258784,42.47944076558018,0
2026-01-17 07:03:53.139126,23.15477038679645,7.093532846843725,133.30382344707684,36.17306615226804,47.21732249225699,0
2026-01-28 14:53:53.139126,33.83667071804251,6.434691367646945,192.41618113652603,32.27358333166356,57.19366438991839,1
2026-01-24 21:08:53.139126,24.591982484992883,7.361568295516213,150.81844746948437,32.30107335049712,44.846481905359155,0
2026-01-18 15:08:53.139126,19.91782627787354,7.176476273317319,163.66037887017313,31.815717542943403,44.97761719112893,0
2026-02-01 12:03:53.139126,30.99755834637496,5.7268567647946025,169.1409462143557,42.21588180048674,70.14287648470169,2
2026-01-19 11:53:53.139126,20.484467681500806,7.046148655508755,151.18374598196777,37.81826238853124,47.10350525950278,0
2026-01-28 15:43:53.139126,38.60563168536483,6.763273201273665,168.77648238665375,40.8124245141755,67.40874720179579,1
2026-01-30 13:18:53.139126,29.454467940979363,6.163625961393398,165.1670088638263,28.741891520189817,58.85489528469915,1
2026-01-22 19:13:53.139126,29.45067568019617,7.175019682977713,147.06986840705895,34.87658284834821,48.55700718644999,0
2026-01-28 22:23:53.139126,19.394493313244837,6.668295847606015,149.02056095201894,38.47818983120492,65.76282968747239,1
2026-02-05 02:33:53.139126,48.4200675904348,6.218672240159131,187.96067490954286,46.20783002307067,84.88696298380749,2
2026-01-20 14:48:53.139126,24.096207933264694,7.213938161910702,161.82443064202675,34.6074639683456,50.67916102343437,0
2026-01-30 14:18:53.139126,38.33844525270939,6.764974347122993,168.1289220858956,37.6715776378979,51.66955572542815,1
2026-02-04 05:33:53.139126,43.256222886058026,5.982597702454585,208.6991923543975,43.35816905469825,85.53096089702176,2
2026-01-18 09:33:53.139126,21.14909308258263,7.190958403168151,147.70179102179068,32.627165594110906,41.93264750405152,0
2026-01-22 07:43:53.139126,23.03375321726429,6.775849646604895,154.47538459355644,36.53896383968167,48.16864000385238,0
2026-01-27 21:03:53.139126,28.051044012748594,6.102088640191368,141.75030653974855,39.2454073229141,55.03211396785433,1
2026-02-05 16:58:53.139126,32.39013722854579,5.551243244267678,207.12226420450247,51.744102725372336,76.93533344358865,2
2026-01-17 19:38:53.139126,27.632265199341177,7.3293439047329665,145.94574466956703,35.378440291250584,48.37070428180656,0
2026-01-26 21:53:53.139126,39.707965377145605,6.676490803958436,163.21884443784302,42.29874004399148,69.81189224334375,1
2026-02-02 03:03:53.139126,44.559759903221185,5.641817015486484,217.88471333370748,45.046621662696545,76.87728532179062,2
2026-02-02 10:18:53.139126,36.53669199717456,5.497444831351384,205.39097954298097,45.83307592809996,84.59213342578988,2
2026-01-29 09:23:53.139126,36.47074293921086,6.536738726586542,174.01868520273365,32.48937409467275,51.69335598238378,1
2026-02-04 06:43:53.139126,42.303851420717265,5.748610154899465,197.70298379534904,41.28462763147541,69.15399746713258,2
2026-01-19 20:58:53.139126,22.61454178989186,6.951328655489086,141.09368783961307,35.56554309471356,48.76593691762578,0
2026-02-04 18:23:53.139126,28.047737443432613,5.202550916507322,179.68358793829765,31.79435511588287,70.11527951043632,2
2026-01-18 12:23:53.139126,24.002488816173475,7.27920357781416,133.14122654716635,29.753879327420492,43.80987521928932,0
2026-01-20 13:03:53.139126,28.01352755136202,7.06634065459179,147.25790830875076,34.98386401729014,41.48443213502911,0
2026-01-30 18:58:53.139126,31.256189764156368,6.8995839601723645,166.11719075690317,34.36891394217027,57.314570867304845,1
2026-01-21 17:38:53.139126,29.350405466048617,7.296245760714517,139.9496989155458,30.459132980149313,41.98781681530139,0
2026-01-24 23:58:53.139126,21.814355797505158,7.073354670777119,161.10383833562565,34.66129697011043,41.263456656247804,0
2026-02-03 02:33:53.139126,51.49076586372412,5.830906604217478,172.732587480203,39.71459722226766,83.002756800597,2
2026-01-30 00:33:53.139126,33.323958761273815,6.20461201436153,167.28049818379267,38.13442225567684,57.9839627803139,1
2026-01-16 08:08:53.139126,28.11623850777044,6.924033663864014,135.14706636523093,32.1939535966296,49.2513356105875,0
2026-01-30 06:43:53.139126,36.44308602112794,6.838825657516806,170.52055026623086,43.40813306026751,57.86915318486204,1
2026-02-01 21:38:53.139126,38.2066792135496,6.370133607578019,186.81580361803805,35.6805911611944,79.08919181783101,2
2026-01-23 23:38:53.139126,25.896146794976545,7.134300562053301,152.67873958756513,30.96916857754757,48.92637197555089,0
2026-02-05 04:08:53.139126,44.65166909644184,6.4098750553505015,200.50996185162646,45.58828438044315,98.25949468511631,2
2026-02-01 12:18:53.139126,35.978041431778934,5.318575951279914,200.45249550620957,47.47079236860196,78.0144880195037,2
2026-01-18 22:53:53.139126,13.86108309446007,6.875895053765968,145.5689042032917,36.36897869657831,40.82638043851256,0
2026-01-20 08:43:53.139126,19.131179622372915,7.211379053818582,135.07699180499742,33.37471090991332,41.14963951526652,0
2026-01-21 22:18:53.139126,21.815381938672914,6.577173484725255,163.6315886279652,36.664693578558,45.19482315490876,0
2026-02-02 12:08:53.139126,47.241012107643364,6.087593433421845,176.1813296005534,43.39694151620985,56.20418068144252,2
2026-01-26 01:28:53.139126,20.741660732727095,6.916669344639222,163.46087436033798,36.66631948585508,42.9216681144244,0
2026-01-31 07:13:53.139126,24.871034098765417,6.327233878868665,154.07648528040968,41.137468334302284,57.75064514661704,1
2026-01-24 07:48:53.139126,22.984092845312134,7.099899093922278,152.30031525596215,32.83300296425147,38.152580389747385,0
2026-01-30 01:58:53.139126,26.16268111865506,6.237610963153858,171.19409305711116,37.29330006475672,49.17338409830757,1
2026-01-29 17:18:53.139126,34.54597412512218,6.615396953351579,174.519547071461,39.77085721935808,45.64788422061076,1
2026-01-24 19:53:53.139126,20.940655639905536,7.18146252877465,162.27667851748893,35.48024199516811,42.69599454255239,0
2026-01-25 13:28:53.139126,26.557643727023418,7.214976100536572,139.13020647550587,36.23451619578193,44.94249698398347,0
2026-02-03 15:48:53.139126,47.139334412122636,5.79141499150562,185.93583067066152,39.02438685259025,78.50096710498956,2
2026-02-04 00:48:53.139126,59.1458232815413,5.774817612376897,176.86537881393963,43.71710649677218,71.75223490045735,2
2026-01-31 12:03:53.139126,30.446908397539936,6.1570058878199045,156.69859334001993,39.33394677797782,58.08396090261641,1
2026-01-20 01:48:53.139126,24.29826843009863,6.562905530677812,131.99666855520664,34.82138255277049,46.49211945273508,0
2026-01-17 11:38:53.139126,23.47773312942528,7.071246276748998,153.74826688182637,36.95291467773532,46.8525506209506,0
2026-01-18 20:03:53.139126,31.20692774547917,6.703890700473879,144.39364677253664,37.82362592849807,40.66822524250836,0
2026-02-02 22:48:53.139126,48.0044478314943,5.872882071092163,200.0489085366308,40.727480393565315,73.31331297075573,2
2026-01-29 16:08:53.139126,32.27571989554599,6.705424599145072,162.1140545993917,36.70082486253354,52.01870592635686,1
2026-01-20 23:03:53.139126,28.774255155608692,7.079122189520112,153.61527189702525,35.66335328420317,40.72021003368554,0
2026-01-21 20:48:53.139126,21.17872746501704,7.158881463005777,145.5171609685593,36.87535239061009,44.330135695782225,0
2026-02-05 00:28:53.139126,35.97463610240362,4.871597171473029,174.04601582051447,43.356917477122224,79.92633102630174,2
2026-01-23 19:33:53.139126,24.318704841461294,7.099279204470182,141.1573251912683,36.85789605745794,43.37597157084269,0
2026-01-19 12:08:53.139126,27.568642456641623,7.0169382962083295,145.33685752730898,34.95808032758156,44.06601247879418,0
2026-01-24 04:48:53.139126,24.39545190621972,6.787969395236894,150.82558681686004,35.81789118347179,46.424334431839654,0
2026-01-20 14:43:53.139126,21.134243156780432,6.834953317046481,156.2427283605218,32.077156379693925,43.33155316157597,0
2026-02-03 22:08:53.139126,53.40872941605354,6.488052655889121,195.9320724322761,48.512463718428485,76.7316665761816,2
2026-01-16 09:23:53.139126,23.870938881754558,7.452522853515057,146.99835926311,39.58185842904616,43.206538888072366,0
2026-01-26 20:53:53.139126,27.08845296288048,6.211621712716802,164.4518061079394,44.3740650246652,56.374596997022934,1
2026-01-28 04:38:53.139126,20.262078213447612,6.41115439782351,157.4416942981411,37.44695688132061,61.123313322678825,1
2026-02-01 17:58:53.139126,40.07698083871583,5.507602269410951,222.75764813649727,43.75914106955859,80.75037607865491,2
2026-01-31 19:58:53.139126,40.720156377066935,5.345282371575478,198.4526872954392,36.80828494158449,80.48571171818823,2
2026-02-04 15:58:53.139126,39.0721158078718,5.445981667366979,180.7379186581275,39.80953698230766,84.45340482085575,2
2026-02-04 06:03:53.139126,39.135019652486676,5.860048088648918,194.06096262164158,32.83148595760939,82.28429898431355,2
2026-01-26 04:28:53.139126,28.862199397508224,7.125380408549623,157.9267643431628,34.76270495507676,40.73556809603768,0
2026-01-17 13:48:53.139126,20.69402750933537,6.887918137166647,133.19019726977967,39.201071510979354,50.781809640546776,0
2026-02-03 02:58:53.139126,45.19976239647757,5.833837328186232,204.4691750251821,36.57277691907818,72.91672800470808,2
2026-01-22 17:13:53.139126,28.390373747607228,6.8345669033863095,150.7583930358936,36.60145297038079,52.12240405239207,0
2026-02-03 23:48:53.139126,39.60117177094776,6.206798085536743,217.7715790489192,53.446214863254724,78.99897429979181,2
2026-01-21 10:03:53.139126,18.033018584065683,7.098804951398526,154.64912433815726,35.45555875838278,32.44395325976343,0
2026-01-30 20:48:53.139126,36.262482099783,6.746471356689846,142.0951850128887,38.536365119070624,67.88441555069605,1
2026-01-21 12:58:53.139126,25.13556756356915,7.108580232841556,148.9448362367024,30.611934556204666,44.9075427843689,0
2026-01-31 12:13:53.139126,35.01088915885288,6.457820533616865,174.29017789370815,37.16213436466074,65.53690849397614,1
2026-01-25 15:38:53.139126,24.471372790397123,7.079913480107342,162.9039261992561,34.513561588040865,36.046724391320055,0
2026-01-19 00:28:53.139126,26.152591061381823,7.3079112115931455,142.52198832141124,37.826441088433555,47.69035334240274,0
2026-01-17 20:13:53.139126,23.592696721416736,6.634269561639968,156.05405869914065,38.291780399477084,42.00645485718071,0
2026-01-30 02:23:53.139126,32.27515157217527,6.878604945340646,168.87397498729686,34.417939131894705,61.54550313931987,1
2026-01-16 14:18:53.139126,29.151451428367373,7.134477601314344,144.4926578242798,35.251617058350234,51.31700800816598,0
2026-02-02 06:58:53.139126,40.82775797258106,5.376914176078317,195.58144325649968,50.923967576494206,75.7058413025646,2
2026-01-25 03:38:53.139126,28.055954685233928,6.868358592309864,164.81627525275843,30.77736013826292,45.764135321226156,0
2026-01-28 06:38:53.139126,35.24063231058694,6.537585550641123,161.75292379677666,46.42672190128286,59.40257703281455,1
2026-01-20 21:18:53.139126,25.306726239354642,6.983825858407602,147.73708942045985,33.601287558362195,42.52260717366571,0
2026-02-01 06:58:53.139126,45.5330994836481,4.484616900052448,211.25962541133788,43.01032493998109,78.99052937575865,2
2026-02-05 12:43:53.139126,46.044576355482725,5.4033889565091515,200.1821735696188,49.47393141640946,78.86485586656104,2
2026-01-23 23:23:53.139126,24.610956151255525,7.173732036266849,138.16410103649173,29.770597877169134,46.72481890017365,0
2026-02-03 15:33:53.139126,39.1910514360352,5.933190009979251,206.18306903230254,42.44744504007321,78.19643377365794,2
2026-01-20 01:23:53.139126,26.42837847993985,6.685637271689457,147.80766142378712,37.78013930265272,47.308418977804926,0
2026-01-23 22:38:53.139126,29.49793681955439,6.966128252478006,139.245045680769,32.36841171662973,45.352970046226226,0
2026-02-04 00:18:53.139126,39.14045586042448,4.963328553764498,177.87236846044493,37.83131242148368,93.77030156117613,2
2026-01-22 07:28:53.139126,23.04891542153369,7.248105084395051,123.88576001592132,34.228840114178404,38.00574502066179,0
2026-01-28 17:23:53.139126,35.38321356010664,5.94292229046975,178.51871800122538,45.77758317484556,53.54442024511158,1
2026-01-18 00:23:53.139126,27.269389822029805,7.005440380686092,146.00560937922964,31.08680911577725,44.034872947265285,0
2026-01-17 16:48:53.139126,23.218109466111635,7.065725914611262,150.0769572092057,34.55474938275811,47.21119706023584,0
2026-01-23 02:48:53.139126,23.82907702688039,6.914081967946785,166.9428801324657,35.891477946959775,35.41543337315049,0
2026-01-19 09:33:53.139126,26.620936785515628,6.723707896607428,136.374186901216,34.87236691734296,43.1866825780308,0
2026-01-27 06:43:53.139126,27.317518777759574,6.64763136851476,144.65404228315572,47.28495470207999,55.34291473062626,1
2026-02-03 02:13:53.139126,41.14149650265276,5.886625865324095,219.86812362329522,39.70610537766779,75.07243974113779,2
2026-01-17 22:53:53.139126,25.310325102280498,7.221045709613148,151.97475281838973,33.51206836025796,46.20359546717611,0
2026-01-29 10:43:53.139126,25.018555019012744,6.9234443668642465,167.46399804451283,38.964685461763494,59.926453610743415,1
2026-01-22 10:58:53.139126,26.563660890984963,7.142919795722333,147.98137109327683,34.37536641555374,44.86984460170491,0
2026-02-03 21:03:53.139126,41.393516408286885,5.235512698085185,191.1558227852543,47.85685250621534,86.04686166281668,2
2026-02-03 11:33:53.139126,35.88142743825519,5.272497808587909,214.04263811825268,42.4097599166577,61.568732508084395,2
2026-02-01 16:23:53.139126,38.84969741063826,4.56068181421591,174.0790157841288,39.909865366402286,57.892485798016004,2
2026-01-29 16:43:53.139126,29.575413118087294,6.237751133770615,178.79271448892277,37.0751799132222,62.898556568594756,1
2026-01-21 16:03:53.139126,25.79616004472735,7.159960851298469,140.86805521436753,35.85963084796708,52.281499737100845,0
2026-01-23 21:03:53.139126,25.533992153027462,7.340394093786558,138.5350350949555,29.47218721636737,47.51441769578052,0
2026-01-18 07:48:53.139126,19.17328278176054,6.6686786119139,141.78117542861398,34.96481322228974,47.946741522258,0
2026-02-05 05:13:53.139126,44.64742815294305,6.274899109866451,180.9599299691726,41.412627161136754,74.95882307139543,2
2026-01-19 11:08:53.139126,25.67784868447853,6.762525998522743,157.7405548869421,32.397771517898825,46.13281907312519,0
2026-02-02 16:43:53.139126,46.09514522411162,5.136041651736628,203.33906981090516,43.504779833354654,73.50204422773926,2
2026-01-28 23:48:53.139126,29.72878995085828,6.587334140484923,149.29316651271745,34.92828551503387,57.65615100591203,1
2026-01-21 22:48:53.139126,31.350716711845156,7.1204629273151925,156.49077613381792,36.35411132227068,45.18565093734997,0
2026-01-23 21:53:53.139126,28.56773693319062,6.827985584981958,150.10613201145395,29.026302233340665,42.26086043933829,0
2026-01-30 10:23:53.139126,37.41464668181201,5.895171711365361,170.28195808897917,37.91017435826099,53.537721006135534,1
2026-02-03 17:08:53.139126,42.80804818460955,5.393818335959188,190.72373333372875,31.434656332756358,78.50287643462457,2
2026-01-27 15:08:53.139126,25.154170994181644,6.81476602929124,150.52851912394416,34.20224518847465,65.00827498321564,1
2026-01-16 15:28:53.139126,24.63843564550705,6.807865875567891,148.1025765878009,37.499800193495645,50.862304835421064,0
2026-01-24 01:48:53.139126,24.261188635730942,7.104348873458201,146.61556881248006,33.47145785881771,42.531409105760765,0
2026-01-28 08:08:53.139126,31.20108800770387,6.2518290843115665,166.70355468947676,35.587151753370804,57.263465808904435,1
2026-01-30 01:28:53.139126,32.99137062536688,7.218174582482534,178.41068095524471,45.335384198102496,53.117032066769525,1
2026-01-19 21:18:53.139126,25.39059552827348,7.004530937290665,146.9081379693818,30.262026560443882,42.142199279555854,0
2026-02-05 07:28:53.139126,46.94283086529754,4.756624064830491,172.12319863590284,46.317073725687,72.36191371021602,2
2026-01-24 03:48:53.139126,28.444526881533157,7.150552072066405,141.1629699482397,37.8052963652779,44.22408420856119,0
2026-01-26 07:33:53.139126,28.658368283258916,6.880886385125135,142.8271858839936,32.715531581253465,44.944475839336135,0
2026-02-02 17:08:53.139126,29.5021151711356,6.470452769610494,179.78304506797937,45.97610862976028,88.31774994181151,2
2026-01-17 02:33:53.139126,17.649096254234564,6.887780696149636,122.02522139659602,33.83775776391027,43.613108347044914,0
2026-01-19 08:03:53.139126,26.51779411971369,7.071501134177995,160.88904406583976,37.60233679163566,46.29371301607109,0
2026-01-26 04:58:53.139126,24.789419236161702,6.923708167204521,138.32360243913763,32.463787163227806,41.643029378143105,0
2026-01-28 13:18:53.139126,31.34635137166681,6.816554822014006,171.01514856333904,37.693496403578685,55.739434489575146,1
2026-02-01 06:33:53.139126,47.146458206235536,6.346268308147703,210.3389734077409,43.01000367424307,69.78209605901799,2
2026-01-26 02:53:53.139126,24.029288964668247,6.992737509164313,155.06106271639325,34.52199707597444,39.76524534129976,0
2026-01-27 19:58:53.139126,29.795308918542755,6.125653625224349,151.31255862498787,37.008016590747026,51.14703754154787,1
2026-01-27 06:53:53.139126,24.275354786608816,6.604713947535116,157.17166821461493,41.05234728899422,51.85358495397396,1
2026-02-04 00:13:53.139126,51.937237389663316,5.769189370136771,174.8483961130577,42.90655064185442,70.30164816984433,2
2026-01-26 12:33:53.139126,23.655717870983626,6.328381545439965,178.12291105132869,33.1340159013438,58.3009292575475,1
2026-01-31 13:23:53.139126,40.354890812818724,6.731129459068653,135.45796024388412,33.81076029619611,46.83161946897055,1
2026-02-01 09:58:53.139126,40.20535671401225,6.238842538308625,184.36284362887045,40.49433541411361,67.56255589429105,2
2026-02-05 15:18:53.139126,36.766089816956345,5.251280626773773,177.6741250031844,37.013853619703184,67.04518459315054,2
2026-01-19 09:03:53.139126,25.960517310157144,7.06073066744702,158.71108772905623,31.88245662607182,37.89465207245811,0
2026-01-24 06:43:53.139126,26.177992675911753,6.841884110087224,135.69914127597357,32.60353980107329,46.71408514673532,0
2026-02-01 15:33:53.139126,53.28475783672054,5.9437639987129725,205.49504170515794,45.31821231134933,83.42059972027545,2
2026-02-05 04:53:53.139126,47.944184221953414,5.0918579280909535,198.92994186285225,42.12583746035957,69.82438326716029,2
2026-02-04 12:38:53.139126,37.152579843294,5.755988002507297,188.62278673086942,43.16029931498625,57.934414553379156,2
2026-01-22 00:03:53.139126,25.23931051850952,6.472968894113938,141.698566574143,35.74848779747201,45.51003296868681,0
2026-02-04 17:03:53.139126,48.24375073682614,6.199642309418191,189.2692540908131,27.491305092853153,65.58931928817222,2
2026-02-03 03:48:53.139126,51.42578977439747,6.088027343849234,211.11081001469023,36.68860815062738,60.90536565770851,2
2026-01-28 09:58:53.139126,36.650841141323944,6.6694593107839575,153.35636794443212,40.26957544856409,56.59849253223878,1
2026-01-29 21:58:53.139126,33.545682833293505,6.498697416791648,165.54744832431507,45.7512224191571,56.68423757697332,1
2026-02-02 12:23:53.139126,49.12352450758417,6.585954280015279,190.71671937897415,42.2930721385953,83.10765613938923,2
2026-01-19 12:38:53.139126,23.03553649773801,7.1245183860217836,144.89815381388178,32.311362863103724,48.04460568874596,0
2026-02-03 10:23:53.139126,48.497754957778746,4.912257484765236,179.81547619101505,41.832062598463246,76.24560131219111,2
2026-01-26 21:28:53.139126,37.69325502682569,6.957778571715908,145.53337783033524,42.29788354124793,60.11662408384518,1
2026-01-27 02:18:53.139126,34.07701234547931,6.44543156599937,167.0609899357108,38.56693408107982,61.508759969041954,1
2026-02-04 23:43:53.139126,47.65882248733466,5.434966756273731,177.62020930000352,49.8539112851556,54.650511844089124,2
2026-01-19 12:18:53.139126,23.099783608383603,7.099456244580322,148.87269927526847,35.343467311084666,41.08600728984074,0
2026-01-28 08:33:53.139126,39.29786216450843,5.876690470462134,176.28863793349277,37.300616058174015,52.71221549798549,1
2026-01-27 10:23:53.139126,28.227529949477198,6.563589110404645,171.9693774502962,39.981634623540316,62.18589347500333,1
2026-02-04 01:23:53.139126,56.89940959967247,6.905029808094101,193.1350280311335,37.37258897124311,76.27844232486459,2
2026-01-28 01:23:53.139126,28.358446725548795,6.35319663041047,161.0986817728471,41.434185753890816,73.70928810629758,1
2026-01-31 00:33:53.139126,28.394955200761935,6.305657077432017,159.4744027164545,40.384795912798815,50.33055303054895,1
2026-01-28 05:58:53.139126,24.670046902164007,6.678446927134063,167.8287591003446,38.672342457778626,52.5228863134662,1
2026-01-21 05:18:53.139126,17.77880616166891,7.01805134162613,148.83021755962102,36.04912007404243,39.799193816987696,0
2026-01-31 21:43:53.139126,34.304641031252565,6.885896846441626,179.23753826195224,38.71866578992739,57.06225623710142,2
2026-01-31 13:58:53.139126,36.53387667794497,5.832137339122801,169.49663636486983,35.591253231290274,54.43280220372957,1
2026-02-02 01:23:53.139126,49.93209313047395,5.654908100324003,192.5243010762669,49.365556063745835,75.27249075752079,2
2026-01-21 03:58:53.139126,23.931348881087068,7.017121370151997,145.30245977249348,34.4377529097975,47.257975182978505,0
2026-01-20 22:48:53.139126,23.214716110718122,7.392718971821966,144.4998100152685,30.959599948393993,51.22933857786998,0
2026-01-17 00:33:53.139126,30.36250528058162,6.817431436504322,138.3189077184484,33.46680559847632,45.42338420531308,0
2026-01-25 15:33:53.139126,27.403502452724783,7.590832043539797,146.3957636068481,44.07332316402681,44.788885376208775,0
2026-01-27 21:18:53.139126,30.301667714342283,6.8807146026634625,162.52347050704148,33.12677909332631,50.93015279460096,1
2026-01-25 10:53:53.139126,28.13485113021299,6.870032054063048,148.8469805428261,30.789103963544967,45.19545399652238,0
2026-01-19 07:58:53.139126,23.083769183666764,6.6947499334345055,168.5357406029314,32.507588971169206,45.09477839406489,0
2026-01-30 18:13:53.139126,41.4174769612964,7.187839261530643,156.3247921604485,46.04810969356926,62.6268988573159,1
2026-02-04 21:48:53.139126,41.003606570656935,5.0020585445878805,230.22640368313557,36.25388076388047,83.70427527230807,2
2026-01-24 10:33:53.139126,22.771739601778734,7.322369459751787,140.04218098345862,38.58762445645515,48.06435293922491,0
2026-01-23 16:03:53.139126,27.706935553858038,6.8033656879204365,155.5849223493167,33.000196149923326,48.978299725723254,0
2026-01-29 07:43:53.139126,28.806715036099433,6.363374881145378,139.83477077513865,36.66276355237571,66.24282852950296,1
2026-01-16 23:03:53.139126,25.45067052925618,7.071696542089586,159.57885148115946,32.72152303809854,47.649590443412535,0
2026-01-21 15:23:53.139126,24.034804783194254,6.9568454224850855,155.09469467622276,38.61376431835351,42.01328350044538,0
2026-01-22 05:03:53.139126,29.33510508776487,7.030405752674949,148.10480135998927,32.62680645698698,45.86360726822448,0
2026-02-05 08:53:53.139126,36.387676505290194,5.6228961026309205,174.71637830457647,40.50207771670258,69.99585114985588,2
2026-01-30 04:23:53.139126,31.725282556055387,6.69647434272876,148.59855734949517,35.60150670101567,49.89791621593991,1
2026-01-19 07:28:53.139126,25.037778370583226,7.0111291450593844,160.4575390644548,36.10782350710413,41.16148962694744,0
2026-01-27 15:23:53.139126,31.469225201850634,6.688369448568228,151.50509170550214,38.041472748194394,57.20094927560731,1
2026-01-17 00:53:53.139126,26.94681467646763,6.948747856816348,153.66673624802397,35.94713113246345,48.27214223755337,0
2026-01-18 10:18:53.139126,26.20856292839149,6.961767218263058,154.12736211206064,38.329383096167575,40.1510658232693,0
2026-01-30 21:13:53.139126,36.347077725902146,6.70335197800451,126.4534177246129,35.20727019519067,51.582389283121934,1
2026-01-22 17:43:53.139126,27.382921528883745,7.116686948176941,143.7304812935719,29.547164194051962,52.32087575475048,0
2026-01-31 08:53:53.139126,32.70074280988254,6.358693618460196,141.43498219564933,36.88006672496336,56.9760710308755,1
2026-01-20 02:33:53.139126,28.076436289214406,6.737137298325195,142.13911272251198,35.98831058081421,47.00428414887169,0
2026-02-02 04:23:53.139126,41.17174041902983,5.424662323711404,181.55598958899722,49.53648938281486,72.2326492651309,2
2026-02-05 03:33:53.139126,54.362248190966056,5.375781255005302,203.87580042506048,47.79745755984021,82.28802131364249,2
2026-01-31 17:33:53.139126,50.8303751793478,6.3966455351576395,206.69132988260364,32.34136961979762,94.5448664434263,2
2026-01-25 11:13:53.139126,19.33767052440439,6.702878919194802,145.1590345114656,40.20867880292414,44.72668937965985,0
2026-01-25 02:28:53.139126,25.067168641236922,7.204511732711141,145.13197519459254,35.030270640776706,39.12102593195817,0
2026-02-02 17:13:53.139126,38.90212496853955,5.579746674223468,188.94110994851033,35.51941058296773,69.40895160024239,2
2026-01-22 06:58:53.139126,27.89755886380988,6.928840991832331,155.25305317787956,33.25320142340939,46.325262531389015,0
2026-01-24 11:38:53.139126,27.676536325596384,6.968745766923158,165.0656003088391,37.023741085352135,47.520457661583976,0
2026-01-26 13:38:53.139126,28.690054859444494,7.119027302825679,168.8618792284043,35.671218478843045,49.17589732098062,1
2026-02-03 07:03:53.139126,49.09439769346832,5.145200929028271,204.38285303781328,42.433238392718984,73.09936884354654,2
2026-01-24 02:48:53.139126,26.611028249401006,6.770820848030361,125.82643996696228,30.74311290363941,40.22261886702849,0
2026-01-29 09:03:53.139126,28.314790263502985,6.245683607930839,182.42408799314833,38.24231598866699,58.48216922239806,1
2026-01-18 11:48:53.139126,26.42718318003924,6.720910894331422,135.62866101394266,36.433006560675416,43.14577148469188,0
2026-01-22 18:08:53.139126,24.9424525394466,6.922598237155175,150.8194220995845,29.621322634670125,38.32711681345559,0
2026-02-04 16:58:53.139126,36.69076556249441,5.734897991320323,183.12036145427257,49.74482056021777,71.580338278087,2
2026-01-18 05:33:53.139126,24.70090965682345,6.851842407939048,164.5252508577114,38.96485971986787,41.1533582018516,0
2026-01-26 18:28:53.139126,37.59293532455223,5.787429262630478,152.2481051311174,33.138548578224714,68.88902528761936,1
2026-01-27 22:18:53.139126,25.278962570868863,6.2737923943398455,162.72441464006664,42.27130864481,60.40821133821996,1
2026-01-23 23:28:53.139126,24.39539957492379,6.409367612196005,144.47800675819084,35.2302878929983,40.7303089852491,0
2026-02-05 01:53:53.139126,50.685202741697765,5.014027622489576,191.74819251666764,37.0873555275895,84.81737227110366,2
2026-01-24 21:38:53.139126,29.633700372306837,6.959839419937289,154.70126125593453,35.8162575164716,47.9011592263482,0
2026-01-16 05:48:53.139126,22.45233173740688,6.772582533912958,161.32522555510818,30.26675812497699,45.03696714377891,0
2026-01-22 16:43:53.139126,26.54982742486214,6.786824484971311,151.4711739336252,35.55454687227325,48.381537861452315,0
2026-01-21 19:58:53.139126,29.447849101904087,6.790954024040292,151.46682148605382,36.94776279006014,47.55521409208491,0
2026-01-28 03:48:53.139126,28.184059868290795,6.5691403421191925,160.0943127490257,36.12620154409615,56.38966263655546,1
2026-01-17 00:03:53.139126,26.233064176520966,7.013847247044863,160.33901505061263,30.981364224985,41.77443591256328,0
2026-01-26 06:13:53.139126,26.056034722961083,6.8539916720747955,142.77799722224353,33.15667168731685,45.93131026374509,0
2026-01-24 13:23:53.139126,23.580631889646096,6.916894647392358,148.10696071606347,32.12739462593959,41.820870237742156,0
2026-01-19 01:08:53.139126,25.234252177739112,6.856433382492931,154.20417702984753,34.99211642240241,53.31823607810262,0
2026-01-25 21:43:53.139126,23.888907659154235,6.848006791548644,150.67785867588634,35.98309990412021,39.940106338351946,0
2026-01-31 09:18:53.139126,32.553276579627294,6.835897571747031,153.70915814374433,28.58558573084671,59.01184338229249,1
2026-02-02 18:13:53.139126,47.82660986092222,6.08174204436601,212.98447098739803,46.56300140201939,60.95554363038782,2
2026-01-29 20:03:53.139126,30.57099917004879,6.269667207329408,167.33918906608727,37.80524544335906,58.951365822802956,1
2026-01-28 17:58:53.139126,26.41931367951204,7.017368423091441,167.31361265464125,40.40771595023896,60.29094299997934,1
2026-01-20 09:18:53.139126,22.39115663162336,7.114691092861103,125.12652565286865,34.257783994247035,47.14568403335081,0
2026-01-20 00:28:53.139126,30.46065547898114,6.871972515934271,157.8583374961897,40.671258335390306,46.31247093799135,0
2026-01-28 05:18:53.139126,35.366101914656035,6.7352379910392095,158.21336739357804,38.96806738424159,65.99439122189749,1
2026-01-22 22:28:53.139126,20.27253148314043,7.006399231456171,112.51052000501414,30.124487297423777,45.971807485246394,0
2026-01-18 01:03:53.139126,31.007722239508563,7.33653085936276,160.95113349939666,32.24523713709281,50.360711488097145,0
2026-01-19 05:53:53.139126,25.73876695793762,7.044146760920073,145.5002979741131,38.81658798637758,44.585355134094804,0
2026-01-25 04:23:53.139126,21.508796805864073,7.1461758163527,148.99967770935064,35.92157253704049,40.22231617137607,0
2026-01-17 18:53:53.139126,22.603577694647377,7.1342849775394805,162.1946811186566,28.306525951753606,42.944375983964974,0
2026-01-23 18:48:53.139126,28.65324887782228,7.044513523403961,141.9087216648206,30.534772043099146,44.82195599254953,0
2026-01-20 16:33:53.139126,25.939106969641234,6.879980861960994,156.1493790463851,44.29833641726092,46.070709014972344,0
2026-01-27 16:13:53.139126,47.2202934359053,6.552204884174409,158.0775419602725,41.80705046542375,53.41395604410906,1
2026-01-24 23:28:53.139126,25.327239682241395,6.877311031768551,159.01161388037008,34.993190876489166,44.190321673985906,0
2026-01-16 03:08:53.139126,26.545597786465034,7.02412766529429,124.62445146347777,35.171438999574754,44.57201554030165,0
2026-01-24 03:28:53.139126,20.22474552462333,6.838964507553835,143.92702163184703,36.53398693392,47.56160871308612,0
2026-02-02 17:43:53.139126,47.89323086909485,6.042332037856064,202.0016466333422,42.449621790979236,76.29611678545143,2
2026-01-31 07:53:53.139126,33.853045081734265,6.343551342400981,167.11927454128826,39.34279548243071,65.77207007766594,1
2026-01-31 02:08:53.139126,33.7249102629606,6.676097402509313,157.4038088524771,36.961879753606475,60.321064718132625,1
2026-02-03 09:28:53.139126,44.0383025212882,6.322357107361284,188.2541925770537,40.74904679420077,69.91697575190902,2
2026-01-21 03:23:53.139126,28.52380348345435,7.173698072895069,155.06840299691018,35.339668297806746,44.583860861426274,0
2026-01-20 06:38:53.139126,23.401715591182995,6.887629726284862,149.66873601574258,36.63698546981547,47.63782661138956,0
2026-01-24 12:43:53.139126,22.572697761522086,7.09781217316261,154.88463319691633,30.401521690721438,47.21681359170827,0
2026-01-25 07:13:53.139126,28.210739941794497,6.881707494708706,152.8100712937404,27.361531113766283,40.50119860333154,0
2026-01-22 09:43:53.139126,29.070873318556718,7.356698679387098,176.0385833044155,37.14854928333613,50.31482622568559,0
2026-01-25 13:43:53.139126,22.6769045215294,6.7687930628849236,166.91195472646407,33.544015396127406,45.858629259268206,0
2026-01-18 18:58:53.139126,29.701251624980358,6.919204465561702,149.5053129112814,43.28695623843525,46.08609882580179,0
2026-01-24 00:03:53.139126,23.886621102056363,7.167468661878721,144.64566656910193,37.20964809916317,46.835793511915526,0
2026-01-19 14:48:53.139126,23.469876588406137,6.867522445658034,147.3113831794733,36.463926557246054,41.53836480653865,0
2026-01-30 04:48:53.139126,33.148905337046656,6.408374521068071,156.44274688535893,35.3674608139773,64.30419306672728,1
2026-01-28 03:28:53.139126,37.653071514960736,6.1834359730782085,183.4198098563342,39.201759003233,56.54919803619712,1
2026-01-23 00:28:53.139126,22.726859207724758,7.249455292615278,155.38763321633212,38.63110463104185,44.56564007766661,0
2026-01-20 12:58:53.139126,29.087645552968954,7.154712534371385,148.78073926476915,32.125121261887855,33.83329891369295,0
2026-01-22 07:08:53.139126,20.784491874339096,6.955772431148968,153.95027978360204,36.4188050288328,47.84764092931072,0
2026-01-30 20:58:53.139126,34.80994461698337,6.411421344978433,189.63272694261923,37.07163489744666,57.37658106170791,1
2026-01-17 15:43:53.139126,29.12059911167694,7.191877838015348,143.0434208567193,37.67554222292448,45.584726089616765,0
2026-01-19 03:53:53.139126,22.206159497465233,7.112028923227937,151.9876327777672,32.390439608263804,47.255795723562706,0
2026-01-30 04:18:53.139126,34.68278164897314,6.426999676310066,166.84875965411726,38.569572597200384,59.296855796964316,1
2026-02-03 16:03:53.139126,40.082123289342775,5.854857352379687,199.6241047601375,40.94844178395234,78.50868130522805,2
2026-01-25 13:48:53.139126,22.680934258209724,6.760260980196661,145.86719314717544,34.32327969352184,51.13611408755516,0
2026-01-26 16:33:53.139126,30.08632959799469,7.465669307730902,179.5065709228282,41.531004878874114,59.32116840767343,1
2026-01-18 19:38:53.139126,26.677809564486267,7.02306540790222,151.32729369494405,32.99423446360568,43.298920975304775,0
2026-01-25 07:28:53.139126,25.922759387317573,6.9101737366796,161.88855328799428,34.78688799600688,46.16278183317222,0
2026-02-05 08:08:53.139126,54.97442069802325,6.231615908140454,176.2061096075593,41.05673658556317,78.68451999592084,2
2026-01-22 04:18:53.139126,19.20601693135147,7.0566123049874365,145.04735708381003,33.50929419852412,46.036924394714056,0
2026-01-23 11:43:53.139126,21.518978360108648,6.865745444198263,143.33132691340236,40.17187633724475,50.61309173204073,0
2026-01-31 10:58:53.139126,30.53504327043574,6.488196848351189,161.3149034666087,40.25914182319109,63.26945967766286,1
2026-01-25 19:08:53.139126,22.905716726438555,7.026879097712888,144.9182464140519,38.12989298760946,46.86344931368683,0
2026-01-24 12:28:53.139126,22.683716528304505,7.026457013248262,143.64060651047953,35.271545814253145,37.96142580065227,0
2026-02-05 10:38:53.139126,44.38939213535863,4.385722468553742,188.6844194685529,55.68025978611397,79.23536168408266,2
2026-02-03 01:13:53.139126,43.07065354778113,5.068184748047506,199.84267449497912,45.155077282561344,72.23096930282823,2
2026-01-19 04:08:53.139126,23.669722407373854,6.921536690949139,157.04593245561884,32.95721931758917,50.917585315241766,0
2026-01-27 18:18:53.139126,21.706983265177175,6.404743699425751,159.3308239764978,36.44792888581597,55.259879299203725,1
2026-01-19 21:28:53.139126,24.879301229529236,6.723732078216526,141.9791392156764,34.735619742453544,40.79108639624023,0
2026-02-04 15:03:53.139126,43.82006597257188,6.275056232851114,183.40984880350845,40.16652654554199,86.65039299655831,2
2026-02-02 21:53:53.139126,42.760189308906405,5.728921532851537,184.7278184417966,51.2383224626886,71.47667010924161,2
2026-01-17 22:48:53.139126,24.552887233689795,6.84275047901426,143.17279750245444,30.40371489529728,44.44129365839443,0
2026-01-28 13:43:53.139126,41.01167139591041,6.714757459126767,144.55381388734702,35.98435940006087,54.33629021372124,1
2026-01-24 13:43:53.139126,28.905688837064282,6.814400106708829,158.01347852820743,34.21345496479284,48.46242833114374,0
2026-02-01 23:38:53.139126,58.143882275882426,7.033688642316763,185.06742881947355,41.68366832377891,86.58747366106422,2
2026-02-02 16:33:53.139126,42.95680380917268,5.074758558709272,186.54404333912044,48.75897936932563,68.11592431243687,2
2026-01-29 20:08:53.139126,31.44359896488961,6.659395981483923,177.6756801847739,36.8046736892233,56.827233790468796,1
2026-02-02 08:23:53.139126,40.86879692341516,6.550769197287456,193.90904779950642,41.056754257586604,66.45627222502588,2
2026-01-24 01:23:53.139126,26.377105067528568,6.785891807054013,141.93811656320952,41.204334739046395,54.435351434504135,0
2026-01-22 02:28:53.139126,21.462849734416274,7.062946783978129,147.9585746911022,36.57553656335001,50.74270931894388,0
2026-01-18 05:23:53.139126,23.305614339905862,6.780314270646463,142.10930995644122,41.755256195654354,46.84613468754589,0
2026-01-18 02:03:53.139126,24.858369972103343,6.99959687953884,144.48214829266462,38.01081802665364,42.66567061640838,0
2026-01-29 05:03:53.139126,36.32221522926328,6.400456207794415,154.96674403721775,38.312027743797024,60.498859475351125,1
2026-01-20 16:18:53.139126,22.440301943760083,6.8929907491531806,157.67251364114512,34.99590391118813,42.7363419070991,0
2026-01-17 07:08:53.139126,26.803503661211206,7.102491822274698,173.6133843267487,36.33834193805174,39.96385572300259,0
2026-01-18 03:28:53.139126,23.155873456141006,7.053860841437323,161.73059095822973,30.260831579963504,41.8588840506456,0
2026-02-01 08:18:53.139126,36.76794895636009,5.815099313442788,205.72160375818837,47.7228768063531,72.37264670937014,2
2026-01-18 07:33:53.139126,28.0325117210367,6.91114648868432,165.68989968954972,33.57055264115946,41.54576263238715,0
2026-01-17 14:43:53.139126,27.88111492002182,7.410170712009598,143.4883294965957,34.38323486336285,41.01409997127064,0
2026-01-22 17:08:53.139126,32.34370032918376,6.825791912235606,156.14120546712098,38.26859134746533,45.68597839645376,0
2026-01-16 10:38:53.139126,25.179997747489903,7.155076230211697,143.64862493690669,32.91591724426408,38.96855456851483,0
2026-02-02 05:13:53.139126,42.58834452185127,5.885696861213754,209.9695374100529,47.38747900137894,81.34543980033281,2
2026-01-27 23:58:53.139126,29.395030808629436,6.085273884188082,176.96072000753213,35.72255677211682,56.25017769625149,1
2026-01-31 10:53:53.139126,34.71187409449463,6.251149281545919,180.3310015066849,38.77109913261786,57.43199403846501,1
2026-01-23 06:58:53.139126,25.22422984764238,7.018012344076752,142.38029238206158,29.229737511855607,47.13046937907753,0
2026-01-21 10:38:53.139126,21.41891075658336,7.036881475292182,133.3955790369461,38.81710895623004,47.22153868738648,0
2026-01-27 05:43:53.139126,25.238488017281796,6.687122380328776,180.29010933454464,34.73555691523263,53.629590985152866,1
2026-01-31 21:23:53.139126,40.076002885670356,5.820701193609723,150.69535495458396,53.64768320302877,78.5960172516528,2
2026-02-01 16:08:53.139126,34.8422029269147,5.356450635953166,164.26514956440846,45.860623198145426,64.72004289924655,2
2026-01-27 15:28:53.139126,33.785898487432625,7.067376796459852,154.28088966571042,40.58127147022954,55.49091789096366,1
2026-01-21 08:58:53.139126,25.106439303855787,6.7748184335817125,172.66524978226835,35.52976239792906,43.91639117408256,0
2026-01-19 10:58:53.139126,28.573380090499803,7.068940809243082,155.50764797935605,36.268252101480456,50.27340954981438,0
2026-02-03 10:08:53.139126,43.055487106982575,6.423282611843075,187.7071233433766,36.382068581548346,70.76592866589829,2
2026-01-17 22:33:53.139126,23.27447250355896,7.217370474476491,166.60370302606404,31.758322823041002,42.943542457450235,0
2026-01-16 17:13:53.139126,30.142531835435747,6.983047411542375,146.69612852338432,41.46006240876374,45.71341337755413,0
2026-01-24 16:23:53.139126,26.40986350475545,7.22374589458769,154.2902950930235,30.676806035149827,49.493213451620136,0
2026-01-31 19:18:53.139126,47.81270953532569,4.987159147178035,215.11199276989902,43.04206012523491,71.75550732763693,2
2026-01-28 14:28:53.139126,33.40892318977442,6.234555142781782,136.99267534192998,36.31355200327463,63.26558223250263,1
2026-01-26 12:38:53.139126,30.233721766665113,6.142091559183929,128.65006508466988,32.78401885446178,61.267280200958034,1
2026-02-05 11:18:53.139126,34.61518652038119,5.578689160793607,184.79451479682209,40.565194263304896,71.08742198153188,2
2026-01-18 02:13:53.139126,24.21502614040489,6.834509742970076,144.30558047961162,28.30598175175816,45.522435668911164,0
2026-01-27 10:38:53.139126,30.489560599272856,6.457475639501707,158.7774442919391,40.226068620556376,74.95492017129382,1
2026-01-18 03:53:53.139126,28.805240848668728,7.130464529846516,131.61549988519468,37.067164758042104,49.88526944643756,0
2026-02-02 09:03:53.139126,42.52038162167259,5.838199978283965,209.45352223033174,38.06681371588804,72.84470079537326,2
2026-01-26 17:43:53.139126,34.91004430860369,6.626180496563118,175.17351082222356,41.06533556284324,62.84756368861949,1
2026-01-28 04:43:53.139126,36.54155556925017,6.8080771761752,135.4148738811641,39.801688465600975,62.09186083496087,1
2026-01-24 08:23:53.139126,19.681794896229405,6.958412120440251,139.2835038259974,37.18514789683799,48.54874178753863,0
2026-01-26 17:53:53.139126,34.80379036924311,6.301559877744514,187.01578517113035,47.10553493363298,60.4945760362483,1
2026-02-04 15:28:53.139126,51.26131529223994,5.955545310264751,204.02143024435733,52.93767960164868,81.50265385959483,2
2026-01-31 03:33:53.139126,27.35050443606782,6.499932261144456,181.81855662619628,34.99729235594513,70.20080527488157,1
2026-01-28 19:13:53.139126,25.459593600415992,6.700233211158373,177.32767055802154,32.69031513153642,61.347710601655294,1
2026-01-23 18:33:53.139126,24.457076627265756,7.181094420144027,144.72861611834375,32.32417976128007,47.64093880580723,0
2026-01-31 10:33:53.139126,32.9170802867929,6.551943684554406,173.0398350027981,35.83695316955493,57.92957760263456,1
2026-01-24 18:13:53.139126,23.41707896316678,7.126637719509554,149.47789452178475,35.410184739055246,44.95793192190403,0
2026-01-29 15:38:53.139126,31.0376341380842,6.260194474087977,164.19937499094266,37.874760656593125,55.811307889702114,1
2026-01-17 10:28:53.139126,24.233938204806616,7.178758031704018,139.90119963071186,38.82689156334826,41.003693883805056,0
2026-01-19 01:33:53.139126,24.3597788202786,6.8806871811985,131.4970719653545,34.0918371940009,48.86321426921431,0
2026-01-22 15:13:53.139126,24.53752034046635,6.775352582975724,143.76682400989762,40.21354765728151,45.860744834797124,0
2026-01-17 09:23:53.139126,28.631300920789013,6.7999974021093905,148.90386207913582,33.831959762358984,46.7120462653701,0
2026-01-27 18:43:53.139126,26.917567587825967,5.840830120296756,150.31887009971092,37.71593391587137,46.059604751033675,1
2026-01-30 19:08:53.139126,32.229640932723996,6.653496942680887,164.59669495125533,37.454495113287976,56.05756056255446,1
2026-02-03 04:13:53.139126,52.708733379193355,6.031163867344648,204.60493302186663,38.07837847185379,72.26335427636573,2
2026-02-03 01:23:53.139126,54.01613585491288,6.6878750183182625,186.69856309580948,48.01381987099858,86.53594580973953,2
2026-02-05 18:58:53.139126,43.656155942646315,6.288613534511439,195.15522948615057,41.36643581853671,61.80270093552432,2
2026-01-19 22:38:53.139126,28.831308878196133,7.077440863058976,157.51955234110255,32.2783536692899,43.038415481929874,0
2026-02-01 08:53:53.139126,44.00397758765262,6.042804023179829,204.12792221047528,39.71510090803149,73.95734331826894,2
2026-01-24 07:18:53.139126,23.22527058019814,6.82595568653942,141.02487407820823,38.10888887345557,40.18464715491925,0
2026-02-02 23:58:53.139126,50.64768269597806,5.43660211801208,201.85265511975965,43.55873914826575,78.50687145475496,2
2026-01-20 17:53:53.139126,24.101964798123817,6.817362255729302,151.49771270122196,33.28027129677815,44.18080109932544,0
2026-01-23 16:58:53.139126,25.407923401946498,6.877021232102551,133.036355628773,32.02523585245825,51.18595206033165,0
2026-02-04 05:03:53.139126,48.285882572365566,5.325401096134807,204.48133060932682,44.05356439185058,92.80984969564683,2
2026-02-03 20:48:53.139126,38.28378641052597,6.586040912255647,183.13998905148327,43.27187348605587,69.33067627735683,2
2026-02-01 22:33:53.139126,51.814944806779764,6.321777872095586,186.07845341663693,45.72690259760142,74.66240118414477,2
2026-01-23 21:43:53.139126,29.18230999968147,7.063602430471909,170.4971971139125,33.67225622995728,42.77628523629326,0
2026-02-05 20:23:53.139126,35.80184333709589,6.113435724106375,204.35552702674948,44.80411233799261,72.48735938325909,2
2026-02-05 06:48:53.139126,59.376694143139055,6.029741173364586,191.80411990240665,44.645654029407034,87.33450410161433,2
2026-01-20 04:08:53.139126,31.018986768218966,7.234017336235668,154.1838830609339,35.89266868426891,42.312048050675635,0
2026-01-29 23:13:53.139126,34.53017826497619,6.819799711519772,172.3071906430549,35.307254011766005,63.226910583815936,1
2026-01-29 07:53:53.139126,27.378770777969066,6.689881185126962,175.86859278990354,36.916168593979904,67.19510849907459,1
2026-01-21 01:03:53.139126,27.672525601959038,7.19563180589384,140.3081099273138,40.343068599101265,43.76217300030142,0
2026-01-25 10:23:53.139126,22.60840257827426,7.014242631215396,151.5637466950214,35.27307564624691,46.49961652477503,0
2026-02-03 18:53:53.139126,45.84513558004912,6.069641145128176,197.55461956233646,44.184309944910716,71.18024801997963,2
2026-01-27 15:03:53.139126,29.28227455905936,6.129419652223213,163.4943119323084,36.01991884427469,56.277414131943175,1
2026-02-05 06:58:53.139126,42.78350458977807,6.401423040345181,193.4270178930935,40.6212339902683,69.19355467519978,2
2026-02-04 22:08:53.139126,49.95848082734711,5.2533827241258075,194.4326818312147,47.76154474607982,75.40315065102978,2
2026-01-21 04:33:53.139126,31.20236767376116,6.5928433778403095,152.81406000600913,37.80958079672513,54.660958868369214,0
2026-01-19 03:23:53.139126,23.201991113487217,7.043920716591052,169.81866501479283,34.62032891634464,37.05746926056451,0
2026-01-24 01:58:53.139126,25.93915338673778,7.028303257062377,164.65442310030846,32.71696341881546,49.35637298980569,0
2026-01-25 06:48:53.139126,29.47031002610622,7.1435675022587795,143.61179780605505,37.204277526935705,43.77325711650302,0
2026-01-29 19:18:53.139126,35.33510053582826,6.474305845434481,153.18746449676968,37.57923299714874,52.829859906718156,1
2026-02-03 03:03:53.139126,45.94247538738777,6.351597974880746,210.7301289601992,38.90362139398752,74.07525632442582,2
2026-01-20 10:48:53.139126,22.694041467961547,6.94591982120866,148.36870972519145,37.089323497045335,48.51834527889478,0
2026-01-27 15:43:53.139126,33.359309138585715,6.757746762821439,155.29288423466173,47.11384730057343,56.545957977240974,1
2026-01-19 00:33:53.139126,26.051092567796918,7.121678178037648,161.15877008646999,40.64443220579859,42.47526168683279,0
2026-01-30 18:53:53.139126,33.90654544893703,6.067990180328652,148.41322110099807,37.30915553648202,58.0777533671853,1
2026-01-18 02:58:53.139126,28.742235436746757,7.026956350533832,126.33103989078006,32.608577127095664,39.894623625454464,0
2026-01-16 19:33:53.139126,22.793075875298893,6.898229417853756,142.89683134350247,34.99783109841301,43.75049740749192,0
2026-01-21 19:18:53.139126,29.033130424353242,7.385011697561811,153.39489833243223,29.217801688043842,39.10673804710305,0
2026-01-23 02:23:53.139126,25.45443748277218,6.605596281543324,158.3112791733077,31.188359577617568,44.29069718491821,0
2026-01-19 05:58:53.139126,25.928384038035862,6.979115588029999,131.86439488070226,34.414893754503055,39.53174053850975,0
2026-01-18 07:08:53.139126,24.80834581300639,6.764239204269694,161.7296417294359,41.81541271415284,48.78678303623756,0
2026-01-30 20:13:53.139126,27.6141837582153,6.624939266093212,157.17200282910963,45.38918900630418,72.37911660863739,1
2026-01-22 23:03:53.139126,24.611928240971963,6.80276485271942,148.05118765620009,32.64538469959701,38.40482141426805,0
2026-01-16 16:03:53.139126,24.908327838118083,7.170482905204261,169.8130258278901,34.04233922154428,45.6125315121585,0
2026-01-31 01:13:53.139126,31.339715940231642,6.715437041207921,174.35154704782977,39.89994308655978,58.53412429492056,1
2026-01-30 04:28:53.139126,31.63395275938519,6.241799394205661,165.7336086441548,37.69106956955465,47.610485202824925,1
2026-02-03 19:33:53.139126,46.600599693766625,6.1855891093415964,191.53226263480036,43.93736207426269,75.63090096125688,2
2026-01-28 07:18:53.139126,34.593764959559785,6.852582462714244,150.21615013258432,36.25271306933265,54.066156712501545,1
2026-01-18 05:58:53.139126,22.387752572809372,6.897292248167081,153.11151294038606,34.16587723164163,51.71628714560566,0
2026-01-19 03:28:53.139126,27.805363424685666,7.116306454264811,144.70828331184222,33.596273172564956,46.238025529213,0
2026-01-21 01:48:53.139126,24.8951319859608,6.921280349323152,157.95003121013008,37.64984911742469,47.84126117574136,0
2026-01-26 10:18:53.139126,26.259703026968126,6.772838678844446,165.38253421472453,39.02495158524839,43.253052545470574,0
2026-02-03 17:23:53.139126,43.995775771526795,5.9437868974610755,203.3370508347794,49.72951840312926,85.73588103466558,2
2026-01-18 00:08:53.139126,29.660854675745494,6.9153223586574635,149.93821638505332,34.444159568065196,43.510339059231576,0
2026-02-02 00:28:53.139126,35.73280728374792,6.689300507706078,180.92772678255614,42.52679261001538,70.47243469274318,2
2026-02-04 00:38:53.139126,44.75440889428264,5.650937111539036,200.97544260614464,36.30947930068572,78.35296560113957,2
2026-02-02 15:13:53.139126,49.719219427593444,5.782370083676735,189.89760580968849,35.61276343151527,72.96016586885915,2
2026-01-27 20:18:53.139126,38.99667354764165,6.383758601481543,160.74755557413206,36.92095459742842,48.386239060465634,1
2026-02-05 06:38:53.139126,40.07360076993008,4.966389279196619,180.07775279455177,37.02976565439459,70.03136208660874,2
2026-02-04 21:43:53.139126,59.86237919764415,4.6060520535417595,187.48508048148204,39.981658055716785,64.44871592466957,2
2026-02-02 02:03:53.139126,49.1688693528763,5.977970976613169,183.16268941814596,38.18773996128077,74.7256273516282,2
2026-01-26 00:33:53.139126,25.35653031100434,6.497102231196426,143.39768156979642,37.01150164756288,46.90382016781934,0
2026-01-22 13:38:53.139126,22.794934075496805,7.05700433517334,146.02692712329556,38.13337378797488,38.750451767443764,0
2026-01-25 08:08:53.139126,18.764023681424703,6.6194424513381716,155.68753642230007,35.19627580910124,49.47427409469759,0
2026-02-04 05:18:53.139126,35.17255535467051,6.1061231265853735,171.92005264084844,44.11020559202777,64.58308941752067,2
2026-01-18 07:53:53.139126,25.746138170625365,6.936949998454664,156.55146306415125,34.845174159874645,43.32184666343182,0
2026-02-02 20:08:53.139126,41.922605895952735,5.946472262823831,190.62061441304212,47.3392565938239,65.31649278887883,2
2026-01-19 14:38:53.139126,23.34173157628058,6.488750817016946,150.46255481584635,37.11092669811093,43.16625506789309,0
2026-02-05 11:03:53.139126,52.62831979984459,5.882839758813392,211.94570380374327,35.05114620445355,65.75437550075587,2
2026-01-18 07:38:53.139126,24.166825789962214,7.2492674881198855,149.38174833680398,36.09233589175204,48.655077447735025,0
2026-02-02 02:48:53.139126,48.59038066278035,5.48170019074689,205.81084697297348,34.30173605735035,78.51488592798123,2
2026-01-31 17:53:53.139126,40.123308420459985,6.104999233857928,185.37893283502027,45.2185827277911,71.93369923457848,2
2026-01-24 02:53:53.139126,27.185683683403543,6.711237928111127,150.8608599009501,37.20879205985282,47.47321418035152,0
2026-01-30 13:53:53.139126,32.949369911736355,6.562658322279752,166.96868929426486,41.87829043260253,57.9866524923098,1
2026-01-27 00:38:53.139126,33.4441923447659,6.3880459677602275,156.37010119262715,35.00043980130382,64.7176275974595,1
2026-01-29 05:38:53.139126,33.07276776103016,6.896510010973028,180.70270317166802,38.80554285574162,54.05771383958994,1
2026-01-23 09:13:53.139126,23.4494421208774,6.932361030369753,159.74136997827108,34.71810360906467,48.96261090872074,0
2026-02-04 06:28:53.139126,52.10644649898098,6.21567738503665,215.53225882783445,44.997595565892105,73.55565106237937,2
2026-01-22 21:33:53.139126,22.618392283467628,6.6367914519075715,138.40079159911028,33.10601903020993,45.11279184736505,0
2026-01-20 20:53:53.139126,28.428228519096052,6.955570191107073,143.7058455213342,36.80332844411188,46.27855759497373,0
2026-01-30 01:43:53.139126,30.131881808933215,6.5438576216384385,158.72325442305345,38.85064478726896,57.85850074148409,1
2026-01-19 07:18:53.139126,20.369040582518004,7.253293672082859,145.02939193457232,38.700322978267614,41.23397960711663,0
2026-01-18 00:03:53.139126,25.08812507639592,7.203074772911656,130.30550457846383,35.955437896211436,43.743207849829396,0
2026-01-21 03:18:53.139126,26.332106377990634,6.8710365873840775,156.18397342680782,33.73746114136459,47.60406111851162,0
2026-01-25 20:13:53.139126,27.291732531542145,6.6691268292442105,152.14949795572704,36.060500895530176,45.381382478795196,0
2026-01-25 04:03:53.139126,23.843965255268053,7.230974054489963,153.03886786796372,32.4927425297403,42.33416295462783,0
2026-01-22 16:53:53.139126,25.657164257188334,6.920842153193973,170.63649613121504,37.06347526922117,48.266353819717146,0
2026-01-25 16:18:53.139126,22.88276423231317,7.127528091312977,146.0778786167214,32.18552550755996,43.593142314043,0
2026-01-23 03:33:53.139126,22.541390390912525,7.045162382388223,173.04126520968714,36.27100644238978,41.122637994374394,0
2026-01-24 02:18:53.139126,24.48550789534867,7.180006688114272,140.12622548470267,35.05141296117181,49.192053163530026,0
2026-01-22 15:38:53.139126,29.66948263495548,6.767599812698585,146.33718612515344,31.126133564720316,39.243728934758906,0
2026-01-21 19:23:53.139126,25.439870167084155,6.716651876360128,152.00965365640755,33.30507309887758,39.613279713669684,0
2026-01-19 11:33:53.139126,24.09746049517797,7.021095244686482,142.19418236903326,34.59402520256098,43.30494008635962,0
2026-02-05 02:53:53.139126,40.51507040215596,5.384485823349553,185.03546834486463,46.66211446276227,74.10967584534217,2
2026-01-23 09:18:53.139126,16.847506454407586,6.968533292994627,150.05147520384182,31.842034041546576,48.01106946607472,0
2026-02-03 04:33:53.139126,47.63118128006895,5.3617811887465265,202.65331309097007,45.752277104767636,79.38063883188106,2
2026-01-31 23:48:53.139126,49.23783679085353,5.587651423887984,196.67813144908453,35.148349533288176,70.21298513473775,2
2026-02-04 04:03:53.139126,41.39455575794649,5.458140287463149,169.76321271765178,42.35244929161072,68.18896389670033,2
2026-02-05 19:03:53.139126,42.42042937132193,6.139846307049015,198.1234347246972,44.92986690638907,57.605691592423895,2
2026-01-19 00:13:53.139126,27.04280011921703,6.726552056449755,159.12713788948827,36.82081036105549,51.600140163965186,0
2026-01-18 04:38:53.139126,24.957799670768328,7.061805674630986,153.92872185423047,41.59398656097646,44.796209262736205,0
2026-01-23 16:33:53.139126,25.98636264704288,6.785377201756553,152.33421691755106,35.14476470480942,45.849180757043754,0
2026-02-01 15:53:53.139126,49.970026335607045,6.221846302982556,205.69350628054448,37.13515863556272,79.50929082896178,2
2026-01-28 07:33:53.139126,28.837172691157562,6.146811838851982,176.191178206428,39.803181397526885,55.093874425459425,1
2026-02-02 23:38:53.139126,33.343054845321994,4.957781941918912,222.52131917116674,45.523025135110686,70.06704665876633,2
2026-01-21 14:23:53.139126,24.824687375822514,7.159215547827569,165.93890280567015,31.51551485419645,52.57645940084687,0
2026-02-02 19:38:53.139126,61.53564900546115,5.792792491123733,216.99572129552826,47.559280224962,94.49326976385589,2
2026-01-28 13:08:53.139126,35.953064811086065,6.581589290488113,151.03579490968875,38.91807886227388,60.18381552328673,1
2026-01-29 12:03:53.139126,33.59768610105323,5.989889847322878,154.34297195124853,43.877623060074136,62.03888484039836,1
2026-01-19 19:43:53.139126,23.509156809307445,6.941147371651729,155.17509714359284,34.82864446612203,44.04782319017721,0
2026-01-22 06:28:53.139126,25.303145738658092,7.392287146886829,139.24905395501662,35.5315702993807,38.89837044030503,0
2026-02-05 02:48:53.139126,43.3537596633421,5.8228180224957224,183.5615390651682,37.916565327990256,74.25543153725498,2
2026-01-20 13:28:53.139126,27.616245232445973,6.995188491536703,153.8843425457139,31.77545945101563,46.72189625939978,0
2026-02-02 10:08:53.139126,42.151042577244425,5.644302647469774,195.18155809979066,43.730728609034706,79.11890773015674,2
2026-02-02 01:33:53.139126,46.671785035262516,6.134211267909352,157.70320382026165,48.2297861432045,69.70569441149922,2
2026-02-04 21:28:53.139126,37.75589327675182,5.393430272411932,181.0773088899882,45.99984510993471,88.09097057332187,2
2026-01-22 11:33:53.139126,28.59773285101808,7.222811928747958,150.4189515670721,35.591225184923395,43.0785030711253,0
2026-02-04 00:53:53.139126,35.19261268734245,5.717629915176356,188.92816507659947,43.17721457498897,82.10790251967858,2
2026-01-19 15:28:53.139126,22.411666938193388,7.215101491505384,147.21959435658377,36.126685606379816,50.2886767802636,0
2026-01-19 11:23:53.139126,24.396025068175643,7.117542480074998,154.61527580239522,39.9715047278489,39.19024763249261,0
2026-01-20 17:03:53.139126,26.81301303684888,6.939187046894596,162.6942776775711,34.5091576813352,44.23520956761542,0
2026-01-27 16:18:53.139126,30.178842597746907,6.2867499683523045,148.78932792860795,42.40947121824725,49.731632137535335,1
2026-01-17 18:08:53.139126,28.23491639283025,6.944678989247488,144.9474047472656,30.892508937464083,42.62707220165741,0
2026-01-25 20:43:53.139126,24.906256389428606,6.514489532296727,138.73983727947078,36.78357728535339,47.43251512302169,0
2026-02-04 13:53:53.139126,30.75865127865608,6.274677865995676,231.06934516398553,39.34561329363247,69.77827625924186,2
2026-01-21 20:08:53.139126,21.24936126811034,6.985831960820695,150.78942539732725,34.52246360607844,45.150996515508794,0
2026-02-04 10:38:53.139126,44.724060531740534,5.361687280669286,184.77273076589137,38.67525910826638,78.84301913535148,2
2026-02-02 21:18:53.139126,38.53651577581238,5.10025285216993,198.5795883865018,42.65917917974095,69.87244531337225,2
2026-01-24 21:13:53.139126,23.81655776760531,7.082629058980135,139.7620822836745,33.39732613503735,47.863641411620186,0
2026-01-28 22:08:53.139126,33.00705133789886,6.78539433763471,157.02817588691573,30.848115598067697,53.21117237531391,1
2026-01-31 18:18:53.139126,51.961725183794684,5.559520820395435,187.9763901566667,51.42391118580108,79.93647653174281,2
2026-01-30 07:03:53.139126,33.89495798558395,6.432622405364451,151.2910863646053,46.9918097923591,56.4758504827618,1
2026-01-20 20:58:53.139126,25.800246265188804,7.276003413606163,161.03692333884132,37.430291192280244,43.88201278859568,0
2026-01-18 16:08:53.139126,28.871787132060597,6.731542605034083,148.6048569178889,39.20870693406059,47.07162192333165,0
2026-02-01 02:33:53.139126,52.51585930355923,6.5590542964187115,176.49875269294293,39.62760091078972,67.7319615810822,2
2026-02-05 06:03:53.139126,37.19452872789139,5.733340040567224,215.33082254020837,36.97993780511172,69.92710777927549,2
2026-01-19 02:48:53.139126,28.833698113300585,7.010382923392416,147.4790428770968,35.75616976568112,46.05214949216903,0
2026-01-26 10:23:53.139126,25.425378566221315,6.944025834095627,151.25497717611256,36.99525297291686,45.58632234456272,0
2026-01-20 01:33:53.139126,24.307633297276592,6.850597647991051,154.3717770343297,33.144338178429095,44.35366845975043,0
2026-01-19 13:38:53.139126,22.472652373609968,7.181130288799479,164.61140770722642,39.752535962647144,40.24527419366633,0
2026-01-20 17:58:53.139126,24.137000957250724,7.044810638448149,150.16433822017652,33.56452582964624,50.74423532222777,0
2026-01-17 23:38:53.139126,23.2633321421899,6.864686121306292,143.55028385913042,33.25985381702464,42.247100443109,0
2026-01-19 22:08:53.139126,24.941594385715135,6.8726140341871425,137.11652221300693,36.3295339751368,48.05064179476456,0
2026-01-20 00:53:53.139126,26.3487711827535,7.060611719549664,155.5099803983162,35.60339558258503,41.62951572403818,0
2026-02-05 07:13:53.139126,58.619178833714194,5.683647031247272,207.17330313056203,49.00850716686503,72.13505635293933,2
2026-02-05 16:28:53.139126,57.76726961750644,6.764727347410611,200.2238303887609,34.7455832766625,55.71107132615378,2
2026-01-23 22:43:53.139126,23.447681868736222,7.19649680078417,147.06874531187697,34.07771165376865,45.936796272722795,0
2026-02-05 20:18:53.139126,48.29935172258626,5.548755103556628,222.080282127894,54.89299581758308,86.8343655454344,2
2026-01-26 09:23:53.139126,23.8149325194592,7.1953051760591675,148.47028577000424,40.10390294111831,47.531568383901316,0
2026-01-16 07:28:53.139126,25.07140147762864,7.102469207255018,159.86538304372422,33.896746079385196,43.373747156913495,0
2026-01-27 10:08:53.139126,31.868268687054428,6.264452417905415,171.28796124111375,40.185626300984424,63.829127314231606,1
2026-01-30 06:48:53.139126,37.47962235041173,6.2287959903939045,157.80160928185504,43.47542268723844,63.196062656232215,1
2026-01-22 20:03:53.139126,28.164729205287504,6.996637800209788,157.0770716839615,36.93736942739359,40.10751036870177,0
2026-01-28 18:43:53.139126,37.618336117308615,6.315306223920388,145.64848156213085,39.82514635463085,60.139333938191236,1
2026-02-05 16:08:53.139126,46.23280938479186,5.4206079378175405,195.16355165990677,41.71079638967805,80.82386140438807,2
2026-01-27 21:28:53.139126,33.109578046795875,6.346695213143042,178.27159328722814,39.947828821981865,55.55495730389649,1
2026-01-25 20:58:53.139126,23.150764711532645,7.250702472753681,141.72251669959812,33.400195907757286,40.37310993688267,0
2026-02-05 22:13:53.139126,56.62080989187639,5.672203578855558,180.3584019159869,43.58896093082707,71.40443287811334,2
2026-02-04 17:53:53.139126,37.788579856670694,5.867621155502741,203.37663485800067,48.79836517936641,70.17062009672487,2
2026-01-19 20:23:53.139126,20.770993813963226,6.867922257392717,166.7199653220074,38.148037189393335,37.849581936823064,0
2026-01-31 20:13:53.139126,39.692559630638854,5.970378684754981,194.90935690765374,47.30415071817094,69.53279214149887,2
2026-02-05 08:28:53.139126,52.80985826878185,5.519489103602369,196.6618758918572,37.45460215053417,83.69761492862527,2
2026-01-30 22:33:53.139126,31.919439883352993,6.872923962585465,139.3457373829032,30.757072634345807,49.46815095517369,1
2026-01-30 23:28:53.139126,35.86327127260247,6.6316050282901005,176.36738794916727,40.07167508019725,57.02487552774132,1
2026-02-02 19:28:53.139126,36.77186610950122,5.731266838873489,212.61317262533706,42.011654972643576,89.28529257103612,2
2026-01-25 05:43:53.139126,26.70662555150695,7.452485438685213,151.06913563830088,33.83486321584036,49.082354489765954,0
2026-02-01 18:38:53.139126,50.68353184211148,5.3951505262105455,197.4463996449272,46.6014320395053,67.05827165565849,2
2026-01-28 08:13:53.139126,34.07352280594669,6.168940745192725,176.79280339412324,38.06361759619603,58.5823305245073,1
2026-01-28 11:28:53.139126,26.298312382885825,6.9991718329220465,154.40254084903617,38.90787094633784,62.64113708272792,1
2026-01-19 08:53:53.139126,27.027704414226836,6.678416064144145,158.04067483467836,31.278154737128844,43.98470788967109,0
2026-01-19 20:33:53.139126,23.450339561967503,7.058895590589554,158.64449199649334,33.27087040414118,42.64261889604704,0
2026-01-16 18:08:53.139126,21.61840968545557,6.953986353808238,164.49877127198604,33.25072935814173,37.94389920451772,0
2026-01-29 00:43:53.139126,35.20504004766727,6.368421371779415,160.40223349424966,38.11282876603195,57.809619136431614,1
2026-02-04 14:18:53.139126,50.73802473943291,6.308300335365832,193.53598024873864,40.6443272556387,70.20106214129692,2
2026-01-23 08:18:53.139126,20.889259011194078,7.182505839559652,146.80789920181167,35.63932183147758,44.30368538751578,0
2026-01-23 21:58:53.139126,24.83222639269636,7.371096676470155,112.96274308016808,30.60779364264664,44.56268980776087,0
2026-01-28 21:53:53.139126,29.177083802026505,6.176580778239759,159.60317896297036,43.31065251406489,52.987238004666104,1
2026-02-05 11:33:53.139126,35.32032282139571,6.18426812426543,214.2856556810534,45.204992419111704,78.28782393180846,2
2026-01-23 03:08:53.139126,24.3250824459923,6.791327262463139,145.09271904627565,35.185638758858495,47.51180490489581,0
2026-01-29 06:43:53.139126,32.4690796178873,6.346637857781717,167.62847293594888,30.86899067805069,62.50068539300182,1
2026-01-21 06:53:53.139126,23.915582339676224,7.008842002581892,149.35828400157587,36.763911802420964,38.39590693489079,0
2026-02-01 01:58:53.139126,35.86457078815553,6.067212129764014,209.63362429494043,39.344042272673754,74.16552621692551,2
2026-01-30 03:13:53.139126,27.251580232772817,7.0971845891515,171.42284916691486,38.8604005376166,57.714478698439805,1
2026-01-16 21:23:53.139126,26.431504081689038,7.22573536477145,157.99466856698248,29.760132795756142,42.950671606728655,0
2026-01-19 14:58:53.139126,25.662138374533324,6.823430908607018,139.0011708572327,30.869921558860433,48.55340873258787,0
2026-01-25 01:48:53.139126,19.742427218200618,7.028477837932094,151.38209707069183,27.873821593858697,45.52279429098233,0
2026-01-22 19:18:53.139126,17.460512663795043,6.981589735888651,141.1319677041367,36.28252504460551,47.030406223756486,0
2026-01-30 17:48:53.139126,35.587749900729364,6.306701376357772,168.275741077679,44.69812148700061,58.4427677767343,1
2026-02-03 19:03:53.139126,51.89880444975132,5.892822272232547,185.73342177396927,46.93699535336858,80.9088535026864,2
2026-01-20 23:33:53.139126,22.23699172851607,7.243253885189257,150.46613481562835,34.04429485606143,41.48435517721648,0
2026-01-23 16:08:53.139126,28.112758475419675,6.915121857885111,136.35225625647095,33.508432726551895,48.15697931409083,0
2026-01-18 12:38:53.139126,21.786440822534665,7.405682296862258,163.5162223290651,36.263663541068944,50.46038095297057,0
2026-01-20 00:13:53.139126,24.693865066482346,6.933816007160154,162.89359919923515,35.61447441150818,49.84638934961988,0
2026-01-27 12:03:53.139126,46.33986642909337,6.763158499814442,162.51007761924396,35.63449017427304,59.549994878651354,1
2026-01-29 20:33:53.139126,31.112453456804246,6.1454534243095145,145.7579862738387,41.9801434335479,66.87771057385359,1
2026-01-30 09:03:53.139126,35.19969352977653,6.283783385201473,165.02211413105977,36.96151520245512,61.66973383046324,1
2026-01-22 06:43:53.139126,24.793152976624498,6.745223362733606,146.31303333919956,35.952451997399045,39.63439194578556,0
2026-01-25 06:03:53.139126,23.5338580596508,7.055656743085276,150.87564714788155,34.517330235587245,45.75516939791274,0
2026-01-26 20:08:53.139126,30.39644583661876,6.565589385456605,195.7967476090708,35.11865558772643,60.69277401840426,1
2026-01-30 03:48:53.139126,28.565550371363923,6.9618243874822685,164.1627210532835,37.9247316943048,60.62323822922234,1
2026-01-19 16:58:53.139126,22.610090261246803,7.05481565316806,152.00941633523317,38.119288928302346,44.254105435171866,0
2026-02-02 10:43:53.139126,41.824806769633426,5.460984571396848,205.5627411174875,37.382425877627355,70.87049476455857,2
2026-01-23 22:33:53.139126,24.7498679568151,7.05274189574244,163.02683261625995,30.701115575694903,44.21579315106153,0
2026-01-29 04:58:53.139126,27.794493916308753,5.822751672646057,168.81165420362677,32.01252805714514,54.83443385310701,1
2026-02-05 16:38:53.139126,45.08798499167095,6.925156186178738,168.1208657528765,46.76853045318978,67.39962166978803,2
2026-01-17 04:38:53.139126,24.72102634384181,6.68365850386008,150.85625845315357,37.54830057445404,46.7868311597814,0
2026-01-25 07:18:53.139126,24.23800425104834,7.549345586058746,162.76093655824278,37.17528914520747,41.834375696734746,0
2026-01-24 00:38:53.139126,27.852187828783645,6.805620723822285,139.68898912018275,35.2925626066875,53.20902447133486,0
2026-01-28 22:18:53.139126,38.09484739257186,6.9423354653042555,175.75648262549652,38.91531661456501,55.5368601472954,1
2026-01-30 23:48:53.139126,31.894455497661678,6.175091541486988,157.78720217879143,29.17454265963833,50.83406452782232,1
2026-01-24 22:48:53.139126,25.151310738735518,7.310648694172786,144.01818537008276,38.38324309440432,40.904419589137184,0
2026-01-21 00:33:53.139126,28.080635110083858,7.054707918198959,139.7754971637412,36.47001708979642,44.03136766794937,0
2026-01-19 16:53:53.139126,25.042828338098165,7.024208331789,141.19671041475303,32.1144737890082,40.22807525489246,0
2026-01-23 14:28:53.139126,25.3199612928097,6.829663590284969,163.37044712878682,34.337075456936326,48.40565244945094,0
2026-01-26 11:13:53.139126,23.415515045156425,6.551113960392682,145.27956110402715,34.95846775742436,43.1030031239225,0
2026-01-26 23:58:53.139126,33.31157504640568,6.3753865386451505,157.77792111197502,35.816772618008926,64.75502979906577,1
2026-02-02 09:38:53.139126,40.90715057875586,5.729467420962894,212.30119550065163,42.76539021171422,81.47377922040907,2
2026-01-22 04:43:53.139126,27.489313463370486,7.348588396799789,133.40905958992383,35.172878492036574,52.46322700475869,0
2026-01-30 21:43:53.139126,34.10254128036406,7.0853935008085,177.17098716415376,37.65536613660057,61.838666291143554,1
2026-01-29 22:13:53.139126,27.78447041863481,6.061091388634624,162.22748834496144,36.55080872005248,53.942179363635844,1
2026-01-29 08:38:53.139126,31.459918260021485,6.531534251386924,165.90672144140905,37.4250107052406,59.60018799826366,1
2026-02-03 15:58:53.139126,47.14020071460703,5.935608498631622,192.54495128435133,38.91000906916014,73.16048803654635,2
2026-01-24 20:33:53.139126,23.757271745615334,6.965583101230553,154.07053386409274,35.02698571521659,42.71989969844691,0
2026-01-19 03:18:53.139126,23.607103341050284,7.020957057836075,133.66922165731418,35.54963636619015,50.31952618959963,0
2026-02-03 06:18:53.139126,33.92594391200839,6.253406956369675,197.63014811558156,43.80422056926349,88.7690790808447,2
2026-01-31 16:38:53.139126,36.02936748037165,6.49370518984874,177.88954894029058,34.51060739620621,62.96894183255605,1
2026-01-21 08:03:53.139126,29.76976774597978,7.1031968304641735,152.7297865596052,37.22608926020485,43.33452529084675,0
2026-01-29 14:48:53.139126,36.37753717758861,6.232109084442834,159.26003713386842,45.205543424682226,66.57933349283958,1
2026-01-22 18:48:53.139126,20.344690777451103,6.860789800565176,152.9143141512707,33.26258226786982,56.50090464608251,0
2026-01-17 15:53:53.139126,21.502172166740316,6.8420369879762575,148.0659917825576,36.08872266000562,48.52511715874724,0
2026-01-28 02:53:53.139126,30.803156030429783,6.406306962091454,155.26392027285672,37.1166777164898,50.981571206650976,1
2026-01-28 12:28:53.139126,34.39371951553821,6.583759933389574,158.88045356954083,37.83884457170301,57.10527194066177,1
2026-02-05 19:13:53.139126,47.86417611645012,5.016964473873016,162.46937847580864,49.943625523171484,74.05024605243037,2
2026-01-28 17:13:53.139126,32.1471595102392,6.200912645356367,159.93013111953863,47.7315139144196,63.53095206037607,1
2026-01-27 09:58:53.139126,24.15730043457424,6.778616134415635,143.39876949545035,39.30987975762121,62.85527336938062,1
2026-01-17 08:38:53.139126,25.13549401376871,6.972097738618687,157.66319510363743,31.957342044617878,50.136910322537304,0
2026-01-23 16:28:53.139126,32.073081158929014,6.666697412598278,142.93885546143596,33.94713698350333,48.16463007365724,0
2026-01-20 01:03:53.139126,24.61036667128437,6.904570356587695,150.66312018151905,34.583828633010675,50.63883344257809,0
2026-02-01 21:03:53.139126,47.789542344553084,5.814383639801184,212.40849677941196,51.4236946580095,75.07027170987497,2
2026-01-27 05:08:53.139126,30.297989596768023,6.134740452264565,150.8047400019017,34.9369764365523,61.19184976066253,1
2026-02-05 07:18:53.139126,48.8616362904844,5.540322564972606,184.60933479351354,43.461113123012716,66.12519257510179,2
2026-01-28 01:03:53.139126,29.975762636548254,6.295438414818446,153.1915438171484,40.5392635995566,55.38854097412361,1
2026-01-23 14:08:53.139126,23.825212686403905,6.949533901596756,147.28511320179445,36.727884115711994,38.62045744258232,0
2026-01-22 11:03:53.139126,25.887524176174747,6.733022038434972,145.0940373285758,32.66096932598534,49.27156005783081,0
2026-01-19 18:18:53.139126,29.46431242311184,6.92935294621748,132.55678701981142,37.94087473529253,38.47120681401904,0
2026-01-24 15:33:53.139126,24.142568137151724,7.116404613994867,148.66298981272854,40.274873192759,41.52335595872871,0
2026-01-16 04:23:53.139126,31.383796142243003,7.1049977206511095,146.36963193907303,34.8695166239076,42.41062426253399,0
2026-01-23 06:43:53.139126,28.636828373932012,7.093824523268584,148.78911158807475,33.47475150956404,39.01257587726176,0
2026-01-21 20:18:53.139126,25.945374666376498,7.024021463642366,138.0913066482331,33.66301321098417,35.463587362864395,0
2026-01-28 19:38:53.139126,37.82803729847174,6.830008961533571,175.85926167021572,35.217312538264586,48.22538134694063,1
2026-01-31 03:28:53.139126,34.95324094508022,6.460074925223083,158.80720042983356,41.119331547081735,58.02541110656196,1
2026-01-25 15:08:53.139126,21.252896124254082,6.839437428390771,156.94462851982368,34.61195837555914,43.02651106315102,0
2026-02-03 07:33:53.139126,37.53074911701665,7.315143273521888,204.19085074494572,47.30892560523372,82.11327400717158,2
2026-02-02 00:33:53.139126,54.8940971144671,6.162399650823341,170.5740499791472,40.66602673055705,68.25369635749651,2
2026-01-24 16:13:53.139126,23.0955439887397,7.061530259038727,162.07869408532315,36.84044079355517,33.20731066024364,0
2026-01-24 04:18:53.139126,22.48019174892428,7.2679507923141875,155.79478774491906,37.20545814814948,41.61592924160297,0
2026-01-17 16:53:53.139126,24.63336168670138,7.353247147890957,138.82490798817028,34.11128224417351,47.409857150447834,0
2026-01-19 19:28:53.139126,27.321042196716945,6.807039964665318,134.71806467731312,38.361425078134765,43.20287155157987,0
2026-01-16 09:48:53.139126,24.229669144156315,6.709517553598256,151.46328813477982,33.51430248838316,45.409665725088225,0
2026-01-21 01:43:53.139126,25.202825905539814,7.26615568408189,145.95614970160543,31.437386078772004,41.548373468963604,0
2026-01-29 02:08:53.139126,27.790470418351276,6.309402537288989,163.79805890720718,44.1201998646952,59.598548163552266,1
2026-01-17 02:03:53.139126,24.416897208903027,6.962116766369108,151.18006101048078,38.72207394379435,48.659194300085126,0
2026-01-24 17:28:53.139126,20.773567945133635,6.85157829346935,155.74556399798027,35.034007564498374,42.60620184084655,0
2026-01-17 17:03:53.139126,24.156958800915643,6.837970031773558,154.82404713959636,32.77854207593036,49.55440815324164,0
2026-01-16 20:13:53.139126,32.47322755120816,6.990890107468956,150.77177804329568,31.791858062474127,48.148799552048146,0
2026-01-25 02:13:53.139126,26.16397440537489,7.0344063159081225,154.81539329451283,41.29209269198036,50.27611065630258,0
2026-01-31 00:08:53.139126,29.371536673224888,6.632953112768519,170.85233582984426,38.41664087387533,58.928122055756354,1
2026-01-26 04:48:53.139126,25.47074379474246,7.3059480537969606,139.33961804982673,36.21042935443137,45.577764913818974,0
2026-01-25 01:38:53.139126,28.393756680893127,7.146449581407594,141.1369843296537,35.146968493228,38.92077700960445,0
2026-01-20 20:33:53.139126,20.025142437428837,6.878046707335412,158.43329750642897,38.04967018747551,42.64520755780535,0
2026-01-16 22:03:53.139126,27.22277714392442,7.087883072745209,129.56372351304125,33.304654902761854,47.61711059168832,0
2026-01-29 17:23:53.139126,33.672224543867046,6.476482584014143,174.94220661437308,41.04849144401883,51.973465499061305,1
2026-01-18 04:18:53.139126,27.92736678524413,7.094096952245855,153.83123134495347,40.14685511590232,46.153954980737275,0
2026-02-03 11:48:53.139126,60.34080611938077,6.2095939683476145,203.630867004586,44.29563600876226,63.48397476266574,2
2026-01-23 22:03:53.139126,26.10745914931016,7.138814614084244,153.30172208405864,33.96407938980669,37.80017220563389,0
2026-02-05 12:03:53.139126,51.763508853627684,5.509380990945128,172.0893717824569,48.744515331440546,74.0097977485269,2
2026-01-24 00:48:53.139126,16.820648165595287,6.75228232370203,146.13810995574286,37.55937487530431,55.349422987643905,0
2026-01-18 09:43:53.139126,17.92250048017442,7.072295606076173,141.40514977382855,36.55723139540991,42.811950148675535,0
2026-02-05 18:43:53.139126,40.6050320466109,5.912166243175304,193.675336756135,42.582471452859835,71.67327594425349,2
2026-01-24 00:58:53.139126,28.22372843338204,7.107034980694384,155.9812749848558,35.64745567415296,45.81727216538452,0
2026-01-28 00:28:53.139126,19.1953094158883,6.653408828604506,148.6053152708657,35.682949363149014,51.71079102879393,1
2026-02-04 17:48:53.139126,52.30063293898398,6.539154533757608,186.98918103475896,45.646656444725835,63.16392594335909,2
2026-01-31 02:33:53.139126,32.81568954877909,6.960713726171012,176.74994777027516,39.418235563283105,63.92202734345796,1
2026-01-28 21:33:53.139126,26.511610007792314,6.836391836451117,155.39344739344347,33.00567250842791,58.58916799378071,1
2026-02-04 02:38:53.139126,51.13605193291018,6.308188983104974,214.45859562153052,49.44195327612621,57.85185326244971,2
2026-01-28 03:33:53.139126,32.08970149985359,6.107538418369007,171.6180863124493,39.258074508914774,47.77703359836423,1
2026-01-28 09:38:53.139126,29.77316704854374,6.2720408631651665,167.8496429187084,35.75526537918949,56.90015252676764,1
2026-01-26 11:43:53.139126,24.731981550392085,7.262215640947598,133.18150952960255,30.196298283901356,47.428408029350265,0
2026-02-03 14:58:53.139126,53.47570332539908,5.720677335869422,210.17429452562808,35.54949019938581,75.1576491999054,2
2026-01-18 19:28:53.139126,25.103874085418276,6.805979038070956,151.9322208795851,30.882586192534063,44.84375777068854,0
2026-01-24 22:33:53.139126,27.843158004889307,7.042372445908503,155.85500103503344,35.91686352325763,38.81022031765702,0
2026-02-04 21:23:53.139126,24.99889411578336,5.543361379741422,209.40670249629818,43.58984114963471,71.47650327167784,2
2026-02-01 03:23:53.139126,33.31077590886043,6.1749655474655825,191.38764843831171,37.86184344242264,80.2671176269017,2
2026-02-05 03:53:53.139126,45.13591053637136,5.438582501165781,227.90339022357375,46.464361462717974,59.12867176480843,2
2026-02-04 17:23:53.139126,36.781163791914224,5.3535426549036105,197.8465194877011,38.438022970599015,65.55924890687709,2
2026-02-05 04:28:53.139126,46.073168641690856,5.655340095075616,196.05062146054172,41.374121216702505,69.10724191556088,2
2026-02-05 05:33:53.139126,42.11793753709903,5.6409409849783065,188.3696601757201,41.30170429249788,88.65331921372905,2
2026-01-18 11:38:53.139126,21.412286384219254,6.971913206896661,151.91693952659975,35.36641653418175,42.88676288708612,0
2026-01-29 08:53:53.139126,27.764721276767304,6.289570151982774,149.55716290778687,38.93004530925231,52.36386975900326,1
2026-02-01 10:18:53.139126,40.85050489612677,5.701934751899293,190.99084150304208,42.1848092791166,72.80587278753404,2
2026-01-27 08:48:53.139126,31.336503090544475,6.799833312036579,189.36731072539277,35.76055753405563,64.26234525158283,1
2026-01-22 04:13:53.139126,27.28854615978428,7.020328093953361,161.51794632651212,34.228085322389596,40.915345386333975,0
2026-01-31 01:08:53.139126,40.80453267912863,5.826725104832985,156.85668604056474,33.20150706696189,63.33590242065192,1
2026-02-01 05:03:53.139126,44.047577767727766,5.128861127042414,170.56449212967095,40.95916290413785,68.85443206401403,2
2026-01-25 22:58:53.139126,22.303940515311428,6.859420652225575,144.03568804795708,37.35375797769134,45.157803940517475,0
2026-01-26 15:13:53.139126,32.652377059941536,6.191567589572657,159.38204593810696,40.84573405585695,55.094706254379695,1
2026-01-23 15:28:53.139126,32.11579461913027,7.1957150296561645,144.62784536044106,33.75371195495187,41.26985197594876,0
2026-01-29 04:28:53.139126,29.459409714678937,6.591557567095924,164.44791891962961,36.72522003045864,54.232664697212066,1
2026-01-22 12:43:53.139126,24.561837768177156,6.725044847166449,159.92047793535897,35.43724183016274,43.74042296822185,0
2026-01-17 19:08:53.139126,34.6386158805956,6.755748861731593,142.90545884391935,31.10944879385597,42.661609469331786,0
2026-01-21 23:13:53.139126,21.926956382705946,6.846032842470006,153.62449162110548,29.240654007579494,44.11634864094862,0
2026-01-23 20:23:53.139126,20.527995511884406,7.201907877822022,134.6559889493136,32.57189491184059,42.98253790334484,0
2026-01-28 03:58:53.139126,32.14761904071026,6.957481523297274,156.6991905848842,39.263096927248,58.6720447054522,1
2026-01-31 07:03:53.139126,31.888249925255785,5.931440277077125,159.69543306086774,37.888886689415415,55.79947894066191,1
2026-01-24 03:53:53.139126,22.717447428082785,7.025869275273801,149.42307697908245,40.089913754152306,42.87399243589986,0
2026-01-18 19:43:53.139126,27.052993718254836,6.906838886732673,160.7906208146771,34.757221920123555,45.304613946186606,0
2026-01-17 21:58:53.139126,24.997955923369407,6.97292744605358,154.10822180356507,35.720791592631315,42.46481693420708,0
2026-01-17 22:03:53.139126,30.358360226941073,6.93645354721198,178.2832509910549,33.8382072740676,47.784024685063386,0
2026-01-30 01:18:53.139126,35.184568697872606,6.871189802953005,163.2853088707625,38.45308668032076,56.61425856585997,1
2026-01-26 07:28:53.139126,25.317484238417016,7.156756727218362,161.2886226303664,35.196860086709094,39.95529647668877,0
2026-02-01 08:33:53.139126,42.18291770411284,6.017751670143451,198.0233547980922,34.50171955063282,86.55523644037473,2
2026-02-01 20:43:53.139126,48.53211222962072,6.202421965355228,188.33999334227755,34.33480050418525,64.66494006927319,2
2026-01-24 10:23:53.139126,26.74359457448533,6.789527924950632,135.43638942285804,36.62020309332855,47.96182112369444,0
2026-01-23 18:28:53.139126,21.897937460156818,7.264138259276757,154.9010499318495,34.12119681220421,51.410592434040986,0
2026-01-31 19:03:53.139126,50.015337234416904,5.686169925250996,188.96334383851666,50.63545283129658,87.24675251821913,2
2026-01-18 19:33:53.139126,22.295238589179924,6.844643716130333,147.839117802381,36.80081029495178,50.787917358142074,0
2026-02-01 09:08:53.139126,47.673780219056994,5.699406074727285,187.94932971604973,45.03773117409573,70.08921826168546,2
2026-01-29 23:33:53.139126,33.212067161449276,6.50224090466087,157.26912980597527,45.18642937721486,61.89381059397766,1
2026-01-21 08:28:53.139126,30.51249378606607,6.925160387797941,140.04276031151232,33.80168809697464,43.20683539559256,0
2026-01-22 15:23:53.139126,22.637172471103362,7.466358454212806,156.50217072294112,37.60758267157993,36.50280250038402,0
2026-01-18 08:48:53.139126,29.918421747062954,6.8415621479056075,150.75056177472615,40.12033765890743,34.32235013667306,0
2026-01-29 19:28:53.139126,31.42016186080577,6.410846074659968,166.74417734810334,34.797113126790535,60.793986248272965,1
2026-01-22 08:38:53.139126,28.190589315284317,7.320032027114153,147.7038514780812,32.43301977129583,44.42678289044819,0
2026-01-17 09:18:53.139126,26.851918285471868,7.264786308458416,158.40688326953568,33.38454412722908,48.64342400905364,0
2026-02-03 06:43:53.139126,47.476414724135125,5.252344471727854,187.65373455904242,39.90889519728087,75.55316778337007,2
2026-01-29 01:28:53.139126,32.700065564157846,6.472277639471491,161.24796789310489,33.14642801378846,56.64753309461147,1
2026-01-16 12:23:53.139126,25.957283139363817,7.152253309128,141.04448982228485,31.985147874385966,46.81287061415275,0
2026-01-17 09:58:53.139126,27.85620330953025,6.828405239148187,132.7608568495373,29.13803221560522,36.66322008656951,0
2026-01-16 20:33:53.139126,21.739577562718505,7.122447330469782,164.79031267385585,32.1901541086946,44.25046391335061,0
2026-01-23 19:13:53.139126,28.77151834703717,7.225976319587772,140.95415730930011,31.48901369238803,44.68764447849842,0
2026-01-31 22:23:53.139126,32.82878712459713,5.587798526245232,194.34974950466378,34.03864868023507,74.72700083944501,2
2026-01-21 16:58:53.139126,25.08325458203721,6.747758418414206,139.23216532342371,33.26699677620156,46.8492355746193,0
2026-01-26 02:48:53.139126,28.406916069885774,7.151809517079938,143.02694027850998,31.339697571275345,44.64118622557799,0
2026-01-31 00:28:53.139126,35.624192452809154,6.7730422862884,150.4722106814167,41.04717504711415,55.19547441730298,1
2026-02-03 18:58:53.139126,40.920323689559304,6.347632655075785,210.74860691248028,37.87590066409177,62.67108247054377,2
2026-01-19 10:43:53.139126,25.934381458923887,7.054271678233826,137.0499533303678,36.27536286033537,42.363294705731455,0
2026-02-03 20:18:53.139126,42.19032860123653,6.278452243316757,192.24962223332687,41.583255931188376,87.32068802694961,2
2026-01-24 19:43:53.139126,25.77739053408943,7.001398829161156,121.19938562068984,29.41414739017503,54.857765221870984,0
2026-02-04 15:38:53.139126,36.51330054562038,5.58166096397327,201.8822141520774,37.7073901289541,70.17085231404943,2
2026-01-31 22:48:53.139126,37.37049449964291,5.7889842545884935,172.46527592422797,50.4615982606223,83.8204732577433,2
2026-01-29 23:38:53.139126,38.56446840006874,6.205490285376742,158.18392558482762,36.545031860797984,52.46520325435249,1
2026-01-17 08:28:53.139126,28.386374267958605,7.431138865958164,163.73877326826872,32.382003486860846,46.25358934812355,0
2026-01-20 10:23:53.139126,21.044191177142682,6.803629121923399,152.29336918633214,34.25645698144969,51.41186746791203,0
2026-01-27 22:33:53.139126,29.399651263880543,6.241208621939969,158.45823821049896,41.90817525359547,61.86003172484594,1
2026-02-02 18:08:53.139126,47.4323794800798,5.998850654009168,206.81305088805865,47.46706755142722,75.10085432797689,2
2026-01-24 11:48:53.139126,25.3516039629408,7.250149835084962,146.9152252913194,37.59203063993299,43.253180330522135,0
2026-02-04 11:28:53.139126,49.01111951635761,6.3144993896038155,193.30817480497214,49.23902284697568,75.14162290058617,2
2026-02-03 13:48:53.139126,42.34241200655788,4.952264555789407,182.74263546836065,43.07597535196727,80.36208876654375,2
2026-01-23 16:38:53.139126,25.59840507333696,6.9826135657075135,150.96191976611928,32.20859408794903,40.03278447740684,0
2026-01-29 23:28:53.139126,30.32716158282163,6.797328452848356,136.39758887866685,44.68817131527588,64.46831221205433,1
2026-01-25 00:28:53.139126,27.999441326823806,7.2412422061987405,140.42056207680744,32.13657226011498,48.13022543738264,0
2026-01-27 23:48:53.139126,31.056172246839047,6.572724179659251,161.26149176092142,35.47796141126439,58.58304685154102,1
2026-01-23 04:18:53.139126,25.728384243381562,7.318219761425072,146.91554273587346,34.21859804726299,51.30823550209277,0
2026-02-02 19:13:53.139126,48.79671231502388,5.981874445736844,196.20974008490697,38.83270507050362,78.32848916633752,2
2026-01-18 18:53:53.139126,24.915326682547295,7.033298447299581,164.9407615999741,30.658448716551636,46.55718999676627,0
2026-01-20 13:33:53.139126,22.120530240327085,7.052679479701363,171.60876253104044,40.09164340366952,38.25911418874296,0
2026-02-04 05:53:53.139126,34.66630212720589,5.52923319509622,179.55110656733527,48.86132899287624,69.70461873326775,2
2026-01-28 11:23:53.139126,33.61552212230051,6.725471594401274,170.0525883879119,42.256732568052534,64.21201901951571,1
2026-02-04 19:48:53.139126,44.962754682211,6.266908432288473,178.18928446634064,38.40828355813813,75.70262700770365,2
2026-01-25 02:08:53.139126,26.014523303357652,7.042682416861491,138.6175353282499,35.62460930550161,49.74702262814971,0
2026-02-04 03:18:53.139126,36.502527514634366,6.205597323173162,181.96490610095793,37.49015966969508,78.35591712697408,2
2026-01-21 00:23:53.139126,24.37249978718181,7.151890681980005,134.87659718322578,32.33101389303054,47.9665520325211,0
2026-01-20 09:23:53.139126,23.751456142900217,6.869698028877769,141.64514851779379,35.6100463708764,41.830941656428486,0
2026-02-03 03:53:53.139126,54.05410407920386,5.246506390704508,205.4487097666246,43.96972277763121,77.40247848511855,2
2026-01-17 14:48:53.139126,18.905586531907684,6.91672775304316,154.75800139746428,35.58388298403198,47.63785675119809,0
2026-01-21 22:03:53.139126,25.608417695363073,7.016408053366475,136.29081786376764,39.10063651498714,44.496616589866235,0
2026-01-27 13:28:53.139126,35.686918213534035,6.466372602051299,143.7198879246587,39.21247811237184,62.828165596239955,1
2026-01-17 08:58:53.139126,26.389397812192367,7.072441687910276,151.85777511876657,34.3955921032125,46.52697091165281,0
2026-01-31 18:13:53.139126,46.50915034294501,7.39935408626223,192.70197508912045,38.12954291069593,77.49451897353028,2
2026-01-16 21:48:53.139126,24.57656053010212,7.055969013620108,157.08082913115908,37.33164554544476,42.3267312910272,0
2026-02-02 19:43:53.139126,49.48822838609523,5.57478509929394,218.24745602505374,35.67326694452617,60.06807951735702,2
2026-01-16 14:48:53.139126,28.40695958864114,6.973490330560001,142.79929730302146,34.763015287348765,41.275047968662236,0
2026-02-03 09:23:53.139126,40.85099271648613,6.3378577324759755,168.7124098045167,42.1497720445394,61.02990873583881,2
2026-01-26 19:53:53.139126,29.427455929621672,6.534016910604864,192.5208853428944,38.97646525750506,62.85754028385378,1
2026-01-30 02:48:53.139126,33.096086091999624,6.493280166992251,172.4982491937389,35.218410984204326,58.02032597700112,1
2026-01-28 10:43:53.139126,40.699549434286844,6.272948693380061,157.87982629096646,40.3881671533434,47.84666502374144,1
2026-01-17 12:28:53.139126,26.504600304218155,6.689584949128537,145.65370331844142,33.3084129583098,43.32436460236804,0
2026-02-04 08:03:53.139126,51.58927415556382,5.6556842769642435,213.06631239178589,45.555222863045024,68.07063375020573,2
2026-01-28 02:33:53.139126,30.27881691145168,5.981180928031987,144.39670233104297,38.30133996258474,54.44591702839437,1
2026-01-23 08:43:53.139126,25.110976813465378,7.166261544892047,153.6470857966786,35.689793390171964,44.18400844193728,0
2026-01-16 09:43:53.139126,25.15404582805473,7.345418593727922,143.48441153522015,35.957933209170825,48.438258906197866,0
2026-01-28 12:33:53.139126,28.345005923967292,6.515546262239371,162.08671208601262,39.667985806788295,55.30150023772004,1
2026-01-27 11:08:53.139126,33.125648483176,6.325582226018776,162.3048143160562,42.41777645277778,51.453916277416205,1
2026-01-19 00:53:53.139126,23.032859976518743,6.92646154056832,151.02955308747025,37.65888527633934,41.986660567058195,0
2026-01-19 16:28:53.139126,25.14031892994852,6.902855611891846,144.37798267241527,38.16752121979195,50.35587462858202,0
2026-01-29 00:23:53.139126,28.962707507106387,6.369297374464448,152.12757834840025,35.79686140622673,61.42154436982011,1
2026-01-31 03:18:53.139126,27.663572864175812,6.197311060600179,171.802089549503,41.146075068363515,60.08720937424606,1
2026-01-29 11:48:53.139126,34.46208322339014,7.088570751420186,187.14165965923925,39.26177265576174,57.75446935204582,1
2026-01-26 11:28:53.139126,25.518378431811122,7.112632600963461,132.61398100829427,39.534629955627224,43.297975854412776,0
2026-01-31 05:03:53.139126,35.08485505437992,6.658020048801762,172.90073015351,34.046635748577536,66.76340669136636,1
2026-01-25 05:33:53.139126,28.475485562470368,7.100458952290299,152.10383661226592,35.663057319764874,48.15800837780529,0
2026-01-29 03:18:53.139126,24.491979600676608,6.1375188377980905,169.22548076743988,39.624064805480636,62.78296606525072,1
2026-02-03 12:33:53.139126,42.62657070477443,6.097624488497831,198.8666165799106,38.30087683696081,89.32638108704155,2
2026-01-19 01:48:53.139126,20.790278684466685,7.105547481880633,159.61064014731738,34.58712786422286,45.08958611302993,0
2026-01-26 12:48:53.139126,32.1823740533913,6.993597041871616,158.57690284788558,34.49329948566814,57.652606941831884,1
2026-01-16 09:03:53.139126,25.13249969518673,7.088251285106869,156.67868520486502,37.63952048741524,44.05495278075901,0
2026-01-26 11:53:53.139126,23.883554852917648,6.89065175937338,147.5552004461901,37.13713284639099,50.71490626195586,0
2026-01-23 21:48:53.139126,17.628124853321992,6.981797494624067,143.99752622144374,34.49296473121393,44.82896504632965,0
2026-01-30 04:33:53.139126,29.39273172812779,6.41436717251707,162.8322406570544,48.25856581777599,51.588434518374235,1
2026-02-04 02:48:53.139126,49.63781979692511,6.326042991101442,202.2747744986056,48.649997372593035,77.49269870306381,2
2026-02-04 06:08:53.139126,42.91330158645971,5.98025392880708,190.64149347935944,53.07686628530078,80.81705635716934,2
2026-01-18 17:43:53.139126,28.767852927996127,7.0216429490959715,155.80250443246769,32.12773397136386,46.65336693305767,0
2026-02-01 09:53:53.139126,39.98209119129546,5.796561346019472,203.9738693569826,41.98004383995009,79.17437734006809,2
2026-01-27 18:08:53.139126,38.46962446734693,6.524863809244881,150.37536862896914,40.20151680641949,61.48277946974031,1
2026-01-18 20:13:53.139126,20.968142656169064,7.2559752210437125,151.89121647211613,38.01541747429615,47.23084055165303,0
2026-01-24 00:28:53.139126,29.64781289107464,6.818884513845861,157.18988114536023,37.193811414132675,47.187959460674506,0
2026-01-28 20:43:53.139126,34.741256520743654,6.767902444120326,150.60379257215268,39.88924106876081,55.02504477044572,1
2026-01-30 20:28:53.139126,29.48193480959416,6.59078324224032,176.33378657732578,35.764598136297614,59.47717514873547,1
2026-02-02 09:18:53.139126,45.22270583607395,6.10577653537935,207.7063405987028,45.07836999968862,74.50589435391096,2
2026-02-01 16:18:53.139126,46.5879438566519,5.9059702074704585,199.38543073058915,53.99623042850633,70.81296700532336,2
2026-01-31 16:23:53.139126,26.5154883991687,6.444538736001051,177.5360562608985,40.60344110290323,55.4824485987324,1
2026-02-02 07:53:53.139126,46.04534666931231,5.872312406281072,206.9537693596984,45.053864833206454,65.87103591479989,2
2026-01-23 15:53:53.139126,25.640085298427497,6.686057685542669,142.93293888288866,33.83504757372133,42.756238832035855,0
2026-01-17 13:53:53.139126,19.741926961045944,6.895995312719219,148.70899044745795,36.15175123875754,46.94893873285565,0
2026-01-17 11:13:53.139126,30.633780367743373,6.898483351616563,147.03701785142718,38.01965947606447,40.35142526803394,0
2026-02-05 13:23:53.139126,43.37879000434576,6.735343135079779,188.9699863450803,43.34034533969099,66.0861958764855,2
2026-02-04 18:38:53.139126,42.39795728804703,5.861194199289581,209.59769664901918,46.776277824218994,89.72755118137245,2
2026-01-23 21:08:53.139126,23.484224635676988,6.83146091065618,154.74908782755293,33.96101917185725,42.37344229185947,0
2026-01-16 11:13:53.139126,29.914117795512926,7.214965997296245,149.15738693807847,36.484050988144986,51.45819794056256,0
2026-01-25 09:13:53.139126,19.767650913890584,6.907460039292832,160.87910045256936,37.40916607094686,43.33394196016344,0
2026-02-04 03:38:53.139126,44.49328807883324,6.691117908832774,176.90588745750068,34.71264555526979,69.59232179490915,2
2026-02-02 13:08:53.139126,27.401963290862593,6.234930574806879,183.6962708092796,30.152696753316516,73.7819747553903,2
2026-01-23 06:53:53.139126,23.525770411130598,7.079213655286987,156.0378566445159,34.08047406354882,47.64161102264871,0
2026-01-29 21:48:53.139126,33.94167500451093,6.16403159633853,152.65073979658175,45.20440536334349,61.5843779632979,1
2026-01-28 05:38:53.139126,36.91733767016758,5.7796043331884706,150.43739325518595,38.38554702747395,48.034492646703086,1
2026-01-22 20:53:53.139126,19.4002041550305,6.491130586304849,158.99915709217936,33.22777853410492,40.69910437021857,0
2026-01-21 04:08:53.139126,20.795065588900254,7.245724016926347,129.40833871325893,35.744974250715636,38.709399208494006,0
2026-01-22 05:53:53.139126,26.381223049989057,7.2315793907094825,161.88889787714942,33.01619166686123,36.36079952606466,0
2026-01-27 13:23:53.139126,30.804202110249044,6.718426860351095,162.29122756884138,36.398724914700175,44.68253347559989,1
2026-02-04 03:23:53.139126,50.55626989009256,5.467584384018422,230.9599886519573,37.04885472228891,81.34520703643264,2
2026-01-29 09:48:53.139126,27.889115970304076,6.766501313255727,158.807383244008,44.85879120588176,58.27457865818683,1
2026-02-05 00:58:53.139126,37.70873379928581,5.521062066298046,192.7301993921708,50.86537944948824,68.08811965249735,2
2026-01-21 14:48:53.139126,21.485842242019878,6.916076413393872,158.34969867910087,34.120558771782626,43.30285591217062,0
2026-02-01 05:08:53.139126,48.8696654561319,6.547319361423077,188.33537237910232,40.95745820007178,77.93372896258538,2
2026-01-22 02:48:53.139126,24.325876075618723,7.149358857476208,163.93739010139916,33.5071861703887,48.357742922739256,0
2026-02-04 22:33:53.139126,45.901629903886786,5.4211245089855735,194.46774919264544,47.593916564722875,75.01476054914401,2
2026-02-01 07:53:53.139126,41.88564094956829,6.643758133442449,196.61563861894427,38.17067886463726,89.59195620675094,2
2026-01-16 17:43:53.139126,24.62928466361072,6.9420287520219155,152.12848736923667,32.15208248159534,44.61318732004089,0
2026-01-22 07:48:53.139126,19.518557245277382,6.953271257992245,144.21111793280798,40.995693691546315,45.67714663083458,0
2026-01-24 06:48:53.139126,24.20464848857441,6.651817404676226,147.2634970771535,32.90492349708711,43.94113807986806,0
2026-01-22 20:13:53.139126,27.13795062194255,6.838164332647063,147.87575308436044,34.168372998844454,47.011686777849675,0
2026-01-18 13:03:53.139126,30.658477092036602,6.889297022165144,161.77328034889135,35.593239124776005,40.50123627519808,0
2026-01-24 14:03:53.139126,28.265660838132945,7.139623804339734,125.04189776979788,29.76336567919145,36.55539199658093,0
2026-02-03 06:23:53.139126,37.13992514106967,4.878716039988182,207.42615165317713,41.55653687012932,89.66846268729907,2
2026-01-17 19:53:53.139126,23.73481149969905,6.981512136051431,143.2074115605289,32.51738374931128,44.40327918769834,0
2026-02-01 07:08:53.139126,50.4721407113804,5.848338362606128,195.37934256633642,41.568103789430204,79.93960887887717,2
2026-01-17 17:13:53.139126,27.480527815714716,6.982649211116804,157.98954687295264,30.81142839631282,38.44139356746575,0
2026-01-29 07:13:53.139126,34.02313347108171,6.246615716739842,142.70068827578524,35.254495717189926,52.25447381427236,1
2026-02-03 02:28:53.139126,43.75841440725488,5.821917095528895,188.06719556297278,46.20199647315184,73.44859021518604,2
2026-01-16 16:53:53.139126,26.461453391253073,7.160069445857762,141.7315950957291,33.6345270041422,47.204422724323415,0
2026-01-23 02:53:53.139126,23.737755165625394,6.994245377826106,157.69262402590107,34.72154890158912,36.06944877012332,0
2026-02-05 01:43:53.139126,51.37492225892995,5.800015162503464,180.25813385604215,45.909383404670066,86.81239538357009,2
2026-02-03 15:23:53.139126,48.43410297266894,5.588432064743902,202.2309206730849,39.690798562224145,92.62492226873722,2
2026-01-24 22:13:53.139126,27.9571568379168,6.958514105390388,140.20582608009752,35.47024896507182,48.79166888134921,0
2026-02-05 18:08:53.139126,47.14126440633912,5.6223990884763095,192.35299508989561,51.84546281017338,80.81530963121831,2
2026-01-23 01:58:53.139126,24.92613147582376,6.753630793584784,157.05567228973433,32.64697081769522,38.309062380331646,0
2026-01-23 22:53:53.139126,26.259361599262395,6.6086057438901955,154.06503913375204,35.67162984356282,42.31051804302454,0
2026-01-26 19:33:53.139126,34.57465598723077,6.485878790769856,179.6385776643947,35.44625966096045,63.43988133767857,1
2026-01-23 10:33:53.139126,27.950596157444338,6.886805470597767,161.17228951759952,35.22458857349697,42.976636842589905,0
2026-01-19 05:33:53.139126,27.618230278763182,7.060888028607874,147.2900680998055,34.68618395208595,46.67983969005886,0
2026-01-21 03:03:53.139126,21.74331296497589,7.025779938033768,167.27783333575658,40.33464623484359,37.586037030788845,0
2026-01-22 17:48:53.139126,24.990000608990403,7.009585485723175,145.6618533316757,34.752418965885674,40.247826159312346,0
2026-01-28 09:43:53.139126,36.79263027132874,6.4282232923707845,156.63265423481965,35.39325680047728,62.65922641052222,1
2026-01-25 11:18:53.139126,22.20534920815755,6.927524082413135,146.86947625917716,39.539433632903446,43.933802451514104,0
2026-02-04 15:53:53.139126,50.03263476841564,4.84739527324305,190.2569538520193,46.930398296182844,73.5784221997025,2
2026-01-28 19:43:53.139126,32.19096787732408,6.356476943017836,175.80320009171544,36.91713568540035,53.99689308284018,1
2026-01-18 16:18:53.139126,28.185863700960365,6.962611506884686,171.1246699098994,37.07259697207621,44.82117436716961,0
2026-01-24 01:38:53.139126,23.659445827788634,7.182933989081248,138.13074933864124,30.826370398638318,42.89197643318395,0
2026-01-24 14:53:53.139126,20.51524080923884,7.026596545475136,136.719452548818,36.367280948869166,45.08268725688866,0
2026-01-28 23:18:53.139126,28.688605578927007,6.144588473425362,176.6700577458421,40.49374481205114,53.690071265138386,1
2026-02-02 02:38:53.139126,40.223457459747436,6.906915765658678,182.2070637779159,45.172453366809336,77.70563838182424,2
2026-01-20 07:03:53.139126,22.870923413008285,6.883578106657717,156.89607966813963,35.939064136321434,47.57812741153608,0
2026-01-17 20:58:53.139126,19.325987121665342,6.755690365370836,148.50298373172043,37.330936143506655,41.959772755681236,0
2026-02-03 11:13:53.139126,50.029379208470466,5.642778085074201,192.40552813338306,50.734329027094276,66.14252469429687,2
2026-01-28 23:08:53.139126,33.22544060265165,6.11833761331767,152.92798341880717,40.07017753816213,51.96698361827477,1
2026-01-29 21:13:53.139126,34.632643338741225,6.951652825602085,178.69187461942724,36.81863353491514,59.82661138496945,1
2026-02-03 23:08:53.139126,43.487863249735014,6.588719100111639,175.99137944113215,40.484157593156894,79.10756627860951,2
2026-01-21 11:38:53.139126,21.784432759390246,6.9293867749373925,140.0923716175298,40.94220257151424,49.35003098974018,0
2026-01-26 14:58:53.139126,34.73355808637,6.838403898235393,168.4985684033765,39.49566123661042,62.031004004782304,1
2026-01-31 19:23:53.139126,46.31497395041409,6.074309645499593,199.8743482930815,43.42963205601167,74.91192778127308,2
2026-01-23 18:03:53.139126,23.126051697230746,6.690080924951535,135.8856828018123,32.377595671427464,39.59320746997225,0
2026-01-25 00:23:53.139126,24.023326105834542,7.029754528531032,130.98362876621692,34.05304898219462,40.84348108010674,0
2026-01-29 06:18:53.139126,31.701226536377625,6.019992461595229,173.44994582572352,42.31781131607471,51.528977687242694,1
2026-01-23 04:53:53.139126,25.112658503641928,7.102855300667443,137.40330338262072,30.273520309452653,47.257862346915246,0
2026-01-18 18:28:53.139126,26.64476605656306,7.061065783821968,140.87250705839085,33.27606147510826,41.84451578697528,0
2026-02-05 12:33:53.139126,45.356460181137415,5.8774371826068865,201.5371342499771,40.68239695353834,85.46121943607213,2
2026-01-28 22:48:53.139126,27.450549759323064,6.409890334430148,183.56985019940151,34.70127904175513,62.29074143268821,1
2026-01-21 08:13:53.139126,24.306242974813756,7.0099234711345195,125.86102328908484,28.53093869959167,41.916684686696215,0
2026-01-26 23:43:53.139126,32.36026215033857,6.862561604076116,162.3003621973235,39.74679381760727,58.15631700276198,1
2026-02-05 08:38:53.139126,42.4295776502303,6.136482042088171,177.43176692839054,50.13642569791189,88.39835331938964,2
2026-01-17 13:38:53.139126,24.06956363733548,7.1223820205459525,151.01325118651923,40.425412518357824,45.57628930038512,0
2026-01-16 12:48:53.139126,22.916583751102777,7.033937777082835,143.60237112574677,39.86702596971692,47.92729096599251,0
2026-02-03 22:33:53.139126,41.8975804035621,5.520776065158633,196.04210483437626,34.233821389529695,91.03549818381754,2
2026-01-29 00:08:53.139126,32.15902694700217,6.5176749684162045,164.30536044526937,33.348075490808114,60.434001647554986,1
2026-01-27 12:53:53.139126,32.08402694936,6.174763120558856,165.35713069736025,40.22955250086999,48.0648071949396,1
2026-01-18 22:48:53.139126,26.689146111303195,6.987655127761849,152.07521214703792,37.55420929093846,53.85773575258426,0
2026-01-20 23:28:53.139126,28.503452939619837,7.18304274640149,143.87052452509366,38.55887278796836,48.59596900412368,0
2026-01-20 21:43:53.139126,26.365585112934237,7.00759095010395,171.82171171015085,38.36750263070838,45.39126170545921,0
2026-01-23 13:33:53.139126,21.626258078631157,7.285758003586939,155.6605818547399,33.812020780506195,40.89859312035854,0
2026-02-02 14:53:53.139126,54.324042576850715,5.56149840217751,196.96373516598078,46.86003581384765,82.29207177556965,2
2026-01-21 13:48:53.139126,28.271529959900697,7.109619742560895,147.92512647047357,35.04961849458271,43.591435683791616,0
2026-01-21 19:03:53.139126,22.292609222046654,6.826231284339469,140.51596927619528,35.96439846540983,46.80183637516926,0
2026-01-22 08:08:53.139126,28.558387539081483,6.946394733614897,146.81235256492158,38.56624920357695,47.573387225531945,0
2026-01-27 16:08:53.139126,28.642221526974474,6.779070842250764,177.11563901559546,42.02602427889314,54.92997830402882,1
2026-02-05 03:23:53.139126,44.62474972174824,5.715219662817403,181.98291491369164,40.36823104747022,75.74172541485059,2
2026-02-03 15:13:53.139126,55.44937381482129,5.424263215177922,201.6201302330697,40.089268667132984,74.86950140217176,2
2026-01-17 11:48:53.139126,19.79107176388746,6.619924434846719,129.37762711861996,28.670475199070417,51.71777177979246,0
2026-01-27 01:08:53.139126,38.196460550228046,6.383606490302348,184.43754113325136,37.75936100844461,58.069604285230696,1
2026-01-24 03:03:53.139126,27.16659860021477,7.278371317950049,139.95580279379388,35.87591981840972,43.47059929817312,0
2026-01-19 04:03:53.139126,26.545295813441115,7.040052814139854,157.46986952227277,31.85651403719816,46.567566181744716,0
2026-01-28 11:38:53.139126,35.93329993712707,6.245002920849478,150.1976566193565,43.42133413862883,51.246274533329824,1
2026-02-05 19:33:53.139126,42.71152411161836,6.393734129622157,199.38950151277388,44.53148309317474,62.45065343658356,2
2026-01-20 04:48:53.139126,20.798480253713752,7.315519900300912,162.67758646530865,29.173176863864754,51.32077149473444,0
2026-01-20 19:13:53.139126,23.43198713613031,7.2481197883191,143.45781347226557,31.046474357635127,52.35224199953746,0
2026-01-29 14:03:53.139126,42.453978074421066,6.296254573610084,170.72942677465522,42.045307865902174,54.062101017686004,1
2026-02-04 01:08:53.139126,32.61900705033548,6.633635296088989,198.90730696029286,43.294798607322434,78.66938949920794,2
2026-01-23 12:03:53.139126,24.64998861735166,7.308327296100154,138.76969396731315,39.46788656857047,44.49886232112055,0
2026-01-19 12:23:53.139126,26.00405055147728,6.8295136662350995,146.70453332944336,29.755672645215395,46.828828109797584,0
2026-01-17 16:33:53.139126,22.30513749516955,6.825119515025596,157.34795267368057,37.18865085095872,50.814130502716544,0
2026-01-21 06:23:53.139126,23.134842745579093,6.9307363256601935,159.09194373586618,38.53246349516824,48.633566018252004,0
2026-01-19 20:28:53.139126,24.07459101833216,7.019767368272784,158.25203201806863,29.14385846727888,45.663964756821294,0
2026-01-22 21:03:53.139126,26.028383516095094,6.6787962799233105,138.145277855976,38.187655126448114,42.970403676631534,0
2026-02-03 00:23:53.139126,51.514203589136734,6.01511599287409,191.897298932847,53.91582606636967,58.1997315555685,2
2026-01-18 11:58:53.139126,29.091235761332086,6.760099254296757,142.38568684248224,32.50166744663945,44.24503347804206,0
2026-01-24 12:58:53.139126,24.130794764051412,7.097349814584549,137.0439009073677,36.57164072639158,46.589445742843296,0
2026-01-18 07:58:53.139126,26.28896518978922,6.645879321108119,152.9654412972066,31.58960263693365,46.87414963120892,0
2026-01-24 09:53:53.139126,28.7805261056799,7.022856640047467,149.767219076551,32.09782436419722,48.11221993260354,0
2026-01-25 21:58:53.139126,23.507728304299214,7.233247644599765,156.2313160186077,37.466438434129245,36.34710595076263,0
2026-01-22 21:18:53.139126,23.20568751961202,7.293326783396992,139.03441983408445,32.40321824139354,44.805912516487304,0
2026-01-28 09:23:53.139126,33.61139833435733,6.349327717022483,182.68590568685934,38.543205537758,57.23675445233369,1
2026-01-29 14:38:53.139126,35.34317096813079,6.685516078016837,193.09544568736098,43.425753833246695,64.07895995890956,1
2026-01-26 17:23:53.139126,30.474210187828003,6.647458426936612,179.3702420146419,45.6876353814941,54.77618021762168,1
2026-01-29 16:48:53.139126,31.476549329217324,6.74567363041932,165.914020252041,40.12813392394367,56.07661137736982,1
2026-02-01 18:33:53.139126,48.208117313586136,5.654281557442238,194.98745133964783,36.63319040745726,73.1144871817398,2
2026-01-25 12:23:53.139126,23.831060979212197,6.931742336876757,154.58090326259702,34.34621995988311,45.42643824052063,0
2026-01-19 20:48:53.139126,29.39293942940005,6.882773156159322,166.21838464445636,32.72667128550492,42.565694987071,0
2026-01-31 13:13:53.139126,39.44822354776723,6.226893563462001,155.48482802307916,41.886920824435386,59.344868887638036,1
2026-02-04 22:43:53.139126,28.8520884275908,5.4893121373422575,189.71850211704322,37.229384329937645,68.61458845083905,2
2026-01-30 09:43:53.139126,24.19906364615093,6.2807618455166745,169.85346948590393,33.92878232083698,47.46258088435309,1
2026-01-22 15:33:53.139126,23.98183979041832,7.297184432407466,155.93919102867864,35.787303598422426,37.169096035788435,0
2026-01-31 18:23:53.139126,39.11192149087756,7.181294677606862,201.14396149906247,40.33534663454398,89.57541656725348,2
2026-01-17 10:58:53.139126,27.25334414835495,6.801851855917147,147.07110425459456,39.39352831326263,46.86921915056132,0
2026-01-24 18:23:53.139126,28.522280368270625,7.063813056814165,152.84671260552582,34.44798561607202,52.24371088193515,0
2026-01-22 12:48:53.139126,26.389260098545382,7.078067866318057,149.36454714801147,36.412141653258814,44.994503013444486,0
2026-01-26 15:33:53.139126,35.5828931517313,6.726665593165832,168.8032218501302,33.88436097309588,60.589660915885005,1
2026-02-05 05:28:53.139126,46.061916209419586,5.706971261040419,180.92699780435433,35.54949749156171,85.5901720365336,2
2026-01-28 14:48:53.139126,33.79475352947758,6.45296574037627,181.6292374035843,29.23775347631234,57.687436362373525,1
2026-01-19 00:58:53.139126,19.86965480271852,6.810360547671372,139.71928632765645,38.02892863681734,42.17810239309866,0
2026-01-17 23:43:53.139126,24.744585850344663,7.183373502935862,148.8799321902002,37.885691176696696,41.20561095535798,0
2026-01-29 00:53:53.139126,32.842522819174896,6.498312090439076,175.6816863617012,39.33732706930584,56.34696078800616,1
2026-01-16 10:08:53.139126,24.14241039344018,7.081425802337421,149.3260662019008,36.87967226609653,43.29190153895721,0
2026-01-28 21:08:53.139126,32.353123492420224,6.058223756496013,174.52373133660808,40.7649516433056,66.549269971764,1
2026-02-04 16:38:53.139126,43.18054644224745,5.463873897867828,207.58426943954342,38.10703330624386,73.28286519747434,2
2026-01-29 15:53:53.139126,33.235013220454476,6.68200406494561,153.758326680109,34.01774747416095,53.27836433704219,1
2026-01-22 23:28:53.139126,27.52443613205131,7.205524836939729,149.12550237890542,33.3183607247521,47.66811067369544,0
2026-01-27 08:53:53.139126,31.796848124457373,6.462397650199764,182.20100965741844,37.225137409575815,58.54972086611202,1
2026-01-29 22:03:53.139126,28.927595277084876,6.758389694497955,156.87855352418853,35.534157821430775,58.68682968047101,1
2026-01-27 01:03:53.139126,29.391850381718307,6.595506655144831,165.74461639051657,43.2822583799749,53.22692862070165,1
2026-02-02 02:53:53.139126,59.103549824175715,6.118266554393233,198.59648538200037,52.421260177965515,76.66171005468368,2
2026-01-30 08:33:53.139126,33.390787328930514,6.9854380381040935,171.47546718995764,33.45195209801743,53.440338866868956,1
2026-02-01 03:43:53.139126,49.67270350893207,5.989656885007717,201.8934456875566,42.30841050197574,77.31866575630322,2
2026-01-26 09:33:53.139126,24.374655900940322,6.915745419028767,166.42650426224964,33.065126644252004,49.96800809381756,0
2026-01-28 03:08:53.139126,32.75960979193849,5.94317213154155,169.10584768060198,31.152630375373775,57.67002837003053,1
2026-01-24 21:18:53.139126,21.902384264240506,6.86139981852191,148.88799267482895,36.62011890169952,45.65613712607383,0
2026-01-30 08:53:53.139126,37.53019268086849,5.949378858670856,159.55987082015017,50.67359374532023,58.08373132833934,1
2026-01-21 22:13:53.139126,23.549123436521267,6.942433842357827,149.39165145391985,31.73806317157958,42.86598382621851,0
2026-01-19 17:53:53.139126,28.245616961650736,6.744708595154835,155.76456178658088,34.561536799258995,40.74755563473384,0
2026-01-26 08:18:53.139126,26.88355673121208,6.842171041655225,143.97009773373784,40.94467361509833,50.16316590440966,0
2026-01-22 21:53:53.139126,24.04341847505572,6.9569979534070985,148.71448560057175,32.49541127848919,43.18153540200718,0
2026-01-24 21:23:53.139126,23.042621673131926,6.75818559841163,135.6326558483752,35.133921209534044,43.71853354236011,0
2026-01-31 10:13:53.139126,33.16687553343354,6.53728066781909,157.7698221679553,32.985828439261304,58.418606924199516,1
2026-02-02 03:08:53.139126,53.16816188678324,5.972402547501494,186.17670903667226,40.00347801390227,75.34405681358295,2
2026-01-29 18:48:53.139126,29.992569556382065,6.379428998544773,151.94158667302568,32.71892227135396,63.68476599724674,1
2026-01-16 22:18:53.139126,24.367819277242816,7.042039299893909,162.62248738891753,33.52287975680813,43.450251558140046,0
2026-01-30 12:18:53.139126,29.540537494168134,6.323396578640518,174.35551756998225,42.662068998204575,53.10673264943728,1
2026-02-01 23:18:53.139126,43.79245883247473,6.219126979281984,203.47957023306566,46.51906982987917,79.21388849718161,2
2026-01-20 00:58:53.139126,26.150720504914354,7.123530222434224,134.77583573423559,35.47140883368172,58.7173608128255,0
2026-01-26 02:33:53.139126,21.054513113656377,7.096874428202585,159.368504758361,37.435053405405014,44.3832729090033,0
2026-01-22 08:58:53.139126,25.515955371330712,7.280438823001798,155.74187323583038,33.45513051570371,49.88221799777224,0
2026-02-02 07:43:53.139126,50.68681179217367,5.870366212121463,210.8643483994497,40.71240624266674,84.2174616328847,2
2026-01-16 16:08:53.139126,26.200291455386164,6.8918892498881315,146.2485982156926,32.26171198162998,52.82308651127087,0
2026-01-31 19:48:53.139126,45.30457404016652,5.260953632516182,220.53258936131976,38.861416951251954,70.2417843548708,2
2026-02-04 21:53:53.139126,46.4888587651551,6.255217935449886,198.8169669501689,47.50419533180352,95.30798676628434,2
2026-02-04 17:08:53.139126,49.29381110678521,5.5486687505902745,173.30284110719234,53.34264484876734,74.53470919726448,2
2026-01-31 11:33:53.139126,27.805117626046894,6.30645399357688,146.57676107616797,39.387945355539976,59.305996925205335,1
2026-01-31 17:23:53.139126,26.183425987395328,6.217089683899099,156.33559621589424,34.23533078341283,56.0547169815687,1
2026-01-31 03:03:53.139126,35.29872137128264,6.611493135935301,164.93384624664517,42.06085706881343,61.0432530298921,1
2026-01-17 00:38:53.139126,22.73251663665177,7.1227700294180005,144.27617968854523,31.991272549065012,45.90865784716804,0
2026-01-23 01:18:53.139126,27.543279243563795,6.861827460430051,155.15820172969646,30.527131528591603,41.893571973532154,0
2026-01-22 09:28:53.139126,25.30140606195221,7.100054872301917,158.66408958311555,29.234867555726957,50.68630163629279,0
2026-01-27 11:38:53.139126,34.96051015670532,6.003892377398124,150.80292624552436,32.7797980575166,52.09570166329169,1
2026-02-04 13:58:53.139126,47.08257958917285,5.2387564224957215,182.83750743234287,47.12377390434681,86.78368906685263,2
2026-01-26 10:43:53.139126,19.198966395883165,6.861546525240882,152.8728132555883,32.4485742083259,36.845263094895536,0
2026-01-30 21:33:53.139126,40.08359280986595,6.179525069418842,183.49209116904603,31.132394063314997,58.52022033167033,1
2026-01-26 04:43:53.139126,22.196105856399654,7.062398265829581,133.96185589896575,30.449052405532132,49.160977807424274,0
2026-01-31 00:03:53.139126,26.239107055930884,6.843769580082139,192.54683181373312,34.865040087455235,64.15947795959923,1
2026-02-04 04:38:53.139126,51.77034890707291,4.560884200077162,192.6078777720262,48.50764609721961,71.64666756688807,2
2026-01-21 01:33:53.139126,20.674302290736964,7.0238149854021605,144.20488063471544,36.85856696106781,44.73507355364829,0
2026-01-17 11:43:53.139126,29.579872927183843,7.607941466237625,150.34672142831377,36.49498737968759,52.38393719129238,0
2026-01-29 20:53:53.139126,30.098231915202664,6.800868525763964,185.67763771085248,34.15929073200395,53.98355785201353,1
2026-02-02 11:38:53.139126,34.30070296397922,5.385839595600095,183.07974203020845,40.08901969994264,68.02260513885581,2
2026-01-19 09:28:53.139126,26.70991966558026,6.618187819787185,128.76328709591758,36.29228947615147,45.90014909535077,0
2026-01-26 19:03:53.139126,31.13563047579442,6.70440396008444,176.81389158109826,40.58202785321938,58.34914088934786,1
2026-01-27 00:03:53.139126,29.455328169987514,5.931740124045121,149.31581930899347,38.74130909004937,58.902450961067,1
2026-02-03 16:08:53.139126,41.922617141414435,5.729316229431007,198.198245240897,41.91466480794875,84.1750193038524,2
2026-02-02 04:48:53.139126,41.3863605239842,6.321086463612996,180.03002906706766,37.697652533464414,85.0784838521569,2
2026-02-04 10:58:53.139126,44.01330478526977,5.139826695834734,170.88810121206774,50.45141625077484,74.66071024407317,2
2026-02-02 23:33:53.139126,42.184395015013706,5.973445126908909,202.71239135677519,44.214239731449055,65.1370491787208,2
2026-01-27 07:38:53.139126,31.53420544252572,6.3457256359966445,148.13392364977722,35.88033200959205,57.46866101465459,1
2026-01-29 23:23:53.139126,30.205392104802623,6.38054632925294,178.90008383379447,40.51362813086527,67.00025842101456,1
2026-01-21 03:33:53.139126,26.558376234620813,7.087565191387036,163.57074332597637,35.2904706451306,50.124699612521646,0
2026-01-18 03:58:53.139126,21.86107508657583,6.9743025967846455,167.17616559260742,38.20692260890387,50.87086020583212,0
2026-01-25 13:38:53.139126,20.557536721553774,7.136770091780026,148.14029114482068,32.32378891250694,50.4286048240587,0
2026-01-16 05:58:53.139126,26.79745200671531,6.718730702290846,152.57465358323935,39.68815831685542,49.744196128819354,0
2026-01-18 01:13:53.139126,24.404316627659803,6.976631290524837,154.40818313901232,31.073570913759205,48.60975527060627,0
2026-02-01 21:08:53.139126,34.63102513627074,6.117251381261012,201.47856742297344,43.76968905313846,85.61192037952705,2
2026-02-02 23:43:53.139126,44.244164629519844,5.954060218139681,218.0975734332089,37.14674829252639,91.76698003786727,2
2026-01-17 19:18:53.139126,22.16798662455956,6.883629617353778,139.34795512317615,29.59847020905354,47.92516120121866,0
2026-01-16 22:48:53.139126,26.387918476073164,6.991802484667096,151.88355229157605,34.85339636441745,42.61031221075166,0
2026-01-27 02:53:53.139126,27.478677416398224,6.378284572472701,156.22371520619328,38.06645817993524,59.54120169506646,1
2026-01-20 18:08:53.139126,26.168686875622388,7.070489437242952,153.37201330309404,35.630033742630154,43.12928412256028,0
2026-01-29 18:33:53.139126,32.44863887141723,6.562221789174202,167.59949540587982,37.534657798770915,60.927109328521624,1
2026-02-05 21:38:53.139126,43.2755481665015,6.221096153794068,217.65155371374638,46.17903059433133,66.78202856550523,2
2026-01-17 12:18:53.139126,22.840204097796438,7.095951171801864,140.0094085742369,39.52117854550727,48.753143968282316,0
2026-01-21 02:43:53.139126,25.138262425876572,6.94079122375722,147.72460492689757,33.436543798451346,42.36718506457251,0
2026-01-17 00:18:53.139126,26.613260272891072,6.959571266905907,156.6562843843372,32.822077270588586,47.411450547319674,0
2026-01-29 16:33:53.139126,23.05872618847454,7.013901352564797,146.61927060179949,35.017848471490296,62.44092499208947,1
2026-01-28 09:18:53.139126,37.96073497526805,6.589818283827281,174.66729595406284,35.84866241309886,50.651940207684625,1
2026-02-04 02:13:53.139126,45.56386177740336,7.085547434153301,199.46906362482582,44.345564652497956,79.96578380641135,2
2026-01-21 23:18:53.139126,26.241563016969664,7.050377414697346,162.9111598695458,38.12580442632638,47.26309736425484,0
2026-01-28 04:23:53.139126,29.22813829480151,6.494165340617034,174.04199910234396,37.0418703721146,60.000964025126436,1
2026-01-22 02:18:53.139126,19.533119629427375,7.12886909741978,143.48742897654986,32.335166437893236,47.79253139971867,0
2026-01-20 06:48:53.139126,25.94160873891456,6.973564754499407,162.34251625782503,33.51334409922056,51.51086387528628,0
2026-01-19 00:03:53.139126,25.25735807498579,7.490110206920487,130.43291413530838,33.9655526971544,47.84917396720756,0
2026-01-22 14:03:53.139126,26.58701256132014,6.855229735972913,136.52846199355176,34.284518131002876,49.9095184124239,0
2026-01-24 18:33:53.139126,24.75248330028118,6.708454859446858,132.2573022030717,41.39262424314293,44.44005680074442,0
2026-01-26 13:53:53.139126,29.911230286178455,6.6319411147295195,176.2801542475601,43.78342490532177,55.99452636080479,1
2026-01-31 18:28:53.139126,46.21400365797309,6.860049758053318,194.8106746785586,41.505932396381205,62.63058052183803,2
2026-01-23 02:03:53.139126,19.034152283899754,7.328831871179111,144.01895880230649,35.456108629734544,49.823823928887386,0
2026-01-29 18:08:53.139126,36.826141928555145,6.570010345765087,176.73063790296436,31.99314648885167,65.45038412203671,1
2026-01-17 06:53:53.139126,26.645216465320193,7.037119442285872,151.82750780978077,37.084061841286484,44.92884529117476,0
2026-01-30 14:13:53.139126,31.82335398308828,6.115576991979899,149.45339421190366,33.2527683532677,57.63754732358028,1
2026-01-21 15:58:53.139126,29.775478022216905,6.740290644975577,162.7040914870421,31.307793907660294,48.21173820333174,0
2026-01-25 19:33:53.139126,26.40873889187565,7.155276233247972,147.53435216131606,27.55763602926242,47.843728471340896,0
2026-02-03 17:48:53.139126,42.207521852903454,6.227129373128974,209.025549414292,40.89531573128575,68.5890341464611,2
2026-02-05 02:28:53.139126,44.47503289505824,5.536031277772089,180.832183959879,42.48484825029185,88.03790216833578,2
2026-01-17 18:33:53.139126,26.50384220688386,6.706752080235504,145.77663855456086,32.978613127383305,50.541447556093445,0
2026-01-29 00:58:53.139126,37.80244296358994,6.0747651069335005,161.1625258897552,38.15364648874412,55.55809234474077,1
2026-02-05 14:38:53.139126,42.35184730649581,6.18054330769738,173.63882466688713,44.89935133290575,74.63738999324127,2
2026-01-25 18:38:53.139126,26.23991213625531,6.984561655173633,143.95184631429524,31.676019273927324,47.67146984093996,0
2026-01-21 09:28:53.139126,24.995052294425058,6.951301723995576,158.76067220319987,41.818468781889834,43.86484026863058,0
2026-01-28 16:18:53.139126,33.00778562496517,6.71600188959912,158.86864636190128,31.59459208615839,62.18840443032212,1
2026-01-31 14:48:53.139126,26.09805564238824,6.47843988671573,171.1964544820086,37.37832213018471,59.223764360197,1
2026-02-03 13:53:53.139126,46.447347690335285,5.261313575731278,173.71783353731308,41.187191205858966,63.34549994154079,2
2026-02-04 09:53:53.139126,54.562070150713026,5.357046935318379,198.3464240174713,49.74042079716591,83.21046807331443,2
2026-02-04 16:53:53.139126,52.971190545819944,6.857418731629274,190.48725788294638,44.18422716857257,73.09578122711841,2
2026-01-18 21:08:53.139126,28.620405992970806,7.345952558770691,145.1354602176266,35.73044618861863,52.44276323900107,0
2026-01-22 05:43:53.139126,23.427188386873333,6.811789180836678,142.15539272324307,38.96788211012882,45.602258965627634,0
2026-02-03 17:28:53.139126,48.52419368144041,5.697729814868878,177.01529116036573,45.62370323618181,74.33859402233972,2
2026-01-26 14:38:53.139126,26.045531776149495,6.173047566978453,153.75472371725928,38.344696768946484,44.67557487510193,1
2026-01-24 14:58:53.139126,25.679216240902587,7.006626899372899,154.84307950755036,34.81866239045032,36.59052688289674,0
2026-01-30 05:58:53.139126,34.38164908349487,6.741219509834649,159.67063822341004,33.61149743922743,55.32264131429772,1
2026-02-01 13:28:53.139126,43.26736002479134,5.440682022946149,225.7397120365428,44.63400934992509,80.28590067654281,2
2026-02-01 23:08:53.139126,37.85937071749601,5.632413099293088,200.22867472203166,44.271688294863424,81.13355096395061,2
2026-01-28 23:13:53.139126,29.920357743318842,6.608108636651882,178.09571963258844,31.78337981981207,50.90339410675628,1
2026-02-04 14:03:53.139126,44.08586021475505,6.235072288705592,207.83800372190035,46.22863486268568,70.00510373968221,2
2026-01-17 08:48:53.139126,26.599037658438437,6.967689716764106,154.482279231661,34.09365149677057,44.68819152357129,0
2026-01-20 12:28:53.139126,24.459698097358157,6.9924518118391195,151.6852038759298,34.22503999526871,52.37576602946546,0
2026-01-23 01:28:53.139126,24.09505525203403,6.746937084745502,157.1402298994568,37.723499033121556,49.259637562654106,0
2026-02-03 20:03:53.139126,47.945002687756315,5.499204083112026,203.15511266865855,37.84633983494834,83.28786540894126,2
2026-01-30 20:18:53.139126,33.484480577279044,6.462827431496105,138.02965974335,39.520546152682265,62.73519339524383,1
2026-02-04 15:08:53.139126,42.403716746038526,5.230504119412986,204.1104759637306,37.676977893007084,67.38778834662773,2
2026-02-02 07:38:53.139126,56.01393284794795,5.625199230575704,210.35722706409288,37.34978145027897,77.05592057947278,2
2026-01-17 07:28:53.139126,24.701537778113018,6.989239596771564,141.54525424302065,37.30175256650651,50.168901132172834,0
2026-01-27 17:43:53.139126,30.179083866012796,5.936030946646207,147.97930314870186,39.85139347462859,70.6474385760117,1
2026-02-05 13:48:53.139126,52.542424223310945,5.29465255158294,210.45576760107636,36.796650127859024,79.75718693201587,2
2026-01-28 15:38:53.139126,32.021323519865035,6.8021604872553825,178.42289707539626,38.371660982485075,52.68769688268413,1
2026-02-04 23:03:53.139126,48.19917058736317,5.473788890187487,172.28958614080992,39.240395146571366,73.38314746293005,2
2026-01-25 00:03:53.139126,28.183609484933328,7.248641564903303,135.05506843694843,36.69431805183577,44.05646611231122,0
2026-01-26 14:48:53.139126,30.23259268987809,6.407679455214173,168.49682229391922,38.26425133235327,54.16203134658641,1
2026-01-30 14:53:53.139126,33.0578028681728,6.8920530782518075,154.28743272462802,44.14312626715397,51.740618482599196,1
2026-02-04 04:43:53.139126,42.65733173435525,5.649811308926792,192.73758490602637,45.0088610942341,70.40466537592357,2
2026-01-21 01:08:53.139126,26.59185468492461,6.756108892697474,156.24018652979424,35.966543772554054,49.00234755705148,0
2026-01-18 09:13:53.139126,24.495174206957298,6.990770856361804,150.48866389938306,39.367308804355204,46.389101320259215,0
2026-01-26 19:28:53.139126,36.3419878924286,6.673041994172788,158.24732348508905,36.79274454582777,55.77443638255652,1
2026-02-04 06:53:53.139126,43.62626627429573,6.055084204022469,207.6762685443685,40.31477999297142,68.22585537842248,2
2026-01-23 09:43:53.139126,21.883710254033602,7.075325863951815,139.0989655591446,34.24018869905042,43.337419250572346,0
2026-01-18 07:13:53.139126,28.6979115303416,6.948546287704938,143.67165485091013,33.63516923445507,50.61260675646697,0
2026-02-01 23:33:53.139126,47.41658661568612,5.845307499109791,182.0815499376012,39.91690871785934,71.21252898309982,2
2026-01-24 18:18:53.139126,25.01617472579616,7.281449895998948,159.2738325107122,38.95596591983945,49.24523788699955,0
2026-01-25 08:38:53.139126,21.886360265252105,6.902416652233686,140.1506597578732,38.13080062175347,40.42402605011124,0
2026-01-31 04:03:53.139126,29.440617658613515,6.288402735511264,165.89582584921135,39.355469225545136,59.08555096135521,1
2026-02-04 18:53:53.139126,40.289927799223896,5.660144339900025,204.04633207269282,34.9959396142259,55.01598937150118,2
2026-01-31 09:28:53.139126,35.85395326568199,7.257597936840888,186.24474485924262,31.157607583125845,64.51215750913646,1
2026-02-04 08:13:53.139126,43.40488205228908,5.578243609938189,197.08899784772632,42.620620349969336,81.8918377573301,2
2026-01-24 05:03:53.139126,26.152168228018095,7.17894302591468,144.6109938962801,32.36648705867151,42.44230159596412,0
2026-01-28 10:13:53.139126,32.677497298174735,6.872831654575642,148.00868785977815,34.110405624537435,54.73127167125085,1
2026-02-01 01:18:53.139126,46.94628413218056,5.493277392307095,169.64837288453379,40.782731652092416,76.71255327822443,2
2026-01-24 18:53:53.139126,25.51629721543041,6.9137184534995715,154.7822541259506,36.008302257163905,42.29069719410759,0
2026-01-28 16:08:53.139126,38.34964325779631,5.93116903374806,186.63993900629924,40.23207306807212,56.83557977448102,1
2026-01-21 04:38:53.139126,28.392486884004864,6.492198751142453,119.60875456529584,35.366205551124835,46.88622973439255,0
2026-01-29 18:53:53.139126,32.543690769440204,6.288283288202236,174.7504616421124,35.770585549861295,61.50511549438727,1
2026-01-30 00:58:53.139126,27.29913917238001,6.826160627439259,169.0603768390683,38.6715883963489,58.63666765896941,1
2026-02-03 20:58:53.139126,42.63108363824786,5.041083840936325,219.87625567516582,39.52511703251938,60.81296933669665,2
2026-01-16 12:08:53.139126,21.379805917549962,6.845745854593949,167.42996869070635,33.61127970607013,48.79712939456293,0
2026-01-22 10:18:53.139126,17.877517288205865,7.167366145626855,117.9248732885793,31.76839007457733,44.48059655470051,0
2026-01-21 07:03:53.139126,24.193926283003435,6.8247909998569005,151.3023104842551,35.14713064510893,47.95301537511584,0
2026-01-24 10:38:53.139126,24.37679449226483,7.033268598134709,154.3886201283067,34.0433710580922,45.71296984386932,0
2026-01-29 13:23:53.139126,33.340649574151705,6.787898649135435,172.9467199938321,40.303507148517824,54.84883082256161,1
2026-01-20 09:13:53.139126,27.115314424525803,6.595812368781964,159.77147217841525,30.681418142828992,43.508242741634426,0
2026-01-25 08:18:53.139126,26.807184285617872,7.034983772689465,154.79679567457902,31.139980473080072,44.0785778032354,0
2026-01-25 21:18:53.139126,27.73021203474396,7.051996645023611,146.9989374833366,35.375144712323056,44.91820264516185,0
2026-02-04 21:33:53.139126,40.188216432890705,6.326081306644173,186.9540603796763,40.41617291993285,82.4163285169019,2
2026-02-04 03:03:53.139126,46.112035458409125,6.763890485012228,201.96094807316015,45.28588629733988,81.65266457180829,2
2026-01-20 02:38:53.139126,21.4643677041804,6.842544084363353,161.10854475191712,39.72758498553839,48.051675673236375,0
2026-01-29 16:18:53.139126,34.1509909157207,6.786140219825049,165.22320890967268,50.60381536090694,52.173046863842806,1
2026-02-01 15:13:53.139126,44.891208464617094,6.819211435069085,192.4932790523325,39.100562402007206,89.90357102576635,2
2026-02-03 14:23:53.139126,45.58153360065389,5.031866552309029,176.1759267101917,46.532104344798576,71.0529436900975,2
2026-01-16 07:18:53.139126,25.55818633125124,7.061003464176656,156.082920502827,35.938103232491784,39.54315663416341,0
2026-02-04 11:43:53.139126,53.67288631558077,5.854296825026914,216.24480607338774,48.07762383564765,78.66601473067924,2
2026-01-29 14:08:53.139126,40.34752449134107,6.818004379340604,153.66618809721635,39.57726477177603,60.16002546137817,1
2026-01-26 17:38:53.139126,30.690885437374654,6.185774019566874,150.0746644746318,38.65392861804626,63.152779564910155,1
2026-02-03 02:08:53.139126,41.33497853419592,5.41044436110872,216.2352686008698,43.79471799741411,67.4975855390373,2
2026-02-05 17:03:53.139126,48.231342448681055,6.237161075513863,214.50465116888518,39.466237033812405,81.84198840973411,2
2026-01-22 03:08:53.139126,21.041046408973493,7.08006857165441,167.10838360690744,28.128898399329994,47.419360281392265,0
2026-02-03 20:38:53.139126,49.21142305192088,5.437637499304229,230.98699188666538,45.58116266605296,78.18695288983609,2
2026-01-25 21:48:53.139126,28.165951303487184,6.895239725342906,137.0701698137072,40.2626327700911,43.32599523212631,0
2026-01-23 17:33:53.139126,24.368589289047005,6.981649869142821,160.8889807717901,34.335049446348464,42.558512028614935,0
2026-01-16 15:48:53.139126,20.907177818994796,7.105390657653257,125.36094493987167,37.4747114239291,44.791973654209976,0
2026-01-30 08:13:53.139126,29.8203326267369,6.4097543382833875,170.65289999627888,37.20344900909501,63.47053777356571,1
2026-01-24 16:48:53.139126,27.639916741312458,7.025542970538967,160.5460427678075,37.193788332831026,40.377867380528464,0
2026-01-25 00:13:53.139126,25.03420054026757,6.794546883701286,153.34368241430056,37.55757274694986,46.42245736831159,0
2026-01-31 00:23:53.139126,25.490521970947977,6.395263195558804,164.7847670051558,43.87689777741419,59.244599392132315,1
2026-02-02 15:18:53.139126,46.71774369976921,5.752715840034898,211.6123446835265,49.826489410247476,68.85439135677522,2
2026-01-30 11:28:53.139126,36.35212980805651,6.5880559770105505,174.36281345610047,40.655541234206815,60.53255799622916,1
2026-01-25 03:53:53.139126,21.443194368679784,6.943033240486897,138.3583838434141,36.90708364110356,44.71978477408138,0
2026-02-05 10:28:53.139126,53.332897623698535,6.1618914916752585,167.20990538621606,42.06692269217617,83.84757084958356,2
2026-01-18 13:28:53.139126,28.336416691660315,6.749183005146847,158.573499394725,38.020059343157946,47.17230439732868,0
2026-01-26 16:23:53.139126,40.55186819149865,6.550791052756608,165.55081317607593,29.759231876064135,45.578773673382166,1
2026-02-04 09:23:53.139126,40.993046183217984,5.838751843532306,207.4934155599167,40.004377521829454,66.79214805377899,2
2026-01-19 21:38:53.139126,24.33418666731041,6.7688589731988795,151.40814227036643,36.94098438249403,35.29438123850956,0
2026-01-31 23:43:53.139126,53.638239193470895,5.863445044013391,194.08794270234765,43.413515328312336,79.07953969457353,2
2026-01-20 21:13:53.139126,30.804754824971702,6.92306474859466,149.2562762502012,32.163908233888705,41.345654999167806,0
2026-02-05 13:58:53.139126,39.64598451543785,5.853632082381827,209.55866065777388,44.711703333916674,82.99098490427964,2
2026-01-16 08:33:53.139126,25.41035478887919,6.745228197459312,151.52467104492675,35.15957631080468,42.52963938860163,0
2026-01-22 18:43:53.139126,26.677612607689824,7.127499374116126,143.04031978386016,34.12191895386243,47.642935728579545,0
2026-01-31 12:23:53.139126,36.962570728259486,6.375394445132139,151.54086434722473,42.412790746572625,53.99740718134888,1
2026-01-31 01:18:53.139126,37.71356510000626,6.511300490418253,165.162292077683,37.589426136761666,50.622120226700126,1
2026-01-22 05:33:53.139126,28.016801328783252,7.121709500008184,152.0857309477904,35.60072251180687,50.108995350527294,0
2026-01-18 16:28:53.139126,24.69227839281544,7.073767270190959,145.78400921765007,32.6649844645728,39.19702823645905,0
2026-01-30 06:03:53.139126,28.227194482269343,6.413484428379838,168.11201202478898,34.30364421489891,55.17293309787083,1
2026-01-19 14:18:53.139126,19.87537100077929,6.84388024760743,139.38902333192257,33.827684583129816,46.336308008449606,0
2026-01-25 08:53:53.139126,24.583413610549243,6.992433543868302,119.02487838101813,33.07009975460853,46.99000702552464,0
2026-01-20 05:43:53.139126,26.52488692310765,6.526643102486691,150.15362728441954,36.087494000168384,42.22009300588703,0
2026-01-31 02:13:53.139126,30.892537229378448,6.290679642485242,175.49327571154902,38.007226333050056,55.92957820694952,1
2026-01-25 03:18:53.139126,28.08787652257595,7.2583976161101065,150.65270308153302,40.18268722345957,47.5780351364707,0
2026-01-20 00:18:53.139126,28.818987363470495,6.841695518721879,147.5738225615426,26.813348423797283,42.736275330357564,0
2026-01-20 09:58:53.139126,29.55364059132561,7.060286996402089,164.9667817174289,33.43363091323591,50.068252093608834,0
2026-01-30 02:58:53.139126,35.05201285064821,6.3610401866489585,162.18849672720702,38.609839935399485,59.65519387866321,1
2026-02-03 18:13:53.139126,51.239672207421606,5.813522402201202,196.69657763992493,40.20648524244293,71.77505115383815,2
2026-02-02 06:33:53.139126,51.63536899668946,5.691002451876047,214.3336355880323,41.97054008395584,79.06635025215527,2
2026-02-04 17:28:53.139126,45.616423594708984,6.564958412349057,194.0245431381984,41.355284609048354,70.98567419211956,2
2026-01-27 17:48:53.139126,31.914700687445794,7.049878328106265,163.43372331249873,37.66473672551635,68.7188647088705,1
2026-01-19 13:43:53.139126,23.511497357470713,7.11006527488334,137.67754005138283,33.352819262648374,40.76788763970089,0
2026-01-31 14:18:53.139126,36.17353673690435,6.247928891359052,148.35181820888815,37.76115867965494,61.19154601780123,1
2026-01-29 09:13:53.139126,37.235672443211165,6.404843698153576,140.7956176913048,45.98376663446543,60.34199318714351,1
2026-01-30 02:28:53.139126,30.96620320634774,6.422675338502621,154.12808228760488,36.951603687182086,65.63710342320873,1
2026-01-25 10:13:53.139126,25.12041507597118,6.745621039024429,154.05009614472104,38.03545094337173,42.218987752570065,0
2026-02-03 03:23:53.139126,49.62462685386934,5.794096058098048,204.34131146919742,32.83846447732039,84.05040343834847,2
2026-01-21 13:58:53.139126,21.159826217431984,6.850959199360158,161.8358890809868,40.09835787478523,41.40301637232921,0
2026-01-29 16:03:53.139126,28.409510734613452,6.81629181068759,156.54719255599494,40.17342317300603,68.9528820999866,1
2026-01-29 01:18:53.139126,32.23135840933994,6.869861646986181,149.73615120659687,36.49767149106003,57.95634156149084,1
2026-01-28 20:13:53.139126,29.229348386785766,6.4505995649281065,176.97427346637372,38.07541845801494,59.2867713182093,1
2026-02-05 01:03:53.139126,52.06489759460466,5.687119020597217,205.88484371095876,39.014967297742224,66.09043623722961,2
2026-01-22 10:43:53.139126,25.651524498666337,7.402810501769566,144.9372499674212,30.06607511755088,35.60543727523473,0
2026-01-20 18:28:53.139126,23.338497267115677,7.0775996705391995,138.50190242793408,26.789710168832737,48.5642864757719,0
2026-02-05 21:08:53.139126,57.22811517703741,6.494606898989179,204.07745581239814,43.10710345978559,61.426845568284236,2
2026-02-02 23:23:53.139126,48.31854479317793,6.514017694204755,190.1458646712232,46.74135074686278,75.94345622672384,2
2026-02-02 07:08:53.139126,46.92753867812793,5.471120253744884,190.39485989073805,56.140424985760305,86.31793018269899,2
2026-01-17 15:13:53.139126,26.783494670698524,6.831115345914822,149.59513782005328,34.53884443582038,47.51410174112045,0
2026-02-05 17:33:53.139126,43.587347543817735,5.830999095914551,206.47489051898708,48.9632778607575,61.97394447848389,2
2026-01-19 22:13:53.139126,21.59531605875316,7.237254333959007,160.63288571737465,33.37907268980353,44.74497781515809,0
2026-01-25 06:18:53.139126,25.597316673398442,7.213035438900561,142.64974933964413,37.48394407410081,44.029502606307304,0
2026-01-30 17:58:53.139126,30.77915264333102,6.505844862327416,163.6491140551864,39.08667257390406,61.24234873114561,1
2026-01-18 08:38:53.139126,25.052047799392216,7.204869700665972,140.1206171755781,38.34636371574428,44.59097232029045,0
2026-01-21 11:23:53.139126,20.588041207166263,7.129268428422326,152.9152306125495,37.43385723886788,42.29141427584356,0
2026-01-27 07:48:53.139126,35.49773068373828,6.549593225071277,156.89760622244864,35.34598648899596,52.57037781802705,1
2026-01-31 16:43:53.139126,25.60694973166116,6.503210760875735,147.92244957884333,42.27809793857319,57.199507342268426,1
2026-01-31 22:13:53.139126,42.53191856062158,5.5822737744617745,201.2016356553798,49.64550190561745,83.94526009128872,2
2026-01-31 23:38:53.139126,40.27259889373904,6.132401466763526,177.33062439732075,49.49778283531377,63.621293801212076,2
2026-01-30 11:58:53.139126,29.424565739885228,7.190124248572427,166.89116550313622,47.3502914181581,64.2708338089317,1
2026-01-26 00:13:53.139126,27.36771192846355,7.214267895983778,151.22686367727255,38.573664501211546,41.28578700661657,0
2026-01-28 06:28:53.139126,29.783736632520075,5.884304544217745,165.04049001726855,39.65249446278197,54.89163682910019,1
2026-02-03 19:13:53.139126,57.7967291299446,5.410497160284073,175.24271687779242,41.725474438240774,69.15129342968278,2
2026-02-01 09:23:53.139126,27.839714147887946,5.975273601837928,173.13898502506112,46.87652642225869,76.70377318379137,2
2026-01-18 07:03:53.139126,23.90290642648741,7.214316987183863,131.5050330642584,32.82550677162996,44.737724254966736,0
2026-01-18 10:33:53.139126,27.030734344820104,7.016817760264268,146.20577851254419,32.51018422813403,41.53422378246842,0
2026-01-20 10:38:53.139126,27.138823458682126,6.753405701127222,150.52235714028927,37.98154023047345,43.798470852675294,0
2026-01-30 07:08:53.139126,29.81806045917678,6.555717245257617,181.98143393767876,28.895845413830965,58.40852582121348,1
2026-01-17 18:43:53.139126,24.469927398023245,6.830583399783044,149.61475802718851,35.49291380196226,48.273785135458354,0
2026-01-21 14:33:53.139126,24.89726347795267,6.9558950788907605,161.0473430893448,33.601334273960134,50.15031092291486,0
2026-01-30 19:18:53.139126,35.126997849437224,6.372785522568215,150.74360323960394,41.45555359322558,50.670072785020864,1
2026-02-04 08:28:53.139126,43.58750733666987,6.148915815419734,208.69985500021332,38.02456920999687,73.84222532351201,2
2026-01-30 16:53:53.139126,32.57564766370101,6.578075411237428,151.9395464133332,41.36996009651618,61.11285132593286,1
2026-01-21 04:23:53.139126,31.15662807871878,6.94877544503881,133.60198388286554,34.02146503037517,42.65028478632688,0
2026-01-26 15:53:53.139126,35.58278784279056,6.0647948727082435,159.59299970546854,38.56400766541384,59.92178354009881,1
2026-01-31 15:03:53.139126,35.926334679733536,6.649871649199401,170.6150285392364,39.27526789121053,65.05581032894494,1
2026-02-01 19:23:53.139126,53.65898416172144,6.646738495675644,205.45068710408873,47.76358751418628,83.83801356290981,2
2026-02-01 02:43:53.139126,46.49346912045409,6.113412780073499,179.1919058553014,41.091831018040004,78.4911531987468,2
2026-02-05 20:13:53.139126,45.313968428154446,5.363383039955974,214.72180623585206,43.08111289005451,59.275852636988915,2
2026-01-27 11:18:53.139126,38.86162186217859,6.4351517473161906,155.6619847309938,34.48674841494853,57.57932864296955,1
2026-01-27 08:23:53.139126,30.994238298329755,6.559016073926042,177.88228462897513,31.550982225445242,52.27180360278768,1
2026-01-26 23:28:53.139126,33.62341898205165,6.735011720949326,158.66288268981282,36.94131921412893,55.77088941092593,1
2026-01-28 21:28:53.139126,32.02773816747175,6.36436206914015,185.64231442778978,39.102959280778926,56.543394374690806,1
2026-01-25 01:23:53.139126,23.77171073134068,6.7810818275711595,142.80178012116292,40.394082368253166,48.82706615677568,0
2026-02-03 21:23:53.139126,44.77544816501908,5.366491519844217,188.58824046432179,42.54914694138726,75.79558821362328,2
2026-01-16 06:38:53.139126,25.420065317717157,6.998247977502959,165.77015081638123,31.83115993359555,40.94440709407523,0
2026-02-02 21:38:53.139126,49.96822142720971,5.892025673973605,182.67192584062485,44.12887745593927,86.1730023995953,2
2026-01-30 17:53:53.139126,25.54181309973842,6.280810736114575,167.1913500223027,34.33665798837383,55.98677565445308,1
2026-01-19 02:03:53.139126,25.336389112608384,6.688760178985001,147.89767398041263,39.94971632713936,42.11784651986578,0
2026-01-27 07:18:53.139126,33.15234365329311,6.357344874347928,180.49275016182972,31.245951551804364,52.69522971819102,1
2026-01-19 19:53:53.139126,23.827018850479337,7.006662775048149,155.68108004059835,33.25144152270117,35.39142993614502,0
2026-01-18 14:28:53.139126,25.484314736122304,7.003444946344034,157.7723259052944,36.31915936700852,51.51028498961709,0
2026-01-23 17:48:53.139126,23.36212420019731,7.105354507731945,148.25108363762368,29.154393231339064,44.43584362368897,0
2026-01-25 05:48:53.139126,23.310751429712944,6.872336461840035,168.8671280376453,36.03680409633753,43.930244818187504,0
2026-02-05 09:53:53.139126,48.28796920468656,5.0619515385739575,217.89201370302254,43.843057720295576,75.2094785686261,2
2026-01-21 20:53:53.139126,26.35498594064905,6.88868492769928,169.94352869228175,32.05201441589543,43.85980774996158,0
2026-01-21 20:33:53.139126,27.42471895122611,6.825007586682914,135.58432693206785,32.91786929728871,48.23548714529279,0
2026-01-24 12:38:53.139126,23.542082940795265,6.868300207371619,150.00854644227707,35.48233115818543,47.85513209810622,0
2026-02-04 07:03:53.139126,44.456911918235335,5.590750587642532,173.24062390960168,38.74038147834302,72.34464757878118,2
2026-02-02 15:43:53.139126,35.98258606374518,5.624716834882523,192.9281523222547,40.737994940475104,60.63397913104046,2
2026-02-05 19:38:53.139126,34.8909094198499,6.544885040181481,231.0366723837089,42.591395251546565,67.43073772167004,2
2026-01-31 09:33:53.139126,33.67261032898487,6.900200296995392,182.7311585683483,31.196860456039637,65.44640711920641,1
2026-01-26 20:38:53.139126,28.353358783827222,6.906598560156669,186.42187372874676,39.609265193230186,54.88978251037438,1
2026-01-29 21:53:53.139126,30.418335707547875,6.290909271352559,166.75459498484554,33.40420451683699,65.54130469157661,1
2026-02-03 17:43:53.139126,49.96752001293949,5.382406220567527,200.19314344661478,40.53499924737241,63.9996618189879,2
2026-02-05 12:18:53.139126,46.9424793442488,6.191759005756166,170.1787680548831,35.68394436293251,72.2376506707148,2
2026-02-04 21:18:53.139126,48.03834468023018,4.769521609414771,200.68308786825278,42.625531018157055,78.74329313907616,2
2026-01-27 04:18:53.139126,30.77633149252744,6.3202672486398175,164.61162203952077,40.93131226349584,53.15440838933737,1
2026-01-29 22:58:53.139126,37.506114615436324,6.7219154920159525,149.78430853250092,35.4252113142751,46.54143640933839,1
2026-01-26 07:03:53.139126,25.120220829407884,6.822698025326493,143.69876663286897,36.74776530857553,37.5695190568217,0
2026-02-02 06:13:53.139126,40.923764521739166,6.436713036982218,200.05625674747006,39.77247905458818,75.29365580520809,2
2026-01-30 21:18:53.139126,27.69190585463741,6.028463775589754,141.4404171005038,38.35682981398585,56.84788729319661,1
2026-01-25 03:43:53.139126,21.89372919775847,6.7997959367072625,130.65237645903696,36.5313672924004,48.82466709460184,0
2026-01-20 21:58:53.139126,22.20457207280257,7.283360013372775,148.7436948331944,31.90839341043447,45.46921942096734,0
2026-02-04 10:48:53.139126,43.62409609274068,6.004461746444602,175.60416352975858,41.91223328261145,68.53304261127226,2
2026-01-20 23:08:53.139126,20.77443454747905,7.090947463861223,147.6393358558754,36.134309487657035,45.806553058915455,0
2026-01-20 06:08:53.139126,28.05642870494222,6.859663863396243,141.19617209544924,39.27360166314857,42.09381939457687,0
2026-01-20 23:53:53.139126,23.39400776193607,7.056554535536925,143.59928325259924,38.73762369646624,42.103569095391805,0
2026-01-22 12:18:53.139126,23.366859596177374,6.8753668723794386,147.2659836770503,41.085881551544844,45.69672026923405,0
2026-01-22 08:23:53.139126,27.95047637274114,7.044456403279738,162.07857512391857,38.32929232917563,42.21176684719134,0
2026-01-29 20:18:53.139126,38.52595221104285,6.554413840097374,177.3744100822645,43.20654047157561,71.70284236179262,1
2026-01-21 05:28:53.139126,28.44456112606736,6.97608818016849,160.79563701040232,36.426936791370856,41.99488040202584,0
2026-02-03 05:23:53.139126,54.14934666888467,5.133432094811245,189.57371422631007,38.17123418627875,76.4450690012063,2
2026-01-16 05:28:53.139126,26.37532956187888,7.168333154041136,148.8073085563353,34.85786300034679,45.959981863931425,0
2026-02-01 23:53:53.139126,49.35746262688661,5.804739806743098,179.9648270509343,38.893713766783804,78.46579162598353,2
2026-01-24 05:58:53.139126,27.086677787565566,6.975726773923936,144.04680783782362,35.777540522235626,45.02482221528508,0
2026-01-17 15:33:53.139126,20.996139207325584,7.123981798532784,129.8711177051664,32.39517632785237,47.52166248205033,0
2026-02-03 16:53:53.139126,47.966198078319835,5.80436312697448,193.37620334509134,44.92133332438878,78.73685731243252,2
2026-01-27 14:33:53.139126,27.73842753790698,6.292099436263566,164.3462054484697,39.35055396527501,60.3952447352123,1
2026-01-24 07:08:53.139126,24.324086367719342,6.903365874465958,151.87778662973244,39.35582282320083,45.70856497911346,0
2026-01-26 13:03:53.139126,33.63894544436408,6.563882813500471,170.31388771934562,42.491225818196426,72.2872103769937,1
2026-01-28 19:03:53.139126,31.077866798061475,7.128914217340559,157.3526100023719,39.64204426099233,62.271311503622336,1
2026-01-23 18:23:53.139126,23.445412365129197,6.846382203562998,164.11109779383133,33.32979676512744,47.27857410106327,0
2026-01-31 03:08:53.139126,36.251119407687895,5.973016916147304,173.94257361175642,42.21158306419918,61.70886385529482,1
2026-02-02 22:13:53.139126,44.51852854938603,5.4375358665810065,209.8823315092413,40.219324369811574,74.20266715202392,2
2026-01-28 19:18:53.139126,30.017327177442123,6.292218540823738,147.91515036914043,34.74440590886521,53.64170592326185,1
2026-01-27 03:28:53.139126,34.15100521490574,6.637074071077632,142.85291679666386,39.62207380557062,52.118004985198084,1
2026-01-27 23:43:53.139126,29.886532774515633,6.722869760845847,173.58872163234926,40.841782950970924,56.120814828135764,1
2026-01-20 13:43:53.139126,29.76886302407114,7.077634056858401,148.3861225600382,36.02762021713091,46.525881785781905,0
2026-01-31 12:58:53.139126,32.71432232737909,6.884664234533446,163.20513755675438,38.67788030099035,63.14069484045329,1
2026-01-17 07:38:53.139126,23.954911013365553,7.08853350322131,157.05014979367886,37.43207651513355,44.12472886211487,0
2026-01-27 23:13:53.139126,30.030733352564447,6.959452902501311,175.247626424704,37.3765530920107,57.00898577433033,1
2026-01-23 12:38:53.139126,31.601468730805447,7.098955595346559,149.17957191296148,31.501267866460022,49.33718021306618,0
2026-01-25 10:48:53.139126,28.252913834834754,6.770132429637999,181.3279492833457,34.82015674991067,48.9756296578358,0
2026-01-25 06:13:53.139126,24.209044990762216,6.933306955817315,144.3219741372862,30.45482634446113,46.65125562578573,0
2026-01-30 01:13:53.139126,24.187231500237377,6.058677172521537,160.48019019129612,37.37615438246375,64.71554888925647,1
2026-01-21 22:38:53.139126,25.978965730777453,7.098578897778872,143.04712630890745,33.64832014724727,37.578315100570514,0
2026-02-03 23:13:53.139126,43.227361393203275,4.889758436510398,188.64437622125314,38.85312620861107,79.4716140060833,2
2026-01-21 23:33:53.139126,28.545812181168056,7.197921037663175,152.66964057514392,32.5658873382597,43.19792679994079,0
2026-01-31 11:13:53.139126,34.77863921799145,6.675617919951774,169.11026270276122,34.495111313232115,54.950655517875454,1
2026-02-01 16:33:53.139126,44.440766491063826,6.700695830182256,195.1141677970802,38.260612539378194,82.39997398893819,2
2026-01-28 17:28:53.139126,35.66405015588564,6.260043934289589,166.82911588581743,39.906897136894436,55.947566844409,1
2026-01-17 09:33:53.139126,28.4976963249815,6.636666679205703,144.36238952763006,36.81155220801795,39.27475234135122,0
2026-02-01 02:13:53.139126,38.04007857750144,6.140615031457604,219.52946756123004,45.20642244851144,87.17559856640949,2
2026-01-16 14:13:53.139126,22.020262877712366,7.251519897145901,159.20368176948872,31.184968095361114,43.608947438049434,0
2026-02-04 12:23:53.139126,45.67761093420094,5.804487748719514,187.33274885176704,42.691657583179314,68.95874337901581,2
2026-01-18 14:03:53.139126,15.455630582471743,6.973236953655283,153.57301978319157,35.97336927515872,50.17046296554382,0
2026-01-27 04:13:53.139126,32.76399746435477,6.186237155284483,181.84046673919462,46.58765849532481,59.51556152434202,1
2026-02-03 20:28:53.139126,50.1456057392637,6.367332884840928,183.24591344010602,52.70484294953808,85.6740027289698,2
2026-01-30 15:38:53.139126,28.30533942610091,6.431538007606404,156.46605433307096,37.6524827103712,72.09140982921294,1
2026-01-17 12:23:53.139126,27.33348106973609,6.816188274158531,139.4501530907121,35.65715820389116,40.664664448164636,0
2026-01-16 04:13:53.139126,26.24159743895532,7.237686289675753,135.28548128051398,36.69924158689964,48.60128334148608,0
2026-01-19 14:13:53.139126,25.305568068776342,6.950643332737336,141.83726095526208,36.41534282806775,47.00366677975854,0
2026-01-24 11:28:53.139126,25.971817757269243,7.042061394815721,166.206502775708,34.923614725701235,48.65590221260145,0
2026-01-24 22:38:53.139126,21.740894890235122,6.6570264835372095,143.93396276436334,33.03795345523542,44.17954211667105,0
2026-01-24 09:43:53.139126,23.518405353064175,7.160626843401951,162.96615591011727,30.49074566761588,49.72383020037447,0
2026-02-01 20:03:53.139126,36.59625180130535,5.125413039174938,185.1416317108079,42.19682577793953,72.97249160856758,2
2026-01-16 06:03:53.139126,31.70884602737892,6.969638589323273,157.82239105338383,32.31104505625922,48.53020215282911,0
2026-01-25 22:23:53.139126,28.380878936145578,7.202096518992209,155.15109681872752,37.95586652778406,37.99478321289281,0
2026-01-27 19:28:53.139126,33.38487645299362,6.138099084653241,156.45763320425212,41.740470564460296,59.96908344825609,1
2026-01-26 14:23:53.139126,30.80360235725811,6.408643303607714,122.28372561256847,39.648376605155654,58.821496273738894,1
2026-01-27 18:53:53.139126,33.93932540597941,6.248952188282111,180.19568390173376,47.551099736657875,51.191425096012544,1
2026-01-16 03:28:53.139126,19.235732191468113,7.061310884237911,148.3779376945224,34.54526127959841,49.8720644711348,0
2026-01-20 04:38:53.139126,19.44235010668319,7.125154133418806,162.36425232915417,30.685648638643823,43.27308051446833,0
2026-01-22 20:48:53.139126,21.87636791138055,6.678090771181599,148.2673410348176,38.474905178690015,44.00029668329699,0
2026-01-24 18:58:53.139126,23.690760198634607,7.123669296248385,153.98440065143598,32.50712440386855,48.34212951541412,0
2026-01-26 01:08:53.139126,26.90027324127761,7.3084873007093965,157.81281441681946,38.41935524764573,42.8052803354367,0
2026-01-29 12:38:53.139126,28.971186925378994,6.669716100268837,190.59328765698473,38.24064747958848,57.71030972641131,1
2026-01-19 16:03:53.139126,25.389402116460413,7.115089920689188,158.03741875088156,33.68278564367094,44.6092129818972,0
2026-01-29 11:13:53.139126,33.91883253577634,6.389262387487926,157.44572602108062,39.464120872816466,61.376114286940854,1
2026-01-26 11:38:53.139126,27.89838830279324,6.629643835016758,148.36618222479973,38.95262713215739,41.99804401783372,0
2026-01-19 10:38:53.139126,25.574499565055902,6.862685674864686,145.90316572257308,37.694627595883915,48.84909279163346,0
2026-01-26 03:18:53.139126,24.333092248968395,7.005952181987412,131.04619799551222,30.16286798294662,41.54839594317295,0
2026-01-26 13:48:53.139126,32.067908335403374,6.097900921829424,168.76959260572758,43.41738305167948,53.985538140150865,1
2026-01-27 16:43:53.139126,31.733354612405282,6.759279640441778,155.73196304749666,39.15879297521475,55.929992919103654,1
2026-01-30 19:03:53.139126,27.407689051774828,6.171597083025072,176.9323331826197,38.97796815178947,65.49216568152764,1
2026-01-18 15:48:53.139126,22.29150667844733,6.923003568006548,163.97569294817512,35.849085798256,41.00991273568388,0
2026-01-21 02:33:53.139126,24.44816240742596,7.189033723779384,143.9518019212932,35.740539415293995,42.0395969196704,0
2026-01-26 02:08:53.139126,22.482045241164258,6.899737648794544,159.27539444034542,30.968490408518544,42.09350839746153,0
2026-01-29 22:43:53.139126,33.40640944857459,6.727051255390486,184.5983993927246,43.49061151750031,59.00361528127113,1
2026-01-19 06:53:53.139126,23.344979096440316,7.155563516544734,159.32581685421658,30.938251129840776,46.2274242890474,0
2026-02-02 11:23:53.139126,41.057542597728165,5.675964220958269,180.69331837341358,38.46687028495734,76.62443575518262,2
2026-01-30 07:18:53.139126,27.48007842477773,6.963537386585438,154.55138861853635,43.05956499758884,59.88439017744062,1
2026-02-04 08:18:53.139126,49.62226052538525,5.023060284913626,222.5936995507358,45.239658080462945,69.2368920840423,2
2026-02-01 08:58:53.139126,49.397082177926514,6.342289442804581,224.28035507841048,40.69718418137245,78.27644773616278,2
2026-01-25 17:33:53.139126,22.900216522236043,6.955936867398975,132.90431387056245,31.83405694665885,49.26055886795914,0
2026-01-21 17:53:53.139126,30.995282147506245,6.9209377571257376,146.37838554329636,39.44281362047893,47.26776093010151,0
2026-02-04 18:58:53.139126,49.42608416967051,5.557007651774572,217.75534933524224,48.977488812095984,71.77085620626657,2
2026-01-18 22:58:53.139126,27.061294584720727,6.823027431228016,145.17352441440553,38.84220095208642,43.584013595756446,0
2026-01-20 20:28:53.139126,30.371665561555364,7.493759931432977,148.72066308522525,33.96422973931153,50.64542523709054,0
2026-01-28 23:53:53.139126,32.29551839488649,6.790421528674399,170.65805110554726,39.73016102750302,62.262784971680254,1
2026-02-05 22:23:53.139126,43.01962662248558,5.640500610428318,206.9206618760292,40.38783045781485,73.1461646021334,2
2026-01-19 01:23:53.139126,32.3808543893176,7.373766496980598,135.97027018198014,37.89315895832637,42.836061136891324,0
2026-01-19 13:53:53.139126,22.87286596962224,6.882732148729894,161.20074315747792,37.76795987160117,41.936928997349746,0
2026-02-01 06:13:53.139126,60.44963437071119,6.238496980200618,183.6736034635537,41.52599094892043,64.23948778007126,2
2026-01-30 09:23:53.139126,32.21308232253005,6.957805188151328,172.40299231130197,35.50218362781715,53.1697844703891,1
2026-01-21 18:58:53.139126,27.53427619419252,7.0806975457294765,142.38866432101992,39.84477319835432,39.6629096976336,0
2026-01-21 21:28:53.139126,19.709792222646705,7.043972548152565,148.11855550874222,32.261274983511655,43.77473027866236,0
2026-01-27 02:58:53.139126,28.886054673333046,6.477082021584487,177.1624014883999,40.795715858106966,50.27269591616279,1
2026-01-31 22:33:53.139126,38.821784017761765,6.21548113093374,199.173407420608,44.027948591420305,65.01920654509419,2
2026-01-20 18:48:53.139126,26.653623844184562,6.709405356257012,135.3487468741048,33.64499425822432,46.47901243007652,0
2026-02-04 23:13:53.139126,46.80449855229315,5.54481400533355,182.24209400331554,42.32362435766581,71.69959568098159,2
2026-01-27 07:43:53.139126,33.20386585751229,6.492703544176698,167.09876889937152,45.48135219932951,63.275296370248824,1
2026-01-30 17:23:53.139126,34.44445912207155,6.087130722444824,165.72882955995132,34.03704208826752,55.98951269795138,1
2026-02-01 02:23:53.139126,43.81552996869363,6.211332852314913,207.92962595919957,34.01521997764774,88.8537618003511,2
2026-01-27 07:53:53.139126,34.29831729184759,6.252193884749201,160.5286688378329,34.62704613222755,67.22159777512724,1
2026-02-02 02:58:53.139126,35.84033168995937,6.717462195179277,203.88586275849005,44.12744800258285,70.62034439857014,2
2026-01-18 13:08:53.139126,20.748118693458128,7.080536980371637,167.27749596785597,30.006028632030503,35.54385447700095,0
2026-02-01 16:58:53.139126,49.80564889054841,5.745034187962532,185.23611251414522,49.87106543595632,73.78366150030325,2
2026-01-27 12:48:53.139126,35.47888990732676,6.529036529457863,171.54819961331404,36.98772491745798,49.43712068321377,1
2026-01-28 20:38:53.139126,33.55134803359542,6.098790595304321,155.11718348261127,34.85340595488612,59.4776749115495,1
2026-01-24 11:13:53.139126,23.243930360678434,6.573289036458131,156.62255400776652,34.5459128943495,48.29119332721492,0
2026-01-20 17:08:53.139126,23.52493631366554,7.270114436856721,149.90560730626524,33.999873805978396,41.6920922229078,0
2026-02-04 12:03:53.139126,39.19361311009372,6.3304102021660515,214.03541261850435,48.13481000162938,72.992418520638,2
2026-02-04 21:13:53.139126,53.83997405081729,5.302219439324066,201.10336597784274,39.68852505791439,66.59021410213666,2
2026-02-02 11:53:53.139126,59.3318130270244,6.486716085544514,189.61429864787962,46.93776609058116,86.08595810696109,2
2026-01-19 12:43:53.139126,26.958005443185243,7.084696511253205,151.12620089846268,35.99970603686103,46.39421183170877,0
2026-02-03 23:53:53.139126,48.844111734777044,5.920293486006351,204.5849891092519,35.844281844776845,82.21035395488802,2
2026-02-03 00:13:53.139126,34.09959085396706,6.363956189501737,211.27837903240874,41.25021969709271,84.45167802919589,2
2026-02-03 12:48:53.139126,52.84788561198507,5.484399509493157,203.9995544277974,42.88688119717139,78.21443145482684,2
2026-01-30 03:58:53.139126,38.843772424161266,6.55749325431237,174.40328336479806,36.39818507450324,69.31508360337376,1
2026-01-28 04:58:53.139126,27.98722868074306,6.694242026469778,153.29798567550995,38.097860305960246,58.770831382039376,1
2026-01-24 16:43:53.139126,24.060207830207062,6.96520891026243,151.92826461777602,32.94792851092167,43.078729932048454,0
2026-01-29 13:18:53.139126,39.759533565661066,6.268358441912819,168.14474199625778,44.55851465401441,59.16453553142457,1
2026-01-20 06:23:53.139126,20.92656973189604,6.489289821638103,157.14781075767212,35.49887021827998,55.86914001874621,0
2026-01-30 14:58:53.139126,34.797086106310964,6.600115733987046,174.34193311338387,35.21588025611262,60.46190231833841,1
2026-01-21 09:03:53.139126,23.21425544867857,6.902404688614373,146.92897581894508,38.800857417414036,46.051883785768545,0
2026-01-22 08:28:53.139126,28.1339955896615,6.920372232507629,137.8971670581463,32.885650337696276,40.815348053012954,0
2026-01-19 15:03:53.139126,24.689824661624183,6.860507861501881,153.38031470940135,31.447009855135363,37.912741218657814,0
2026-01-16 13:13:53.139126,25.354881763432687,7.16075578167361,140.80887244136272,29.64378127876387,39.725377338123515,0
2026-01-20 20:13:53.139126,23.99987835876426,6.6712531281767635,162.3752849789651,34.45290395995027,39.97155686476788,0
2026-02-04 05:28:53.139126,45.91836284869182,5.765632890348563,184.96867451860842,42.37536856831504,75.52020603936546,2
2026-01-19 04:48:53.139126,22.114970435006537,6.961035587955964,148.9050125420496,40.13662392686728,38.46964955039858,0
2026-01-25 19:18:53.139126,28.22417535174998,7.128868470209396,146.22182498990327,37.4656836457809,49.754980374127214,0
2026-02-02 13:58:53.139126,47.788972346782074,6.1280594092950285,198.4427045874289,37.95793966262136,67.12934452915954,2
2026-02-04 22:48:53.139126,51.34646217710486,5.227852860975164,187.46993964794115,39.600747056048775,66.08818466880251,2
2026-02-02 22:58:53.139126,39.3500797920228,5.89277260762383,194.17289243198968,38.607804607531264,88.60221553294285,2
2026-01-27 09:18:53.139126,30.312000764473357,6.935882084871879,171.59579986405444,39.70548346206943,53.19368394154162,1
2026-01-20 07:13:53.139126,28.805063034069683,6.837399541318826,143.51077681958105,37.52732697859489,49.135750243103125,0
2026-01-29 12:53:53.139126,35.88150426137249,6.555797946562623,176.93527900612855,36.91810232266125,68.4838044417321,1
2026-01-30 05:18:53.139126,28.71655257608088,5.933790019172431,157.02775003996874,42.17245995305933,58.519087024192764,1
2026-02-02 21:58:53.139126,48.876681990575165,6.678156020823889,205.3728873551608,41.26788095590524,80.49825782958202,2
2026-01-20 09:48:53.139126,29.346389228197868,7.251587198976679,142.882575316229,40.30404945090619,39.489499183069064,0
2026-01-24 01:18:53.139126,28.898196542992007,6.906204308924514,143.4134344848634,37.18188198982644,41.772213555546585,0
2026-01-25 14:53:53.139126,23.092942689328208,6.950736063317315,146.69869608880956,33.48918828590249,48.70710151574856,0
2026-01-17 01:28:53.139126,30.738333012510928,6.9038221319450335,148.80886486775645,35.35759033141811,40.726623149809996,0
2026-01-19 16:48:53.139126,24.96584800807356,6.956035356134415,159.51601620073745,35.90212286323503,43.60407559849229,0
2026-01-20 08:58:53.139126,23.223563922610627,7.257326596441474,161.05055898413121,33.77521843847972,42.14327778193604,0
2026-01-19 14:33:53.139126,30.15369643257162,7.086069117986776,156.16657130512985,31.680018302544003,48.68265933198032,0
2026-01-29 09:33:53.139126,30.354411961876803,6.243107061559809,162.559827146307,44.68923430280059,54.45475606485359,1
2026-01-24 21:33:53.139126,24.12223924923604,7.168650379829784,150.40804695601034,32.732300039091484,37.48536607583724,0
2026-01-19 18:43:53.139126,22.574507367713377,6.8582143817911305,140.3117364144134,37.57493264599902,46.446842220826476,0
2026-02-04 06:18:53.139126,43.45493113194768,5.9415126393081605,181.94173176325248,42.639008436995695,69.50171459793859,2
2026-01-17 01:58:53.139126,24.45903490019294,7.341345415048308,169.13972219691027,36.556820126201416,45.80412016112676,0
2026-01-19 17:28:53.139126,24.04082793833656,7.062147409630995,152.68944960255033,30.345233795537847,51.20235696414413,0
2026-01-20 16:13:53.139126,24.645116149014644,7.049717338076708,140.14020725152272,36.43661170924378,43.879358408895435,0
2026-01-19 11:13:53.139126,23.391998504535167,7.182033575956168,143.19385955251096,28.89397031678437,45.04477679756962,0
2026-01-24 08:58:53.139126,19.436589222662356,7.079478790993054,138.14476679637627,31.417289116665895,44.101259693107366,0
2026-02-01 17:28:53.139126,49.05413765074391,6.175934662620459,181.29818458293647,50.105402288031165,82.14558720699401,2
2026-01-22 20:08:53.139126,31.90560282472313,7.25616807029066,139.83980704763258,36.89631472899607,39.47203821605951,0
2026-02-03 03:58:53.139126,36.5175693742486,6.210079061901756,200.26135339287126,37.02253652507223,72.21707718393729,2
2026-01-20 12:43:53.139126,20.80365653476205,7.233024205782521,153.0520253408773,40.678852656643166,45.41278430670579,0
2026-01-18 06:08:53.139126,27.926085459329986,6.8843927221337005,122.72441866873062,30.564540254695928,43.66142189272018,0
2026-01-31 05:23:53.139126,33.996385369297464,6.5327121805047765,138.32159858348123,35.56170904241749,68.28945101050304,1
2026-01-22 03:43:53.139126,25.856195784874394,6.9916290071266,156.07111598889307,34.719549713498374,51.007020004302134,0
2026-01-20 22:23:53.139126,24.779320576505565,6.974655251457249,133.0326645412108,34.4771592054556,42.825268725917354,0
2026-02-02 01:13:53.139126,42.700923271396796,4.825222304584394,202.47079123136686,40.08708089420238,83.33088730390622,2
2026-01-21 14:08:53.139126,28.218916645168886,6.549168258313732,146.74371058405058,34.12599980165501,42.579568982214035,0
2026-01-21 20:28:53.139126,28.53716636572064,6.697642201584382,153.71586313444146,38.91442167991453,48.000130187532136,0
2026-01-28 11:53:53.139126,31.704983869120706,6.372387891602666,168.26766642381838,38.110927278222384,52.90650653802543,1
2026-01-24 06:33:53.139126,27.4875025882685,6.715630053217281,154.73068815613394,38.74904925737036,42.77232159626295,0
2026-01-23 18:53:53.139126,29.888119869610186,7.128621562280988,150.6140718899242,35.93891733673167,43.983025509438555,0
2026-02-05 19:28:53.139126,46.0775793103084,5.9270977233578055,182.5536414219695,44.39463496657706,74.48463671734893,2
2026-01-27 03:23:53.139126,35.88647403122408,6.312106865348327,171.92629629806933,44.575005810966154,61.79280243297167,1
2026-01-27 04:33:53.139126,34.199092043989175,6.504497639319618,162.654289803536,39.558407126781,61.74853759427946,1
2026-01-20 15:28:53.139126,25.98275232019068,7.148888980501475,149.43365072135725,36.75991099103688,49.2935960015655,0
2026-01-18 02:28:53.139126,24.494306702602533,7.25107506470308,146.99987570226693,36.611834108697934,43.26661373953578,0
2026-01-24 07:13:53.139126,22.27629224077346,7.172802620129011,169.4380827337344,33.058463685458925,44.26644172724258,0
2026-01-20 13:13:53.139126,29.479633735487596,6.95633529320587,138.64136744730772,34.27260335983149,43.535441461085284,0
2026-02-02 00:58:53.139126,46.207813657986605,5.8101996189464,188.97639570874497,37.728182351085486,85.13446120698819,2
2026-02-02 07:58:53.139126,44.45484063933764,5.482390423890956,191.59011668500122,30.587867935363636,75.01758144592569,2
2026-01-23 00:38:53.139126,22.772291906480994,6.9064517816423425,161.04556925276862,31.207153468605775,44.391865966715976,0
2026-01-25 06:28:53.139126,25.699077252388264,7.148130549675323,141.37450212243476,35.37695257608244,45.994185079662124,0
2026-01-17 00:58:53.139126,21.876726472168247,6.989448606786439,154.7699664475165,37.851634424989065,48.01985328903836,0
2026-01-18 06:58:53.139126,24.715743072894714,7.109836284739023,138.76956300954217,31.87238492269024,43.378596603553675,0
2026-01-31 12:53:53.139126,33.73640398911043,6.222061489974951,164.07043795810117,35.825842041178426,59.30485380230894,1
2026-01-26 19:18:53.139126,23.51748477680271,7.032417663048645,167.47920224251845,39.11670814078687,57.46081359833483,1
2026-01-28 03:23:53.139126,30.538188078665684,6.194345784543423,156.96753802671287,41.25166680715236,50.02558753231154,1
2026-02-03 06:38:53.139126,35.13848460560909,6.121855811738752,203.03135748292698,42.25318700614614,78.44078233198043,2
2026-01-30 01:48:53.139126,31.533517761322642,6.348397546678064,162.92047188006006,33.29641520612781,39.19358770429217,1
2026-01-23 05:03:53.139126,24.96590730436215,7.100712345092388,131.0400359642936,35.19600202044492,47.02209514446782,0
2026-02-01 11:03:53.139126,37.51341161228437,6.45766802460273,185.42965024562784,38.90882402192977,78.09210817483017,2
2026-01-23 10:38:53.139126,22.037581954885443,7.124770445780943,149.97473019113025,34.366184152980786,45.40708935374963,0
2026-01-16 04:48:53.139126,28.893061221844512,7.232837411651383,140.64701696378376,35.41711402357277,45.12508290121537,0
2026-01-23 04:33:53.139126,23.457259431425665,7.39219311436694,138.47253258810397,34.046370221906436,51.78262032358546,0
2026-01-29 17:53:53.139126,36.171436796751735,6.151473701852839,156.09633913709567,39.45764317244953,44.26386257683637,1
2026-02-03 22:18:53.139126,41.828003336068214,5.5285415566555,174.76043719167257,38.56595294218448,65.12821245342322,2
2026-01-27 06:33:53.139126,35.85016427332538,6.492347451618551,171.32514392746464,33.0818985800047,56.95704923376846,1
2026-01-29 08:23:53.139126,28.056378922179608,6.726900666759815,162.67035419004642,39.02847751553474,52.49672989328534,1
2026-01-16 13:18:53.139126,26.913635668822728,7.015555633181054,150.7194039322845,37.67014708570671,46.19824837876602,0
2026-01-31 13:08:53.139126,33.85755176283436,6.866035867345822,187.63887782009525,44.04808385929466,55.989332654062416,1
2026-02-05 13:13:53.139126,47.43685349081957,5.703017229458385,195.27167084944918,47.10863518200594,76.72758000186286,2
2026-01-16 03:38:53.139126,20.36857859924341,6.797011105867482,142.3556920626795,32.55362166812959,47.7617231429051,0
2026-02-02 23:03:53.139126,40.96356973625365,5.506807869242888,188.80321225345116,48.69093444511441,67.13543325523511,2
2026-01-21 09:38:53.139126,26.172648431747643,7.101975109608019,143.67074309278433,38.081545486951775,39.800496552488745,0
2026-01-24 07:38:53.139126,28.00019347794256,7.08837867602096,150.06954909516637,33.55482771019799,47.89340432593771,0
2026-01-26 16:53:53.139126,32.340809896147434,6.3375286049004105,179.76113647513958,38.675621980390936,58.45431824837398,1
2026-01-30 00:18:53.139126,42.36916193953473,6.789582044917651,176.90237528760227,45.730357990388384,60.53317859228765,1
2026-01-24 05:33:53.139126,25.81919811392948,7.094629319731777,139.22965382504262,36.54195054363196,44.38470736898358,0
2026-01-17 09:43:53.139126,23.01234194053285,7.067696904394637,139.86701201933053,28.522347859837055,50.125777978437426,0
2026-01-31 06:53:53.139126,29.06276788720699,6.724671195607771,152.01436427517444,36.68599198859745,58.220510764194316,1
2026-02-02 23:53:53.139126,45.94639749368009,5.318425692955151,201.2261710515682,48.9233362729355,75.18874487650677,2
2026-01-19 08:48:53.139126,25.095307513296692,6.95577364549269,152.40156843803604,36.768186653475574,43.123986305157025,0
2026-02-05 01:13:53.139126,51.4410756792721,6.879943208449932,197.713098490783,38.30450786745915,72.24214049752607,2
2026-01-23 13:28:53.139126,29.150710823932744,6.976522672296738,133.30100784577348,32.06248754012057,47.97500537556979,0
2026-01-28 13:48:53.139126,29.46641329411979,6.117007081821801,162.41310119237158,40.095276760758765,51.0005516641802,1
2026-02-04 00:08:53.139126,47.69787573478757,4.868477351311155,219.6126887333904,54.62950562719659,79.32704001909825,2
2026-02-02 14:38:53.139126,26.45674522849174,5.5986187719472635,185.7867101256336,46.26261180778229,69.70213575314784,2
2026-01-28 16:28:53.139126,31.152990155332006,6.726649036772488,161.04339686103367,41.86381916243892,60.82580941835951,1
2026-01-17 22:38:53.139126,29.858209052884437,6.682403994036874,163.05832198320854,35.46636792967558,47.89681137327548,0
2026-01-29 00:03:53.139126,34.83878878707386,6.579480118822432,157.97605841141183,37.85140376964301,52.26702893971034,1
2026-01-20 12:18:53.139126,23.823793288692496,6.92999295385465,144.27486405475443,39.2297776665635,39.24450504910967,0
2026-01-30 23:18:53.139126,28.776981952606956,6.623804818681478,170.4571211796929,37.09809748237128,65.57408024254183,1
2026-01-20 22:43:53.139126,26.566808277603457,6.3987732167821845,141.68330672437313,45.065720946331005,56.171348515669735,0
2026-01-30 00:38:53.139126,30.586650258048735,6.349998213254663,163.5459796443662,38.30722154969289,51.70855436890385,1
2026-01-22 08:18:53.139126,25.05710088098777,7.1151107299229785,148.64459691297975,40.69800986329326,50.19328381988796,0
2026-01-26 10:48:53.139126,24.106969932325878,7.205793935084949,165.95913803130304,36.384633735741794,50.44525871767492,0
2026-01-21 02:38:53.139126,25.758957671682964,6.817996945803164,144.7092416685937,30.11671164877033,48.37323250972303,0
2026-02-03 11:53:53.139126,41.25947907024418,5.534720663241504,189.25518875089315,54.71142996540836,75.91039701260185,2
2026-02-05 09:58:53.139126,48.46870553449843,5.6467463174105115,165.8599576087372,41.068735859956476,77.0031534722416,2
2026-01-29 08:08:53.139126,32.43337289128401,6.184804366497716,159.79168539446076,35.68136953456119,68.27417607099721,1
2026-01-20 12:38:53.139126,19.89781313820974,6.7493470744613635,145.76997397638846,32.501887692729724,54.47252215202228,0
2026-01-22 01:13:53.139126,24.297778153859912,6.986252744997215,128.62631492065236,35.94605983383011,43.376298558140334,0
2026-01-19 10:08:53.139126,26.103953768128964,7.106634656067368,147.70419602297454,30.80312295897694,42.56728112017027,0
2026-01-31 12:43:53.139126,37.401816966201814,6.513750626841131,134.99830193372946,41.856789252235416,64.22712984759295,1
2026-02-01 18:03:53.139126,37.87496299434285,4.752554263550232,189.20844022897163,44.46658571327556,73.421321839531,2
2026-02-03 18:33:53.139126,33.63085183897594,5.433338319867155,184.52329541242355,36.40583175368649,69.76581947433027,2
2026-01-17 12:08:53.139126,27.161802418923138,6.712987679499718,142.8628949755581,36.48438556835947,44.635244648097625,0
2026-01-23 07:08:53.139126,17.49800202022701,6.870283135041882,149.05656750857003,27.099652499018642,47.10044235405651,0
2026-02-04 21:38:53.139126,40.68672054448876,5.736012991956659,192.3782750607275,45.09819188168906,78.69048319620654,2
2026-01-22 23:18:53.139126,21.303411705713252,6.70850776367318,159.25700484384797,38.16644792631192,43.42268090305195,0
2026-01-16 15:43:53.139126,25.946298796521443,6.79806923320128,154.98127061056886,35.41921631410668,41.72409667062367,0
2026-01-29 14:33:53.139126,32.47455419250714,6.686727040386575,178.64461092349651,39.14052152218048,64.63353923070167,1
2026-01-19 05:43:53.139126,26.04831341885576,6.81050036663207,151.16765655540584,34.011959522370546,45.90912103941387,0
2026-01-17 07:53:53.139126,25.76025317637342,6.839450366593377,143.0082997016705,35.026558714495025,37.25274704652016,0
2026-01-30 10:43:53.139126,33.969575173646895,6.285026967854026,163.0019326775843,34.36337789579354,64.58558511054001,1
2026-01-18 17:23:53.139126,26.817662202559248,7.18596732487738,161.0522107856196,34.74135163501828,48.631675158405876,0
2026-01-26 10:08:53.139126,21.62824082612189,6.894768714608825,155.9696057541626,39.453728824356915,44.44444424695905,0
2026-02-05 20:03:53.139126,45.90185511461857,5.060189333358154,199.89793422395726,47.57292837023927,77.71945603247786,2
2026-01-26 05:53:53.139126,22.420716717809903,6.85783611784241,146.2565881924021,32.65903044801136,50.874666571609964,0
2026-01-17 04:28:53.139126,21.429706799239778,6.915638511863459,154.14126090246234,34.19045515401693,49.856991350901566,0
2026-01-18 09:38:53.139126,27.333981092185457,6.798697049537042,157.67307929187223,38.97823208082992,39.15501453877598,0
2026-01-23 00:18:53.139126,26.520690058495983,6.838768044693834,160.75742814667925,35.64153355462105,49.41050285314975,0
2026-01-28 19:58:53.139126,37.30591702515649,6.376895759074993,169.765791506052,33.76388136600625,54.93970808567149,1
2026-01-17 04:03:53.139126,25.852501662435774,6.970735985971043,135.17689011953155,40.27031970417676,46.17814557103694,0
2026-01-24 05:08:53.139126,29.904272982400563,7.27385725154929,168.8064745220222,39.572059146735924,39.27552568889551,0
2026-01-24 06:53:53.139126,20.618407549688726,6.934254782870956,147.92100959934223,33.368770747206085,42.195465091251336,0
2026-01-28 23:03:53.139126,33.604846379785805,6.933885524469119,168.97798930140783,38.60450276059908,54.496160285593064,1
2026-01-29 07:33:53.139126,30.919680382356034,6.788453903712566,173.57800948050678,39.813770456754874,61.32511818020035,1
2026-01-22 19:08:53.139126,21.478984478347854,7.20211935037363,151.82758380474672,39.346930642002576,41.933783081573786,0
2026-01-28 00:08:53.139126,32.47767925748618,6.344798338373814,159.81889478559424,32.4491174429079,54.0504012216325,1
2026-01-18 16:58:53.139126,23.97467135488373,6.879510799899181,138.9076218996843,34.0890169433344,33.83289235170208,0
2026-01-28 17:43:53.139126,31.752325895532852,6.344928632693035,151.29366634462187,35.99457112572621,57.939508615123124,1
2026-02-03 07:28:53.139126,47.543657732562345,5.584285354235164,198.69582960019062,39.46645956983114,75.89283285853922,2
2026-01-20 12:03:53.139126,23.783297263432726,6.812875773566313,145.698355843689,35.313045252735215,46.36001063609039,0
2026-02-05 15:38:53.139126,51.1311885086753,6.046683875785321,215.3945817257261,52.41002538082192,86.45469884998073,2
2026-02-03 12:08:53.139126,50.64968001732439,5.3449035363946,204.37975037234648,48.06140090801705,51.21496344849279,2
2026-01-28 14:08:53.139126,28.566300278339376,6.107992619431549,166.55347516424516,43.103950575818814,70.60902809443812,1
2026-01-23 12:23:53.139126,24.64615062909953,7.412463960008369,143.2895419507362,34.097388226829324,52.60582487975816,0
2026-01-30 08:58:53.139126,24.512984577877372,6.679413807847314,159.3565275738595,40.494706035851415,55.56095200680803,1
2026-01-17 21:23:53.139126,23.438622144116607,7.19862700883901,159.2031029454351,34.5637273995673,48.11667658512346,0
2026-02-03 17:18:53.139126,48.87095178396178,5.70571154367959,186.601491714473,47.432524830601814,76.12291833734437,2
2026-01-17 12:38:53.139126,22.130290010647883,6.981735040296056,161.31556389835353,36.6095042659789,44.50023416357623,0
2026-01-31 15:28:53.139126,31.953274259943043,6.575847960997226,143.1745958847071,36.56572782425364,66.33982236990605,1
2026-02-05 20:28:53.139126,47.40798358336097,6.489649516156676,193.2447662316406,47.2242970555498,65.89782191793562,2
2026-02-05 16:43:53.139126,44.654423882713864,6.625820451380024,199.53244339127707,48.03810386671334,72.28084301799656,2
2026-02-03 03:18:53.139126,44.73107429350315,5.775467254142563,188.98245475718952,48.077503253662975,70.1269558318097,2
2026-01-16 19:48:53.139126,28.267031670315376,7.0216778323404,143.50740818962944,37.20847878046407,44.262139191335436,0
2026-01-17 16:43:53.139126,25.333050035798728,7.01448911374367,149.31049959498796,38.34022063474309,42.72943593179542,0
2026-01-23 05:43:53.139126,26.366299781846532,7.079131813123993,159.08006094167985,35.692230505199404,44.08160943797583,0
2026-01-24 13:03:53.139126,22.520075959231956,7.109991553609352,154.3310479274776,39.64292911767317,43.996875030406486,0
2026-01-16 23:23:53.139126,27.00229438981845,6.92149358867318,138.32308420444306,44.22068715014721,39.066719352470486,0
2026-02-02 21:08:53.139126,51.98621273934288,6.094824039902776,197.63753672958939,40.11482776587103,78.04624204131562,2
2026-01-19 22:48:53.139126,22.421727400978725,6.778439136473551,143.64169247398283,33.023784021902976,40.91681527793701,0
2026-02-01 23:43:53.139126,37.317104165455504,5.075707771581117,188.4998176171024,39.6127809930273,82.85113887827833,2
2026-01-22 01:18:53.139126,24.217271824021996,6.996434462340167,150.52383482452913,36.90779668512101,47.37033873067928,0
2026-01-29 16:28:53.139126,38.48622805968875,6.781946453581902,166.91310006074386,40.501716676628035,54.62374298250414,1
2026-01-18 14:08:53.139126,27.282025374464215,6.837869781923173,144.07369041153825,38.270712287678464,41.4207998018331,0
2026-01-18 00:33:53.139126,22.56371118781861,7.138393117026664,140.8248810804934,38.35981001477572,44.23899369909193,0
2026-01-21 02:28:53.139126,22.038040883653036,6.893789840791124,152.3731827735355,39.01725587056484,46.144948136873715,0
2026-01-23 23:43:53.139126,27.324696030894774,7.254661093119331,164.59559538727135,31.558332280275163,44.58520746340602,0
2026-01-27 00:33:53.139126,29.55287433935709,6.4410936107267345,158.90362155695473,35.98133285909325,60.93248823974868,1
2026-02-05 01:08:53.139126,51.1429577095306,5.986521588169766,203.6870114037919,43.26026217512348,73.54037619914851,2
2026-01-22 18:58:53.139126,24.975515136128436,6.891638057568536,173.23917759242897,34.48999969928633,46.78828057684464,0
2026-01-18 07:23:53.139126,22.18823028160212,6.967966482720516,150.3932681064279,34.08492888286939,40.03368943979997,0
2026-01-17 04:53:53.139126,23.31726109390399,6.894289930572938,136.70454451091845,33.8776449272977,44.4471185487615,0
2026-02-04 16:13:53.139126,43.50698251954936,5.866107914118277,209.70278484319186,43.17110218059974,92.58931297260709,2
2026-01-17 14:08:53.139126,24.44647084246393,6.706690470522988,129.680732881679,32.91471089096127,44.87309455166928,0
2026-01-31 13:38:53.139126,26.36405126647915,6.089491010798079,171.21310304523493,33.34782651140228,58.74150490922204,1
2026-01-16 11:18:53.139126,23.242052955502633,7.104019512573026,143.82532509360774,35.275156492803475,47.02615488554329,0
2026-01-26 15:58:53.139126,30.299846298960098,6.762444221619012,165.78202724042887,35.55242857110565,56.056559664505954,1
2026-01-30 19:43:53.139126,34.236072468429896,6.239417260335223,129.71200138096398,42.12659861874494,70.21678855670831,1
2026-01-23 15:18:53.139126,28.23909033257594,7.45658359809898,155.5396389553848,40.41583989513476,41.50437359913556,0
2026-01-22 00:58:53.139126,19.205814823571377,7.092662642578072,148.94679085725446,37.19584403952788,44.82576517951993,0
2026-01-16 09:58:53.139126,27.61362875292428,7.236720849726744,164.4702997979649,34.542659864979434,49.49926159763854,0
2026-01-23 21:18:53.139126,26.46799340462819,6.9620559179864925,166.65801224457243,36.34975889973624,50.172661157561414,0
2026-01-27 03:03:53.139126,35.20396101591376,6.434687111138294,170.6593694286542,41.81628753923621,66.27263377422695,1
2026-01-31 15:43:53.139126,35.05490345867871,6.250620567804663,150.93987885235697,33.05218930282772,54.07123073589774,1
2026-01-22 20:58:53.139126,34.34470125258911,7.01372730930176,139.40255774570346,35.929085196623134,49.24447265179743,0
2026-01-30 03:33:53.139126,35.355595226755725,6.401276881562045,162.4847102807961,39.6845429544628,54.05771455777775,1
2026-01-25 23:53:53.139126,24.065848094115076,7.115933098182948,135.15303458725896,31.07308893452652,40.33955795983199,0
2026-01-16 02:38:53.139126,23.470027995491538,7.010126849420051,132.18853414562872,32.05578083877531,40.802982217381036,0
2026-01-31 03:58:53.139126,34.35223894936153,6.4437774709453395,150.55041063302374,36.31011190680093,61.16336421086486,1
2026-01-19 08:28:53.139126,26.11832670467483,6.801925613318278,128.86949484679755,37.20529300142398,43.54343132533134,0
2026-02-02 22:18:53.139126,51.614011431768795,6.181405415453576,191.57971185531537,37.94197254016018,70.97466857341563,2
2026-01-25 13:13:53.139126,28.00680511906139,6.7973279233210535,156.93319566389286,35.34785975999988,50.47174448140145,0
2026-01-18 03:48:53.139126,26.491195956573936,7.259644933720433,146.75724219227095,36.83151971296003,47.14394378048162,0
2026-02-02 03:33:53.139126,25.276904957743767,5.799337098224483,199.3786378594338,45.46426320570071,85.13598439009384,2
2026-01-26 07:13:53.139126,28.248919234104658,6.869875637506386,156.42559807319563,39.8323677668222,45.07646060661025,0
2026-01-24 14:33:53.139126,26.184083555324438,6.965751070478405,157.43066728828083,35.740966839643406,47.18517477986602,0
2026-01-21 13:53:53.139126,27.121530792747066,7.270649087300102,165.5295956076673,34.686061830538165,44.56545527406207,0
2026-02-02 11:33:53.139126,59.25597535637741,5.091280033427113,188.4592211019092,41.27801584834929,90.60766638559598,2
2026-01-16 20:18:53.139126,26.32131221373738,7.146408529868191,145.88599111769287,35.77027493123452,39.45656159108342,0
2026-01-18 19:23:53.139126,24.14622793928587,7.073733967408041,151.99375555247693,35.12720615046267,45.21976876133428,0
2026-01-28 05:53:53.139126,28.770654781322474,6.393122765901503,167.70473812434275,33.38193634094718,54.60332701206194,1
2026-02-01 10:38:53.139126,51.252705749008,5.452728381630452,165.9980052909165,42.19528263628773,65.15827449436316,2
2026-01-23 04:48:53.139126,22.793517921664584,6.734513526037181,152.2172498839113,32.90168096390531,45.76290609222796,0
2026-02-03 23:43:53.139126,50.18365529274863,5.467180701556185,196.17159523861764,32.531441815719624,72.14204494123408,2
2026-01-21 13:08:53.139126,23.624621220837447,6.782866093839201,142.0727083051125,33.64777357894276,42.06189680407968,0
2026-01-16 16:18:53.139126,26.836638414615376,7.031813534459253,153.0894370244779,35.90066218949123,41.429781163333054,0
2026-01-28 11:43:53.139126,33.19333771654818,6.050439739081298,163.22643758289956,31.491731735975094,62.00770649603191,1
2026-02-01 01:03:53.139126,49.02872392966166,5.021784544075196,209.95260920481746,40.824806030295996,83.97530006352724,2
2026-01-23 02:18:53.139126,28.520369395334633,6.906163693324377,153.01495536289673,36.42432719451042,42.9655415241374,0
2026-01-17 01:18:53.139126,29.198127823076756,7.09497988496483,169.33964021918246,34.09728800683253,51.558232073479985,0
2026-01-29 12:13:53.139126,30.72612545164134,6.48523308287797,157.29811610709396,34.55182837444994,47.53034587776889,1
2026-01-30 13:48:53.139126,47.317184713840994,6.890412085447292,180.0973634214686,42.56453695949347,56.81173532409471,1
2026-02-01 17:33:53.139126,37.2200235596895,6.396023312069286,163.95615796128263,47.61055882403004,75.79378767556643,2
2026-01-29 06:13:53.139126,38.5647991645118,6.2549955100912396,171.19013192659557,42.55807986763347,54.400495423577105,1
2026-01-17 11:23:53.139126,26.506526008873607,6.832799055306396,146.7912662817727,36.74134558319281,43.36841449801416,0
2026-01-18 03:08:53.139126,24.25476760248179,6.7957741938111385,151.4230629134869,29.719299578120136,39.85276893842789,0
2026-02-05 20:53:53.139126,44.24547349626749,5.471965847163613,202.17246095227352,44.16465719818102,86.8949830763715,2
2026-02-04 10:13:53.139126,38.971212381244705,5.989412469471567,154.96124599630673,40.71787243192529,72.64388491255647,2
2026-02-05 00:53:53.139126,40.543325643875235,6.3929198894127035,203.35893642798914,43.40318507163756,67.38550334488282,2
2026-01-17 21:53:53.139126,23.85462706783578,7.045306222125038,174.6443714249829,38.327730039468676,40.921460115969744,0
2026-01-22 05:28:53.139126,22.638013549947086,7.128786978755444,148.2786228534909,36.36153436440062,41.88206450254885,0
2026-01-22 14:48:53.139126,22.813957202138816,6.876917813416844,155.33029232036904,37.98636007109873,44.26809549119753,0
2026-01-29 20:58:53.139126,38.12404063328496,6.407765070007687,178.83526372303058,38.57885172216704,65.08504167218368,1
2026-01-27 17:13:53.139126,34.299452365623786,6.310257932083975,155.40792452430279,41.60793899689913,52.980755209817225,1
2026-01-23 22:18:53.139126,20.716961411099337,6.828422399673744,147.2399409269398,31.2016348703197,47.33400358216066,0
2026-01-27 07:13:53.139126,33.914182972775,5.979758040804491,168.3619764587537,36.70654620872703,59.06392583941271,1
2026-01-17 22:23:53.139126,28.523916366631695,7.062833581127148,161.0922535210747,38.111948760685195,39.94620500705135,0
2026-01-26 08:03:53.139126,26.572929624602413,6.612302903515635,147.03510565091256,32.975447783719765,46.99719189911712,0
2026-01-29 15:28:53.139126,34.22040241717255,6.300004843011331,167.65141636812305,33.52756016519434,58.335641803722936,1
2026-01-18 12:13:53.139126,25.582865398367893,7.072126904825619,128.3549065705051,34.723958072900984,44.30102572457272,0
2026-02-04 19:23:53.139126,49.307407824164635,6.0301748433412445,191.43410714096453,40.41166577906243,61.89286105597359,2
2026-01-28 17:18:53.139126,41.068588112040445,6.7333471935702285,177.11915409221,36.05213324192733,56.380852847009066,1
2026-01-19 18:03:53.139126,30.024162890167037,7.157040726302309,150.98880365481764,33.26023194604766,46.51558876443785,0
2026-01-18 03:43:53.139126,24.032655540200764,6.990809399910217,140.6745748402554,33.60174532538652,51.324840029791034,0
2026-01-17 21:48:53.139126,23.081382553211604,7.09937872359242,131.10561499503928,37.98725312974558,41.98453167796517,0
2026-01-27 20:13:53.139126,26.93018463342533,7.1053080506381034,150.62797894131126,36.158522949602,67.14708818744154,1
2026-01-28 20:53:53.139126,39.31705935568552,6.076889995225981,164.28548007036042,31.178898662985517,65.03327438093442,1
2026-02-02 05:58:53.139126,37.11636539016018,6.719845329769728,197.91397797336188,43.61676220069059,68.73987365204307,2
2026-01-21 16:28:53.139126,21.76058048670639,6.748337999153613,152.17699068216666,36.88094569411397,44.51353069297716,0
2026-01-28 15:23:53.139126,28.70351792067502,6.283105348235995,166.27037906867696,37.418904911316,56.52573696406708,1
2026-02-05 06:53:53.139126,45.329629865877635,6.382574104434678,185.49336242331213,41.607501197105236,78.38615163850108,2
2026-01-22 09:18:53.139126,27.578283485477847,6.8892576956617555,148.10425709666043,36.378849034438815,42.747319027355864,0
2026-01-18 20:28:53.139126,26.174599787508807,6.968426126154096,146.62345386742433,34.038903190105344,42.4306288506564,0
2026-01-18 20:33:53.139126,29.28314832994126,6.774470993839051,147.41914799896628,32.32394797802057,45.66105081481977,0
2026-02-02 05:08:53.139126,48.78977030882558,5.569858166085376,185.82329109741335,50.72516147044706,70.4431807884242,2
2026-01-22 13:08:53.139126,27.31204349283695,6.9549754206507615,169.21513807733135,33.39489400323105,55.132793429116745,0
2026-01-22 23:33:53.139126,30.934476443990015,7.124772672745251,158.42493899429442,35.57224533949717,49.27400744782708,0
2026-01-27 07:58:53.139126,34.82495831533018,6.459017672392072,170.18892097140935,37.722554628921806,65.12199597176213,1
2026-01-28 14:23:53.139126,38.53416181476039,6.89015686926411,162.47281253369192,34.94243046682756,57.20266220624963,1
2026-01-19 08:18:53.139126,29.139163717720713,6.902536710628722,154.90780532947556,39.110700607915845,45.139583610556826,0
2026-01-29 20:48:53.139126,33.55570181375648,7.017641771172185,162.8528947582043,42.63069431406143,59.040652642663915,1
2026-02-04 10:53:53.139126,43.00779617028278,5.596086213728289,174.89128381056932,33.998225511109055,56.24330334276865,2
2026-01-30 14:48:53.139126,32.32705313602984,6.219814849541446,167.74247763431217,34.230537149755364,55.11167333648799,1
2026-01-30 02:03:53.139126,27.183531352486927,6.897846483058184,168.73266117465855,39.75048521450069,58.6517179910167,1
2026-01-30 09:33:53.139126,30.150429420617325,6.359475118977552,171.88702036174598,42.4452132942994,54.48497559527516,1
2026-01-19 12:53:53.139126,25.065107897259864,6.769113060308772,154.35010433443975,34.47851849373879,45.57620848878683,0
2026-02-01 04:03:53.139126,46.93024103609646,5.6570311904515505,206.19240265335324,35.94375381770351,82.95918908369707,2
2026-01-28 02:18:53.139126,33.03231317862204,6.508341243070601,181.44604853577087,42.95728518849511,60.59996203378065,1
2026-02-04 02:58:53.139126,53.52871641456116,5.534945395163599,173.72351920603492,43.81299586365309,87.776633275348,2
2026-01-29 05:23:53.139126,35.29103478475989,6.4374640965535574,152.35985152298574,33.36195132372085,56.494921908522734,1
2026-02-03 16:18:53.139126,41.735159439150735,5.770173845390762,210.00591833224263,50.21549067799148,68.38724161389075,2
2026-01-26 20:18:53.139126,30.069286796045333,5.8490687348932235,164.8255909641884,34.37711682848424,51.0143623313583,1
2026-01-27 01:28:53.139126,29.123733108213543,6.361242117351313,141.62651106217706,38.81069972908156,55.75043180991085,1
2026-01-27 05:18:53.139126,26.63325000725694,5.865378274466946,147.00821987480558,30.498778506802708,68.68941672730446,1
2026-02-01 21:48:53.139126,41.20420778832233,6.022495734245692,187.7541535337256,43.35466766102833,71.31272387963556,2
2026-01-19 22:03:53.139126,18.06246658020534,6.929537765408292,159.63731044965996,39.94214463646504,47.821248321670446,0
2026-02-02 09:28:53.139126,43.802611283983964,5.770511816166265,167.6143380386367,39.590879271316425,71.61669445096413,2
2026-01-25 23:33:53.139126,22.20394817897841,6.812179314292653,148.7444615600657,35.40740349882772,45.12023034890902,0
2026-01-19 04:23:53.139126,25.92842837145427,6.8816935286240435,155.98581217307384,35.57970515348725,44.63176302991113,0
2026-02-05 15:43:53.139126,46.03435352138034,5.9481043845305805,194.5209872535715,40.80718646306465,88.66804922426566,2
2026-02-01 06:08:53.139126,45.920268111681466,5.882112447241118,222.75975056394745,38.112647517130526,80.20372277780808,2
2026-01-17 21:28:53.139126,31.571808890043712,7.093036320209765,141.29626299307859,36.287509504739134,43.81134524547332,0
2026-02-05 04:33:53.139126,44.46919945781528,5.4094250578891065,176.3688867188974,47.61894465635954,75.68482653763742,2
2026-01-21 03:38:53.139126,24.049560437749133,7.198223190610253,146.18274943364094,35.46305699168938,38.53470655714562,0
2026-01-28 10:38:53.139126,31.848977288527003,7.248771250719564,171.3206539128957,40.86186814089295,47.50808388246052,1
2026-01-28 15:18:53.139126,30.91132069195352,6.507133293088261,160.9343524670996,46.45930775777773,54.52582654929752,1
2026-01-24 19:23:53.139126,25.815956016451192,6.783307904700439,138.68915181890293,38.49088402512796,42.68124497191223,0
2026-01-26 12:03:53.139126,24.64633662369287,6.643616709076002,154.20914456522203,34.07374420116688,47.96395572126255,0
2026-01-29 23:48:53.139126,39.714406243875935,6.52962512056429,154.62150223562537,39.306736612476044,63.1013256623279,1
2026-02-04 20:33:53.139126,54.348663592513816,6.761815307258912,187.53134936379035,44.610247732327224,68.00135532054593,2
2026-01-19 06:03:53.139126,24.70495674632385,7.064366802589894,154.19648508530878,32.48227762606504,51.25662718460156,0
2026-01-16 04:53:53.139126,25.53919123811006,7.292447053252533,169.37824594704017,34.72113987683863,45.87488766301189,0
2026-01-24 19:28:53.139126,27.333502338562173,7.08081149874526,143.54789443168903,34.04974374673921,49.44993818111684,0
2026-01-24 12:53:53.139126,24.393861904913447,7.082001286879381,134.4023726840361,40.93444324294581,46.44383784667144,0
2026-01-18 18:03:53.139126,22.44179437550967,6.824740687041019,178.06357735113662,38.45281163140958,38.73295603452149,0
2026-01-29 02:48:53.139126,32.412800951885835,5.976948042058195,152.48341660414494,39.59315381425459,58.63790369299245,1
2026-01-17 02:13:53.139126,25.431880701415047,7.272031294198296,151.07045310999345,32.982220790469,42.35284987603713,0
2026-01-18 11:43:53.139126,23.07642045646563,7.391806965516108,150.9155089274751,38.04259798736415,42.36484049357988,0
2026-01-24 06:38:53.139126,20.79525674147567,7.088750337556611,139.707183014396,29.7248361365128,42.73665694340178,0
2026-02-01 20:38:53.139126,43.752646259427685,6.086659946872485,182.3940031183413,38.56468143556176,60.668307037822785,2
2026-01-16 04:18:53.139126,27.053341224133682,7.203828177724756,147.60627677408982,32.61047877436528,43.09129546443811,0
2026-01-25 15:53:53.139126,27.602010100342266,6.862884092195509,141.91342672544883,38.72945488305301,49.783024548310536,0
2026-01-19 04:18:53.139126,30.38091007125264,6.626940137389666,147.832153994924,35.663360804809074,37.861179081751054,0
2026-01-19 06:58:53.139126,21.717332762963625,7.103220338244213,160.67244086948432,38.612803603997186,40.7102432725266,0
2026-01-19 17:13:53.139126,24.78651381378168,7.239960442318207,146.82923303082828,35.137363893033616,49.69745494797319,0
2026-01-20 11:58:53.139126,28.668292192421564,7.309490347377351,153.22163823550386,39.22945480529041,47.13942597946008,0
2026-02-03 02:48:53.139126,50.89347736894484,5.960069449020287,206.945295215559,45.17878380531215,70.12063213283773,2
2026-01-17 01:38:53.139126,24.158448203396908,6.9336728013995685,144.8035870352093,34.15901150875263,44.94471980779391,0
2026-01-23 08:13:53.139126,26.09826409386851,7.045567606949372,166.84724736457744,38.377730167751224,40.61039361176382,0
2026-01-20 10:18:53.139126,24.83593407937595,7.099225476477604,145.2526543101765,37.53177457590483,37.808058118689665,0
2026-01-24 09:03:53.139126,27.101337394427965,6.760581415783764,158.75669165926953,38.460287078253685,52.30433147613005,0
2026-01-18 02:08:53.139126,24.950206369584603,7.179308448624277,153.5200442501906,36.272959684267775,46.46178802497911,0
2026-01-21 02:08:53.139126,28.852349642533927,7.123601276761947,145.7047113305536,35.21995579839476,42.031228561422665,0
2026-01-29 15:43:53.139126,31.403357070057893,6.542711707823265,192.46437649070273,34.754110733961966,51.39915140824892,1
2026-01-20 10:28:53.139126,29.121555903292577,7.066577447692238,154.88714488740294,34.21598154065761,46.42464209864832,0
2026-01-28 08:23:53.139126,28.00270542328942,5.999035280123776,170.89793758622264,37.16922619916655,57.509309929633744,1
2026-01-24 20:03:53.139126,22.68808767070863,7.306362016200015,139.64567230522343,37.52824005909682,45.671892166199726,0
2026-01-19 14:28:53.139126,23.34235817761222,7.206756400113292,158.86728584147588,32.70599907392794,46.01975304515134,0
2026-02-03 03:13:53.139126,49.59872470263701,5.055611237198977,183.06872326085198,47.416193456731314,73.67089637970157,2
2026-01-23 06:33:53.139126,20.55705923162527,7.010595425957878,162.2922984803828,36.04779430146504,45.22260518906302,0
2026-02-05 01:33:53.139126,46.98408391956511,5.3815291173583955,208.62483629805317,45.23821654998055,77.43754599813856,2
2026-01-21 23:23:53.139126,26.06720113895254,6.998202342540605,146.4379756274648,35.917307639260876,47.74503882640059,0
2026-02-04 12:18:53.139126,33.07010169667605,6.0644818987495155,206.6858804007753,40.37385678248526,78.86427491719859,2
2026-01-22 23:58:53.139126,26.82681543131415,6.320094307131846,136.27242031524204,34.137939026348235,36.561980114561706,0
2026-01-17 03:03:53.139126,27.84976291796988,7.124285896920209,152.09287889239994,34.358287557631485,43.600226069866004,0
2026-01-21 11:28:53.139126,26.353808321954777,7.243137894883581,141.02428877590265,35.31505789222814,50.763176545292076,0
2026-01-23 02:13:53.139126,22.443931561584066,7.364060190362913,162.18900207602104,45.82097312770015,51.0866577942802,0
2026-01-18 03:33:53.139126,18.20673097914333,7.104449150624821,136.88449466563466,32.53760483488634,35.795480341162246,0
2026-01-27 15:58:53.139126,25.90503113420068,6.426284414382643,153.06844529236517,43.09393673728727,71.29914266760308,1
2026-01-24 10:48:53.139126,19.52642279212473,7.012628133891456,151.0086802265792,31.53071781875052,44.55333771414613,0
2026-01-23 11:58:53.139126,21.68338414200673,7.057148904221391,152.74454619241695,32.99937072712758,54.70751189917236,0
2026-01-29 23:43:53.139126,29.03468855502626,6.473630453843285,152.97257873995423,44.410643834246414,74.7266295002388,1
2026-02-03 08:03:53.139126,47.55511877833047,5.478402801670915,210.89001512545522,40.78496405253188,76.6050962807973,2
2026-01-29 02:18:53.139126,29.482143685011412,5.986640584297258,169.25738051062427,38.876660218655545,53.70238865170648,1
2026-01-28 06:53:53.139126,34.79489341472081,6.606801518015989,146.56859227941015,39.14999129925047,62.20510474630725,1
2026-01-25 13:08:53.139126,25.432441458228983,6.746436829579863,131.46440574403553,29.05108459418269,46.591728770099785,0
2026-02-04 01:38:53.139126,48.109503684987125,6.260166808488774,197.79358191155023,41.35692497718132,78.15463470425532,2
2026-02-04 02:08:53.139126,35.67571488509391,5.434581026124321,181.7844573054392,41.67105118757166,83.49213527475028,2
2026-01-18 00:53:53.139126,21.855533304996886,6.890037525784378,151.0049892989566,38.470616851010014,45.693188833770016,0
2026-01-24 16:18:53.139126,23.752126460888142,6.630396303612921,135.63261407772185,37.57317399133426,49.56541074963089,0
2026-01-29 02:03:53.139126,33.02347413667316,6.3766322760768235,177.37270948407007,30.989841668008893,53.72971676938819,1
2026-01-30 23:43:53.139126,30.656597984957376,6.107197829288098,137.71667925018744,45.35933256104365,56.76649829465973,1
2026-02-02 05:33:53.139126,48.11297038350402,6.153216427741135,228.79671643970713,44.33066102809678,75.22060480730647,2
2026-01-22 01:33:53.139126,29.35627497001912,7.022963414371013,144.35964880902677,31.555951263477457,53.50955425987061,0
2026-01-25 03:33:53.139126,25.537993313396054,7.293912146370493,143.2512378654772,34.167678107342184,50.537946864735545,0
2026-02-02 06:28:53.139126,54.75524607471584,5.822997500174184,188.82429765826546,44.69527074231475,72.11841655520124,2
2026-01-22 00:33:53.139126,24.230553544702992,6.943586747506869,144.5390629314881,36.24025895583814,45.81999001234008,0
2026-01-23 12:48:53.139126,28.596847287699457,6.5361403336683574,139.95788207255163,28.3382224741735,53.92745572281038,0
2026-01-27 08:28:53.139126,33.48667939615654,6.743666826243039,130.21434627078816,43.68011672019663,49.87432864391506,1
2026-01-24 09:08:53.139126,25.761949856597624,6.988463972830707,153.1585922477754,37.96203596534058,46.602733381898176,0
2026-01-31 01:48:53.139126,26.002516571377658,6.875781878422814,160.33165540004654,43.96592079918402,57.46725996079827,1
2026-01-20 13:38:53.139126,29.09421982126846,6.834352788614282,136.49855105075662,37.22214118421854,44.48192931583015,0
2026-02-02 19:58:53.139126,46.56310057150832,5.20324800040442,160.3728378470793,39.484711366846874,81.97445724347122,2
2026-02-03 16:58:53.139126,52.31117980076112,5.845299327660457,195.92932306815234,49.48004408414328,76.0201503585242,2
2026-01-29 18:03:53.139126,34.17929414919111,6.990059232005705,167.32092751870434,31.597428765848655,57.914398939445356,1
2026-01-31 20:38:53.139126,48.0113475852816,5.818427809553946,177.8191041551931,42.66504901823874,64.5832822005631,2
2026-01-21 15:08:53.139126,22.006052481834427,6.795078985642012,152.52086215602148,30.22421562798438,42.39417113417747,0
2026-02-03 13:03:53.139126,49.79938878066098,6.109489336511268,182.73210313126762,50.5838861086419,82.62656214399179,2
2026-01-23 14:43:53.139126,36.19362228970689,7.179609176226606,143.46850304126667,37.9470383320547,40.94300368752714,0
2026-01-24 10:13:53.139126,25.75789321685731,6.81695823666465,145.4517004947999,32.61976744109886,41.53911672741737,0
2026-01-17 04:58:53.139126,22.34523567541515,6.752094174287553,139.2253945733797,30.44922378408728,49.107501069289505,0
2026-02-03 19:08:53.139126,42.61836930865693,5.96555840700061,180.838786786063,35.22265336532984,65.19723921595482,2
2026-01-26 21:48:53.139126,30.54994450462726,6.100430891808309,162.5137203381448,30.862195812197115,58.4433109280021,1
2026-01-30 02:53:53.139126,29.17034395764827,6.43581776254356,172.66065206249274,43.76179524913349,62.02410312284744,1
2026-01-18 20:48:53.139126,21.04678948092222,6.918130117308989,165.61980118024576,35.52399195944338,45.21307655277886,0
2026-01-26 14:13:53.139126,21.357746316697586,6.409084018405671,174.90865538377216,40.16245523467665,51.59401648173536,1
2026-01-22 01:08:53.139126,22.974784273709382,6.933530878972634,150.19206627481793,32.932826833357375,47.03925030088162,0
2026-01-27 20:48:53.139126,33.24289258657576,6.405679190942242,179.5366345314374,41.9719862609089,52.559337825985914,1
2026-01-16 05:33:53.139126,27.01786121662429,6.986282204750608,156.5002194452253,35.67605516566579,45.08150048065314,0
2026-01-19 06:38:53.139126,29.265718100188305,7.054297910437421,134.2368639571231,34.735849643663066,42.874531511541015,0
2026-01-29 21:33:53.139126,32.4721687085439,6.3152278211468635,172.2635821255891,37.93108387016341,57.38201687721787,1
2026-01-30 10:58:53.139126,26.78979156403464,6.41848416899194,166.3241202392532,33.17390955224496,61.92727815342448,1
2026-01-19 11:43:53.139126,22.2079796302176,6.711698348486811,156.3756797965768,34.298957779478556,42.73264026348964,0
2026-01-19 12:28:53.139126,21.699178711256558,6.9018543361145355,172.7098351505529,38.4248964461272,40.5157706766689,0
2026-02-03 04:38:53.139126,37.55401096154568,5.658493965330804,203.29034566450224,45.40481571003714,75.7939269757196,2
2026-01-21 00:43:53.139126,26.053648887961433,6.950782034052637,153.58349586025867,36.270323604125416,36.81260914868487,0
2026-01-21 12:33:53.139126,25.459195784334863,7.45733416544144,142.4544359148613,35.992818430416136,44.7066496895477,0
2026-01-30 11:08:53.139126,28.124283322272582,6.411193010972218,145.16337003338438,35.798633130593274,60.81918116574997,1
2026-01-30 21:58:53.139126,29.798267562038678,6.358262769309446,178.4699711313856,35.77402065542291,59.13604479405094,1
2026-01-20 19:28:53.139126,27.421926328995347,6.910290091340958,134.5214157710585,29.47573267979393,47.77033771806243,0
2026-02-04 20:48:53.139126,51.31907532072519,5.682477015805567,205.58147418787198,32.787587292030516,90.23902955953108,2
2026-01-19 12:48:53.139126,24.80747818229828,6.96383521536295,153.16716235889947,40.28011933527272,41.247262342725634,0
2026-01-25 10:03:53.139126,23.57982556356396,6.837213324168487,144.36582721092995,36.68374277905446,46.16606642189921,0
2026-01-21 19:13:53.139126,24.633280514894306,7.211155533176701,159.94908227150808,31.121937723028406,46.30992149352455,0
2026-01-20 14:03:53.139126,23.01413518024744,7.306211881997359,131.9479492864958,34.44324646517982,47.61109221651799,0
2026-01-28 21:18:53.139126,34.37370586661233,6.4220322020917315,152.50903004519552,37.85160475050507,62.63004374540684,1
2026-01-20 21:33:53.139126,24.812482238502607,7.47899522639003,157.42841555865883,32.3141303436896,51.72509191647436,0
2026-01-22 19:38:53.139126,25.67745097311979,7.17433000952054,165.8381513404653,31.248581868439285,42.6305305135661,0
2026-02-02 14:58:53.139126,41.48292008068647,5.636263295593793,200.67802715708618,42.49977586549653,70.72169095054974,2
2026-01-27 01:53:53.139126,32.01774568000989,6.607726861890826,154.38837725174687,40.92802596950029,57.18528214424121,1
2026-01-23 03:43:53.139126,26.2567625213261,6.757327918775134,155.16718534453784,31.935607601774937,43.4109945799743,0
2026-01-19 04:53:53.139126,30.167774236697927,6.779972417664562,139.4576206518466,30.856090155856236,41.03337856887836,0
2026-01-30 05:38:53.139126,26.542303198644927,6.607239895787556,175.23643798444678,39.246645873818196,58.906803747743595,1
2026-01-30 21:08:53.139126,42.16517756756638,6.246537667185917,158.89738694112802,35.56458494450002,52.57712300835781,1
2026-01-16 02:43:53.139126,29.3292134166187,6.985010677213316,144.66709534445803,31.659728673236792,42.48076774040747,0
2026-01-23 10:18:53.139126,21.065460652778057,6.814530633721105,163.16880158792668,33.48710335760564,39.504273352077,0
2026-01-19 01:18:53.139126,28.508665150862917,6.96626283934852,140.86609019263798,36.9690793018992,38.306167848103755,0
2026-01-25 14:38:53.139126,23.248588578638426,7.09622752572012,146.18365651269988,38.74335583900215,47.70982122578865,0
2026-01-24 16:03:53.139126,23.83198297994398,6.768389567556582,151.509849363829,38.25842188049165,46.54311712777198,0
2026-01-22 18:03:53.139126,27.981399498320023,6.814722757854228,161.2150896646032,35.30661190688936,39.134522566149,0
2026-01-21 15:33:53.139126,20.923441498758706,6.688370925635607,146.74621416291583,34.153650219299514,43.34315862457174,0
2026-01-22 17:58:53.139126,19.87800531883766,7.0955577668859044,138.433383511538,33.67000822374885,46.406101150712416,0
2026-02-04 17:33:53.139126,40.087215996102344,5.192920612215339,196.79553145217628,45.35521178355159,91.30129948419696,2
2026-01-25 14:33:53.139126,25.053587453416963,7.18740318200025,155.57647267290622,35.34232881162676,50.91804578162623,0
2026-01-18 15:03:53.139126,30.954465087663394,7.104503197968334,147.87198088105924,37.64550102684574,45.39826926135385,0
2026-01-16 06:58:53.139126,26.417321357651435,6.962563716275287,143.52903759329482,32.303393240879196,48.7944144890485,0
2026-01-22 08:13:53.139126,28.493875448671528,6.770371109020478,152.64251372846243,31.184756282247434,39.75906301014576,0
2026-01-29 10:58:53.139126,35.2664093669685,6.50427598896909,166.047867641563,34.22134324547781,53.72576811785581,1
2026-01-24 23:18:53.139126,26.26862369785148,7.175369298322734,153.36512259696303,30.543950262772242,46.177313215502416,0
2026-01-25 19:53:53.139126,30.500943242822228,7.116911315708447,169.06733862613092,32.326800958768835,50.73708313103345,0
2026-01-19 08:33:53.139126,29.695992431110877,6.996951852769279,159.60830943208217,34.43144390862995,49.04850767779902,0
2026-02-02 06:18:53.139126,37.97357597854787,5.890659728980702,163.80406272966593,37.83688824502016,81.22770410844893,2
2026-01-18 23:13:53.139126,25.635367509037582,6.991997078702995,141.59928954262847,34.940038438333296,58.78013466690657,0
2026-01-31 02:38:53.139126,33.384384968461056,7.094652523816925,169.99009864546156,36.726190122738814,61.99563719441413,1
2026-01-27 21:58:53.139126,32.83829714398306,6.723535777197871,171.10605226999363,33.26434289866668,49.363326249688,1
2026-01-20 22:18:53.139126,27.405976862501003,6.978772370923882,155.21063197188218,38.14336552762283,44.65289960885965,0
2026-01-28 11:33:53.139126,31.454966271361517,6.7330787888624,150.93447122032342,37.02510744028851,53.978280306759274,1
2026-01-19 04:13:53.139126,23.095872537068047,6.9802130857878275,153.6106170329833,34.00516876072953,43.26982931256615,0
2026-01-22 14:13:53.139126,25.63562469561327,6.934366833476966,151.08365449518348,34.41054644394868,43.437498792020975,0
2026-01-16 03:23:53.139126,20.627694177019148,6.915411551310213,148.79119374015445,40.71093104748114,46.00042319658459,0
2026-01-27 23:08:53.139126,35.64389735770479,6.182158863541837,176.9818770553153,35.970275663880116,56.456600374839155,1
2026-01-21 04:28:53.139126,22.54213148446856,6.947663199790017,155.9116029274196,36.795800741730176,42.10614629676635,0
2026-01-18 21:43:53.139126,25.361016619582426,6.719304503215911,141.27597274693647,38.77093824891997,44.99233395312252,0
2026-02-01 11:28:53.139126,49.27658970409004,5.29848045999897,177.01050368436103,35.29171981029787,72.92746885110432,2
2026-01-30 05:33:53.139126,30.253622464569904,6.7041204916938915,178.612735100372,44.63045224800999,51.594041220315425,1
2026-01-23 10:13:53.139126,29.953538323758483,7.304830816620257,153.34175386815724,33.323452662123024,49.59078001960528,0
2026-02-02 16:23:53.139126,59.08607871242194,4.7160678599591535,180.67616317888994,54.51193367627946,77.48768591382243,2
2026-02-05 18:03:53.139126,49.90009206570461,6.026463528852162,208.20147179382474,36.609443823933354,66.96842505950548,2
2026-01-23 20:43:53.139126,25.1016821083475,7.153740776157849,139.7335304734903,36.23064202504205,45.84817090842361,0
2026-01-19 10:48:53.139126,30.984076565815034,6.926528190786726,147.91125526411375,35.220347030193466,42.45937002849751,0
2026-01-31 17:03:53.139126,33.29470558340857,6.778895155247322,172.91384359429946,36.48438658475347,53.100624103434996,1
2026-01-25 05:53:53.139126,32.10149944333103,7.250061373143444,158.27580821683262,32.784111105579235,46.1079048490381,0
2026-01-18 13:13:53.139126,27.174996947034742,7.061712762357558,157.4246433178907,35.0086466964308,39.45257218373495,0
2026-01-17 14:28:53.139126,24.609364162688927,7.1066098313830794,146.9128397708392,31.955884401116954,45.48335362642973,0
2026-01-31 08:13:53.139126,28.20896334873011,6.269638560118995,169.56530505462857,43.65523481463039,53.18497861576708,1
2026-01-16 14:38:53.139126,26.43716352118746,7.100184298181322,153.89433369715962,37.37437237877843,50.42828355683896,0
2026-01-23 03:58:53.139126,20.839754433182712,6.842245071206791,155.0585919337449,35.38798387968128,52.735797137293595,0
2026-02-02 13:43:53.139126,40.301203697226455,6.00494238628791,227.45862572002375,42.63806424087155,70.9851362950105,2
2026-01-20 03:38:53.139126,29.38333841728691,7.0869666359124865,128.0697166413969,39.72526928589138,46.910342094463125,0
2026-01-28 06:13:53.139126,36.30618600841863,6.5960015525845614,152.06428400070297,38.22727648149294,63.27448917325554,1
2026-01-23 05:23:53.139126,21.91990179897936,7.176892234164143,137.76856213022333,39.29456482303836,43.06922113059322,0
2026-01-29 03:53:53.139126,29.012161046886124,6.53234583477336,149.6041179713434,45.17681413933128,55.47492717021149,1
2026-01-25 05:13:53.139126,28.552737349881788,6.745609074391124,152.11610289745192,37.211936208481774,36.89537614461078,0
2026-01-31 16:13:53.139126,30.715744958685086,6.8108194344630615,184.06450928762268,31.789794796595995,55.81956467384731,1
2026-01-31 12:08:53.139126,35.36569281646956,6.222580436581148,162.82299591364188,38.76354319583036,62.13200364860164,1
2026-02-01 16:43:53.139126,50.332957259430174,5.875633308658559,202.29433942711051,43.46421653484397,67.51639779189236,2
2026-02-01 05:53:53.139126,46.382213676026694,5.198293286935003,197.63739183698476,48.570060067480576,72.71028054402406,2
2026-01-31 05:58:53.139126,27.726342198924396,5.888293429048788,161.47714882319517,37.90425905560381,61.938367012570076,1
2026-01-24 12:33:53.139126,21.490871275037364,7.305090537844298,142.56958419363224,30.792976845642823,50.64572165311812,0
2026-01-20 11:43:53.139126,23.54101885766375,6.856006108786941,127.06973259701658,34.53392711764909,45.30560676657439,0
2026-01-22 06:08:53.139126,29.578200410630853,7.22743672909378,147.16517445218034,38.439289478476006,44.94507228580458,0
2026-01-28 07:08:53.139126,34.63554524624173,6.733399542390842,162.99048563025192,40.86360636537075,48.253042195973876,1
2026-01-17 01:08:53.139126,23.00442431957743,7.071986701252036,151.5764664222626,37.14209349538981,42.679995255774024,0
2026-01-16 22:53:53.139126,30.66318793622341,6.75534161708378,145.2337395098176,35.81235004694558,41.58872091672791,0
2026-02-05 07:33:53.139126,48.19686430195223,5.924517036413929,186.4351168176471,31.734151380874025,71.10226153498147,2
2026-01-31 23:33:53.139126,39.033958933946465,6.982278042000868,190.22058047693153,45.367339187654075,70.57815238141474,2
2026-01-23 03:53:53.139126,22.052563515547217,6.902510132804595,145.575938716653,35.31497883872853,50.26974797761238,0
2026-02-01 13:33:53.139126,41.799340610303304,6.0219337288132,218.68224176513237,38.79166040262992,68.59619102160451,2
2026-01-18 22:18:53.139126,24.356486155618583,7.092889628389176,134.5747726509547,32.45572470209514,38.66983752390778,0
2026-01-29 08:03:53.139126,38.40986326154532,6.587044119101759,165.91065092245867,30.036504708976317,51.49001872814298,1
2026-02-02 00:13:53.139126,41.679698483222865,5.664192013329699,191.01856963396293,38.43230532868876,75.00723420398519,2
2026-01-22 08:53:53.139126,26.476306297635993,6.761728920660055,145.90109393157198,32.62638131691649,44.187852680585245,0
2026-01-31 04:43:53.139126,37.81175523414361,6.606399621222887,160.838899680839,37.82277204204622,52.21848123043879,1
2026-01-24 15:38:53.139126,19.463199959070085,7.172091371028007,152.83767333545487,34.739939862206874,43.415671728754155,0
2026-01-17 23:58:53.139126,23.70771913312605,7.318756169494298,161.15989362053182,33.03078299911822,40.7733785540728,0
2026-01-27 08:38:53.139126,38.75308820310727,6.7241876121149415,201.24571678183324,30.213519939342063,52.71645945353639,1
2026-01-18 16:03:53.139126,27.91361000495998,6.92154478786917,147.82439294364391,34.14605272157051,47.08987230730974,0
2026-01-17 04:23:53.139126,23.135988993744167,7.351308390064368,143.065392619199,31.292292462076762,46.054487115637286,0
2026-01-28 07:58:53.139126,22.73838956416967,6.086796389304983,166.9343214814667,34.20291915269468,60.13960671353894,1
2026-01-20 00:48:53.139126,24.300614546846216,6.804045386106124,147.59854527434976,37.84210788003416,44.401598328327914,0
2026-02-05 14:43:53.139126,55.52050295289576,5.515521331994138,202.73294134096201,45.30136763701832,73.9046110377384,2
2026-01-30 09:08:53.139126,33.300327858829974,6.568383724842873,160.5405493622518,33.36971787714967,64.37441044586838,1
2026-01-25 17:18:53.139126,26.188537276638975,7.130061253804406,160.03544818003837,33.57100530786505,42.10288362047365,0
2026-01-19 07:13:53.139126,29.849757397018337,6.896222366642082,137.08625451809036,37.60476086032994,46.34371760553808,0
2026-01-28 13:28:53.139126,41.17381372150183,6.626674864488379,167.08557860549965,40.89193317217465,65.92306107606146,1
2026-01-29 20:28:53.139126,36.97416737926034,6.450246005830093,166.40854259174077,39.10526716209325,58.27061683790454,1
2026-01-16 05:43:53.139126,22.301016679824468,6.564705754704423,142.55906717093922,36.588119179096246,48.570933890479246,0
2026-01-31 14:08:53.139126,24.259283013318242,6.608071541326439,182.05696548655686,41.58310373950961,59.07640361295339,1
2026-01-30 23:03:53.139126,29.98634816094535,7.018221709640949,160.1374338445179,32.31811189594484,55.18859423448996,1
2026-01-26 11:08:53.139126,21.644835455141575,6.721904597659629,160.76167005086407,37.480842266135845,48.42432402890121,0
2026-02-05 21:18:53.139126,49.34740167705668,6.401508111937582,190.426394981886,48.20108167601421,75.62228675491546,2
2026-01-25 08:48:53.139126,22.615609751184547,7.327911494312429,152.73395870262195,40.213357855252696,43.73448338078717,0
2026-01-27 07:08:53.139126,37.18246995106692,6.485939611241759,167.1837691158634,28.18272311125986,64.25246696238172,1
2026-01-20 05:03:53.139126,22.937162783936046,7.169354149039849,139.63960208885558,40.041623279637435,41.777198730443715,0
2026-01-18 05:43:53.139126,23.533446295585463,7.010352808265818,155.68732962384843,35.0794134810325,39.192590715281476,0
2026-02-05 13:18:53.139126,39.1277741670311,5.382933130399297,158.10113098563073,47.538921321633474,77.53302895934698,2
2026-01-21 04:43:53.139126,27.225659607182855,6.924418983272977,159.08008492160363,35.95547368096827,42.888768319899285,0
2026-01-31 17:18:53.139126,40.96550481835629,6.373689172922868,178.4800926872065,35.21510991435893,54.012320457471674,1
2026-01-26 16:03:53.139126,26.76403369350234,6.902721345601279,147.54971862382493,48.833378568646715,56.41939994175658,1
2026-01-19 08:23:53.139126,22.219493932150506,7.288251401787222,150.14886698282365,36.217531073765805,47.30420937883022,0
2026-01-24 12:08:53.139126,28.5000175549176,6.773368533109652,144.80885574758145,35.19317612823215,38.37629089990939,0
2026-02-03 21:28:53.139126,47.90457200725074,6.091576780757502,206.6423456821328,36.672195601773915,59.191730194623645,2
2026-02-01 23:13:53.139126,51.26948920940938,6.141532191049584,196.1632010574177,42.77865502914568,83.85887964797422,2
2026-01-18 23:23:53.139126,23.959595206275434,6.960435206580049,127.64634090327056,37.189135640783256,42.314203069122215,0
2026-01-21 09:18:53.139126,27.66771519940879,7.176914714582184,155.31350771373,32.20100560841828,46.20184308548765,0
2026-01-26 06:43:53.139126,25.27341423624376,6.795864932462534,175.4826355574711,39.83383052206941,45.91656973625508,0
2026-01-30 19:13:53.139126,32.61666125732622,6.958719826375147,144.66298846530626,39.29865147045993,55.851561904735206,1
2026-01-18 06:53:53.139126,25.396119408840484,7.204352767992684,143.4417478181344,32.08904856821773,50.66924766218729,0
2026-01-31 11:43:53.139126,28.70549778181583,6.119518088376669,158.06551256402122,40.29262111829278,55.23403645343486,1
2026-01-29 11:38:53.139126,30.51145974980044,6.3755903650294385,151.81739962832756,39.23827732167442,53.61102057701481,1
2026-01-17 11:03:53.139126,23.29262567165157,7.314962745049429,165.82575975260647,38.55425182443597,47.048908750279544,0
2026-01-31 04:38:53.139126,27.08925297446707,5.88803001150222,166.78119168173598,31.87365867335361,57.13488848502975,1
2026-02-05 10:03:53.139126,53.72527991825293,5.909993054118043,188.0842988925304,45.564693753643574,70.53536002029797,2
2026-01-29 23:03:53.139126,32.314643837444244,6.23696791112298,167.39190059255415,42.15572432981848,52.08847076474898,1
2026-01-17 11:53:53.139126,22.40015813842347,7.013055981325758,136.92398364103906,26.69785973948253,43.30023536062232,0
2026-01-27 18:28:53.139126,31.988866365375515,6.87225484048959,162.40873821762102,39.41747348143473,55.281784647075675,1
2026-01-16 06:23:53.139126,30.904754464340687,6.864334496616167,148.65574990355847,37.069752413144464,42.64766811330002,0
2026-02-05 01:58:53.139126,48.672510772400734,6.0946604747719855,183.98692514674056,44.05107830685078,76.94640965700968,2
2026-02-05 14:58:53.139126,45.672942531548216,5.33597273326411,196.67822270329532,50.20192147814618,77.14725767261383,2
2026-01-28 18:03:53.139126,33.46705163641335,6.666179697177009,171.9619372140199,32.80755560122318,63.4209951691627,1
2026-01-29 01:03:53.139126,28.776403493674316,6.122403242136051,165.29969154872865,38.19117710282225,51.595274636838404,1
2026-02-05 07:53:53.139126,44.14932194077297,5.395620328093875,211.3129791389634,40.78359559838805,65.9009975381049,2
2026-01-24 12:18:53.139126,22.244876639942923,7.105526721642738,148.86922155530937,36.36989270909797,45.1871165584874,0
2026-01-22 04:23:53.139126,28.818843714999815,7.325994703754626,146.05862377667668,35.67319415011068,46.55847351103963,0
2026-02-05 05:43:53.139126,47.024034217024365,6.306515135523345,178.76182127983657,37.07200488316126,80.08135836406495,2
2026-02-02 03:28:53.139126,39.74072583503646,5.614080058524926,169.6935073183648,47.9989434888841,90.35751106269588,2
2026-01-30 05:03:53.139126,34.99528147518372,6.443069519411675,164.2395629845687,38.68852523917126,51.578189936770166,1
2026-01-17 06:43:53.139126,31.852332781722886,7.0630545313928375,160.49505675551487,32.574791185265,48.50216865745314,0
2026-01-16 20:28:53.139126,24.97087783642219,7.008791315773566,136.78199094023472,33.779096330001316,50.34965160430512,0
2026-01-28 19:48:53.139126,33.5100320335294,6.385869471045661,159.22628594238049,32.52535955869425,55.3162381393764,1
2026-01-20 18:18:53.139126,22.885774466670124,7.133354383799131,149.70493740820558,28.567767986210754,45.78733902006894,0
2026-02-04 03:33:53.139126,46.592376259122574,5.727949426531573,196.5279558912442,37.11107922743678,82.34702707225826,2
2026-01-29 15:03:53.139126,26.840327428203402,5.8353090421620575,175.63060372773455,39.31121902174976,60.36743179495652,1
2026-01-28 17:53:53.139126,29.333192387007614,6.689453508023014,164.55337002078983,36.39201500414891,71.49596445705203,1
2026-01-17 05:58:53.139126,28.509251438483588,7.262153546839672,136.8544711283786,39.74552701764179,40.841523774562056,0
2026-01-26 12:53:53.139126,34.45200790054647,6.252847654398287,154.8554007527791,41.51775956629825,48.835323952899245,1
2026-02-05 00:08:53.139126,48.19629543263659,5.387605256789463,205.69005265368276,44.28520189976753,86.17040229494742,2
2026-01-26 22:08:53.139126,31.047389952200117,6.623053620242257,164.7961343252829,42.303137531471855,63.7636160062006,1
2026-02-05 05:58:53.139126,43.970970666546926,5.224923396604069,183.40441246018034,42.00353612339457,68.16331452541971,2
2026-01-24 04:03:53.139126,28.21772851385431,6.9678286005909085,142.38109358474523,29.989361222320767,39.96010597753514,0
2026-01-30 16:18:53.139126,36.93011601171175,6.659424094083402,160.91255150544384,40.94804391228458,69.05887779377608,1
2026-01-28 10:18:53.139126,37.626937871102,6.320722499447682,167.77331305732517,43.20367687246104,61.18386236610205,1
2026-01-21 04:03:53.139126,23.807956238873437,7.043450377729007,140.4812217875168,38.375287407275515,41.2867521440086,0
2026-01-16 16:48:53.139126,28.28512765867484,6.5824145243402015,144.5561848581566,36.053090895640764,47.66361272032822,0
2026-01-30 16:48:53.139126,33.5835783638988,6.557501617273996,173.27538576284076,34.02485576342293,55.283714505698065,1
2026-02-02 12:53:53.139126,45.42504758028186,4.9751795822932685,188.0179314502283,51.20046527979668,84.73000101004165,2
2026-01-28 11:58:53.139126,31.250270756577883,6.085984076510369,149.58411693465087,35.83824646239004,58.10141613153673,1
2026-01-30 18:43:53.139126,30.10128656301439,6.562296225173977,159.22412449563387,33.6909126019977,58.78716916047143,1
2026-02-02 01:53:53.139126,45.393223310502485,5.597951259328467,203.3165460252179,44.47669123339179,79.83425590267409,2
2026-02-02 05:53:53.139126,42.99033863457242,5.98469335977777,195.30591729476075,52.0499432018183,74.11161805375568,2
2026-01-19 08:43:53.139126,24.673055470689306,6.7280807151904165,143.13492185871988,33.13679419891655,49.43194796343889,0
2026-01-16 07:33:53.139126,26.994316252682765,7.201033941197231,156.01114484479507,32.30523599169586,38.48353672897856,0
2026-01-20 09:53:53.139126,27.478150088527077,6.973624960172869,127.37210720956438,37.33219728155952,40.90806659290946,0
2026-02-02 11:58:53.139126,40.88892178891422,5.548667867090711,182.9544979272859,34.13012664270167,69.81605134029252,2
2026-01-23 11:13:53.139126,30.419981201801082,6.745043990611394,143.50331373676963,33.2705123060859,47.862333056351616,0
2026-01-21 09:33:53.139126,26.537916569210854,7.130880817226453,154.25445594874867,35.705128751529166,44.01230167172455,0
2026-01-16 15:18:53.139126,24.89212693106476,7.061681491110983,143.74493191405077,36.38099006781057,39.17142777184619,0
2026-01-17 18:38:53.139126,26.695247041772056,7.115811279928173,152.82570374884,38.69891133484953,47.398622204928714,0
2026-01-31 14:13:53.139126,34.66452283277985,6.6331725402024215,156.47232764048138,41.003486462061915,58.772149414224394,1
2026-01-29 17:13:53.139126,27.982914284211898,6.424885970583888,180.07094635894063,47.468819295187,58.091801679871324,1
2026-01-22 05:23:53.139126,22.92965673669179,7.339506775424011,130.4958631147162,40.32075519466584,47.668038217524675,0
2026-01-18 17:03:53.139126,30.213634717684048,7.152680020986214,141.0847502533263,35.383685079728195,41.59906347294714,0
2026-01-22 07:18:53.139126,22.297188890207494,6.939637594599767,167.80820337289066,29.09731624318553,48.651847837266736,0
2026-01-31 17:38:53.139126,50.798294605183045,5.906847722712891,237.06939205836676,39.619126559219104,67.92956081569572,2
2026-01-25 12:28:53.139126,25.14161396623006,7.010574156659997,144.4607146453108,38.349865204743644,36.80387945632947,0
2026-02-01 22:18:53.139126,41.71990730476931,5.839141480902265,213.54432006800852,40.45864423331392,66.27017854761377,2
2026-01-30 15:58:53.139126,29.129928849542843,6.315965636979188,162.37883792561112,34.795626977352555,60.219462724257795,1
2026-01-20 17:38:53.139126,22.288253015220693,7.145461133969228,161.29865604956757,34.24393492184005,41.68147070380535,0
2026-02-03 15:08:53.139126,37.749697285694644,5.2831411644971125,185.5037718917516,40.796808293463044,84.01751362404853,2
2026-01-26 00:23:53.139126,24.77927028408693,6.916954016361423,161.63400674644814,31.199394945863013,42.95459420566259,0
2026-01-16 18:03:53.139126,24.84031625753629,7.123727104645679,161.38091044074585,38.435650154073244,40.471808563957374,0
2026-01-20 01:13:53.139126,28.811775708465508,6.8296610928876165,148.38252568383044,34.155753306839685,40.34278952264367,0
2026-01-23 06:03:53.139126,24.25717014005107,6.8446536143462575,138.29862693321175,29.1351607863621,50.18415276987252,0
2026-02-02 13:03:53.139126,41.69766330559334,5.074980637451169,195.48482496396736,46.36832392869822,67.73342231232512,2
2026-01-16 14:53:53.139126,27.055294127855785,7.337400046534389,153.17943808939194,30.216660157606672,39.402408383090496,0
2026-01-30 10:13:53.139126,37.320046033688314,6.3998954781936845,156.65861889329236,36.89688306617423,71.65702060109365,1
2026-01-27 18:48:53.139126,32.35937462806919,6.580202431239348,165.30923652383913,34.60974525585955,67.06963756732553,1
2026-01-26 01:23:53.139126,27.018607623029798,7.2124313828916975,139.23377288126628,35.27172113075331,46.93107681499484,0
2026-01-29 05:13:53.139126,29.84049688505628,6.678074043129554,195.1906460192813,43.23994085324467,60.98259614471693,1
2026-01-20 22:03:53.139126,29.303493220961084,6.831008395983168,158.25883055004684,37.24274491242909,47.935677661665025,0
2026-02-04 19:08:53.139126,51.62095636493256,5.755922695293313,201.2759582369315,45.83069833923229,68.13141973952612,2
2026-02-02 07:48:53.139126,46.728201492487244,5.993852582510571,216.21830587645283,34.12978787696559,84.50463013610741,2
2026-01-28 16:58:53.139126,33.004821839679806,6.755032663379019,154.92421524590583,32.074243041360106,60.29939093406468,1
2026-02-03 20:13:53.139126,58.90140837296446,5.862230870439651,180.04157041365605,38.7907475495606,74.9094721918629,2
2026-01-26 14:53:53.139126,31.767311651499167,6.75596928143238,160.43900224381122,34.51070290849556,56.33007798262654,1
2026-01-26 09:58:53.139126,31.286499807143475,6.719315583143329,167.96769621155528,40.412200726187244,47.62020366961393,0
2026-02-03 04:28:53.139126,48.42722558091549,5.68859460056074,182.80771427653744,47.8610409741559,76.33756613072893,2
2026-01-22 00:53:53.139126,28.295866792925693,6.924157279311524,144.0850191616014,34.27226338349505,48.41123481809537,0
2026-01-26 08:38:53.139126,20.336644025058074,7.109587912884891,145.10061083587723,43.621234294270806,36.51656532380801,0
2026-01-17 16:23:53.139126,22.462977362835385,6.623829432476003,154.28643306585272,34.68135562738442,46.54977255032739,0
2026-01-18 05:18:53.139126,27.26413922116521,6.950035399086029,151.4597695990338,31.59622515285264,45.64494589267063,0
2026-01-30 21:48:53.139126,30.584195259757564,6.613922800873997,157.9786013111332,34.12306177044799,54.317156571722705,1
2026-02-02 17:58:53.139126,40.46816222596387,5.829191890973247,207.42155856803637,43.90464046606325,81.83359563187959,2
2026-01-23 07:23:53.139126,20.16958426937673,7.19086247176175,146.90397093948857,31.22517539392662,44.49577832654227,0
2026-01-30 04:13:53.139126,32.86579651239003,6.154430174080123,170.32553153842278,42.60191067131554,64.2269007164906,1
2026-02-02 00:38:53.139126,51.00276045208508,6.501017085566483,225.5287178638212,44.54577821300777,78.21836235345559,2
2026-01-21 17:43:53.139126,25.048906805555728,7.041072847590342,157.77664807502867,40.453695726569876,43.16105860315041,0
2026-02-01 08:48:53.139126,44.101606880565136,5.864593256446138,200.32717143923136,47.57632481886347,81.23915959962368,2
2026-02-03 08:13:53.139126,52.604822388808884,5.90149020463854,192.0921131599637,52.501890420720095,75.35102558039736,2
2026-01-16 05:53:53.139126,20.036904516730765,7.001988351818932,146.12219521755506,31.75442486634583,45.6869580604711,0
2026-01-23 08:38:53.139126,22.069770710944344,7.280918302145198,148.04228638809394,30.601718745955953,49.367139365542,0
2026-01-29 17:33:53.139126,33.311582234967624,6.9097915006981765,165.11951890457826,41.86162335926084,48.289559127382894,1
2026-01-23 15:48:53.139126,24.294796919954578,6.65082284244221,165.89720637099887,34.77993386106552,51.97758393117366,0
2026-01-16 08:43:53.139126,19.093504215984353,6.875558105465081,154.45084639153777,35.333685413725235,41.99126434929292,0
2026-02-05 16:18:53.139126,45.29074587207492,5.73016856805678,210.330564794314,44.839366903503596,85.48227653096338,2
2026-02-05 15:33:53.139126,46.888121852088716,5.217674021695454,219.63214736008277,41.42411215310139,71.66181192426079,2
2026-01-25 07:58:53.139126,27.13176899282157,7.223824094574879,143.57268527388166,31.49731026381844,51.721951342305886,0
2026-01-27 03:33:53.139126,31.64483623938949,6.849858681706761,174.67143018447368,35.84564286240779,47.19582931440554,1
2026-01-23 07:33:53.139126,23.879431891403428,7.217703720636097,156.74632833723862,34.788332974010665,41.760291552521515,0
2026-01-17 15:18:53.139126,22.976641714053883,6.7383506529218105,152.61350167039194,35.20133191193386,42.70926317567367,0
2026-01-23 05:28:53.139126,27.438301869727834,7.194229572812561,141.22380330304088,38.880268904472814,40.22532167877983,0
2026-01-24 22:18:53.139126,28.799406016079597,6.8007966437322525,141.37677951929794,37.42001566610898,49.426419414987315,0
2026-01-20 14:58:53.139126,27.935951248621034,6.788142456019732,142.10950671627273,30.09636921082719,43.533298047333204,0
2026-01-28 00:23:53.139126,32.260835510728015,6.213557535874979,151.1942807159497,36.822184950072064,67.23322125533842,1
2026-01-20 15:13:53.139126,22.16532296747051,7.328078975251311,138.11668124708243,38.71992574813645,44.64174717917469,0
2026-01-16 22:13:53.139126,21.506084389700725,6.717781930256221,145.2410937729886,32.88038822356523,41.02822688820814,0
2026-02-02 10:48:53.139126,33.43172893849465,5.898660315659538,207.2880510147531,42.19293351401846,73.84497947602677,2
2026-01-25 03:08:53.139126,23.087245802018995,7.023936603077211,142.23250076424276,36.93386055458892,38.467023912704626,0
2026-02-01 03:13:53.139126,44.45361267550124,6.08106112888168,202.3594834035206,40.512355554283495,75.22052207202171,2
2026-01-25 00:58:53.139126,26.263563909722766,6.963795929521496,151.94821538028788,32.75108520240372,46.6963612360205,0
2026-01-27 11:53:53.139126,39.558266303079876,6.788126740175374,149.18781481082266,39.48592803068988,64.59544493119348,1
2026-01-27 04:03:53.139126,33.87124239387052,6.7650375433418555,158.42785791617112,32.14370152600906,66.83822654546677,1
2026-01-29 19:58:53.139126,31.192649553578793,6.754823905187233,177.0758056570915,35.31295587487678,55.729778711610095,1
2026-01-25 17:13:53.139126,24.503441369139647,7.039086550785424,148.8544280697186,29.220863822231728,44.23248479671928,0
2026-01-30 18:28:53.139126,26.78686368688779,6.602069879294879,167.57994482625776,44.42757115064483,66.75217526161254,1
2026-01-23 10:03:53.139126,30.206364122910962,6.880791979098116,152.17411050223103,40.248424504018786,46.54579809431332,0
2026-01-25 09:48:53.139126,29.258018875143428,7.394146274988069,152.0926737874533,34.98145991725828,38.23714603942905,0
2026-01-25 16:38:53.139126,21.719853729773085,6.67649526353381,158.7026847714432,34.07467656819615,51.76548127733964,0
2026-02-01 09:13:53.139126,44.588531411093086,4.478033848524583,206.87522963175664,44.82825556623245,62.831973509786735,2
2026-01-20 22:08:53.139126,22.274696760898774,7.287685063463859,151.05194997594842,28.06459856634978,46.00217036625913,0
2026-02-04 15:48:53.139126,30.373778413054367,5.979832790795158,210.6026786681176,51.680504368320136,78.31829318857076,2
2026-02-03 22:43:53.139126,43.238005000349254,4.943558216949757,165.42257107417996,49.29664935881536,68.33322934200254,2
2026-01-20 13:08:53.139126,26.87126882633628,7.329684616199724,175.0568577205468,31.921902436999748,36.61590718214204,0
2026-02-05 12:28:53.139126,54.38003528661617,5.585124575728337,214.0700764391927,40.32473211854916,64.34861405786614,2
2026-01-21 12:08:53.139126,19.821041608402158,6.422955115723096,158.13252084949468,37.49601042460847,31.70785502858015,0
2026-02-03 22:23:53.139126,51.854331407168914,6.2042774730783385,190.00194872005943,37.62428666976154,75.22585440074101,2
2026-01-27 04:23:53.139126,26.340027788564534,6.267405751461923,180.59583164315396,39.09061576973531,67.75988052620527,1
2026-01-31 23:03:53.139126,42.630418045011616,5.550183452479662,184.93611757336072,36.1392363452332,76.07488580706865,2
2026-02-01 18:43:53.139126,46.226219810945366,5.497505626605793,174.8868771133826,34.94257324963248,90.46747508939112,2
2026-02-04 15:23:53.139126,56.96961409478952,5.7617575404728205,204.81253687142947,33.75419806215615,86.20291135273106,2
2026-01-28 14:03:53.139126,26.93289616640247,6.795594146956947,154.93707816094184,42.43573861410072,64.42738268974526,1
2026-01-22 18:33:53.139126,23.749922682279227,6.926338973439323,151.39285174210877,35.07624673871195,43.911741360465555,0
2026-01-17 21:18:53.139126,26.561169178560263,7.087598533600378,134.22799603170088,36.65720500237596,41.96698119310936,0
2026-01-30 14:38:53.139126,38.69638835273886,6.5644639103178495,165.5283573253691,44.077917336243516,56.583704045244296,1
2026-01-20 15:33:53.139126,27.977381562797998,6.883391268696016,148.32512787559656,38.482227196651756,42.56614400663259,0
2026-01-19 06:43:53.139126,24.94198441457543,7.041955666381595,144.00484161328322,34.11214693417172,43.102825267639695,0
2026-01-28 02:13:53.139126,28.758576682463726,6.339497639986344,172.9917868329608,41.48418810031416,56.55174842759199,1
2026-01-28 22:28:53.139126,32.92207612243419,6.248234799425247,174.62838898734861,40.620816425084826,55.09301346579528,1
2026-01-30 20:03:53.139126,31.31129982343968,6.756696943272116,151.5397336291906,33.99640043210698,61.37218931915236,1
2026-01-27 01:33:53.139126,23.885334308825385,6.669999390319523,164.19271708485482,34.14083522035399,56.23660564560806,1
2026-01-23 17:43:53.139126,25.821695864206124,6.923040077892724,170.13240643043645,36.90290295712932,52.72978979760911,0
2026-01-18 19:03:53.139126,27.086066896109084,6.885740786478294,153.04721830622512,39.34511244499868,48.47604580414249,0
2026-01-31 11:18:53.139126,29.284333975851368,6.534271849561034,172.57004564735564,40.87932337989557,58.888823464053914,1
2026-01-19 09:08:53.139126,27.33924262731929,6.930893500636451,164.00559494947024,35.31086982368688,48.26575083174658,0
2026-01-18 23:03:53.139126,20.333358961542977,7.117913585218814,158.73053950054378,34.357806636016186,44.30776862818334,0
2026-01-30 22:58:53.139126,28.798682366044915,6.631645820435193,186.68429319629726,40.719543538875385,52.84770692349963,1
2026-01-16 16:13:53.139126,25.496324536642902,6.993119157675851,139.80437181573885,34.73428620369032,50.78536966306645,0
2026-01-31 21:28:53.139126,44.552770957585025,6.416354100325847,194.82545052271752,37.220631274400084,62.45516594266601,2
2026-01-29 22:28:53.139126,30.405370076655032,6.493292939602417,177.41336746154437,41.48443864590253,78.10733511586706,1
2026-01-24 22:03:53.139126,23.670234322917818,7.12072312193568,155.17230714117147,36.43527831216569,39.28862805567089,0
2026-02-04 23:33:53.139126,48.685294800025964,6.581808902076137,202.3841771684881,33.46061934607586,88.81672016466167,2
2026-01-20 15:48:53.139126,28.91082472842517,7.1710931976603405,176.19177307844024,40.21507683604969,38.57509791864826,0
2026-02-05 09:03:53.139126,43.63962413239707,6.165524198112214,183.58095727250276,58.08106549185036,66.82327583501055,2
2026-02-02 10:58:53.139126,48.93885330297611,5.741212667874177,171.8578467594175,44.232331202431126,85.21278253696939,2
2026-02-04 10:33:53.139126,41.252585862822244,5.008902986599178,203.69050591925085,46.40561509312201,71.90394338545316,2
2026-01-27 13:33:53.139126,30.203900129235414,6.377104996244952,156.28340966725085,39.61019193344269,58.99318046197563,1
2026-01-27 14:23:53.139126,28.657095125334433,6.221695572273997,163.43928564490844,38.61317074657112,48.89434781541329,1
2026-01-17 05:48:53.139126,24.091108760220994,7.190704213035626,142.19270179546822,38.55088507676415,45.540014557950514,0
2026-01-24 18:03:53.139126,25.986080987631215,7.289384612172895,149.89980465017044,31.020597524510528,47.39907299630296,0
2026-02-04 14:53:53.139126,53.188695359053284,4.93586637313068,184.5527718104172,45.36250515136708,61.7550497020823,2
2026-01-31 09:53:53.139126,30.92424160422848,6.838094826695791,167.08559194125098,43.14016148264913,59.85968333220157,1
2026-01-18 23:53:53.139126,18.572164711035942,7.394354733688583,152.32081793367945,34.44675344940472,45.1760739557328,0
2026-01-26 19:08:53.139126,26.922573882955923,6.429702252895472,171.17465615190392,29.211292400530613,53.92264028309976,1
2026-01-28 03:03:53.139126,30.639147259729487,6.270959546305179,159.4631448919217,35.811716598400885,66.00631804418225,1
2026-02-03 08:18:53.139126,43.57375890488803,5.49629227184108,216.64531132890914,41.390683762155376,84.71685766590629,2
2026-01-16 07:03:53.139126,27.16816427979814,7.134792207996215,124.48665974325664,36.67030276572872,46.242989418798906,0
2026-01-30 05:13:53.139126,25.755491476963375,6.323099228342311,175.9216650122765,46.840566195632526,50.636881456144025,1
2026-01-28 02:08:53.139126,34.458288376740505,6.6800441330040705,169.54282529048086,47.10328476997632,53.06488380683193,1
2026-01-22 16:58:53.139126,20.404636800903408,6.910330918134487,135.63109660050085,35.62329387309216,42.48097488351691,0
2026-01-21 05:58:53.139126,23.073009516179866,6.834951424491965,168.64002668021936,29.18602943106664,46.09935391378344,0
2026-01-30 12:23:53.139126,31.142445471530714,6.421475980309459,173.27518881539118,34.217803981184375,62.198726394631606,1
2026-01-27 16:28:53.139126,31.30501837400291,6.436908584336207,183.0053633186224,41.5757818465967,59.82109195234971,1
2026-01-19 09:23:53.139126,26.131552095982737,6.985936156156399,154.118509780325,38.7430019142887,42.223043932738456,0
2026-01-27 12:58:53.139126,34.25209067474489,6.960434244899121,144.2972424672448,38.89365642064338,63.3607285068607,1
2026-01-23 14:38:53.139126,20.93560574744724,6.953453449953686,146.04086156451237,36.76637007096702,46.67518550519647,0
2026-02-02 17:33:53.139126,53.99688915398361,6.0470410784618025,190.1063442044211,53.02597600411844,71.85750272275477,2
2026-01-26 17:18:53.139126,31.29041804579302,6.297211596405636,170.24465721053102,29.101794914032755,60.54012358808486,1
2026-01-18 18:33:53.139126,26.35669162321472,6.987822772519128,160.8457865980977,33.66329239255434,43.98597151391485,0
2026-02-04 16:33:53.139126,32.00692284741156,5.706857691014674,207.8225385382635,52.0565970712447,84.67669128758554,2
2026-01-28 05:48:53.139126,28.233930042189932,6.749251536509847,161.24602434160943,45.97956043567296,60.5282442357518,1
2026-01-17 02:18:53.139126,23.605193788758864,6.783438269927773,161.6663951585422,32.777085940203115,49.79654388582418,0
2026-02-05 16:23:53.139126,44.59860197416135,5.771948394919895,200.70458225055728,40.19989666836734,68.54367329497771,2
2026-01-31 19:33:53.139126,38.82447620782094,5.7464310994655365,200.86845354454488,38.72151681559336,63.92211843423216,2
2026-02-03 14:53:53.139126,51.023782811759276,5.695605608048255,219.1792858442295,46.54701651194275,73.9634905659035,2
2026-01-24 04:53:53.139126,28.839579108833604,7.171902042806662,139.30780798594853,30.313758351739054,53.30073829147239,0
2026-01-25 12:58:53.139126,27.133953390918922,7.1568473287333685,147.98017510267397,36.99272455619586,44.89330230219645,0
2026-01-23 07:48:53.139126,23.734024144577113,7.138882601100064,156.1891266529864,29.189472304549753,41.98728188818287,0
2026-01-27 20:58:53.139126,33.821416369916136,6.195670106333576,183.796295387356,35.241220000934604,58.31295212362978,1
2026-01-18 14:43:53.139126,27.637744963500094,7.021527668809617,148.75879681970443,34.812567372053756,45.90750495427632,0
2026-01-19 09:48:53.139126,17.52082390403974,7.190858838093014,150.728637286772,40.900759880221614,44.03538078375335,0
2026-02-04 11:48:53.139126,45.48166471221859,5.775710326467332,170.5383069868466,47.37053075325968,85.04076894813011,2
2026-01-23 23:03:53.139126,29.421008676305355,6.749964051104742,139.0318329040133,33.80907932606756,41.91819070339064,0
2026-01-19 12:58:53.139126,29.030589498018752,6.923036514020669,147.85746994421734,33.588630634992505,51.830120806160686,0
2026-01-27 06:13:53.139126,35.62408547368185,6.523800956164314,160.61904656880182,42.700948512036746,51.5587252966011,1
2026-01-22 05:08:53.139126,28.2999161750348,7.064703993700889,125.68959384181615,33.01632932492103,40.502703340692925,0
2026-02-02 04:28:53.139126,52.01011372214258,5.052079898649697,204.3588082405439,46.985406435474935,77.90137906419496,2
2026-01-31 11:03:53.139126,31.93203848715162,6.66068516196858,159.46810557773568,38.250010203673796,58.67828278356541,1
2026-01-22 02:13:53.139126,25.93663144795789,6.957967928355388,153.17704508074198,32.59570696381439,41.500963628052354,0
2026-01-17 06:58:53.139126,22.854275146908837,7.38166943434395,144.35182174720376,37.584544198594635,39.61663118614007,0
2026-01-28 22:58:53.139126,30.463442363050778,6.785266962121765,184.11853450307808,38.5609094447056,65.19835705037072,1
2026-01-30 20:08:53.139126,31.39512147012831,6.8270037980824645,142.69019522925555,36.02877110481358,60.143480149889385,1
2026-01-18 11:53:53.139126,25.5476886332206,6.850427864039719,150.9880806561251,31.112884697800705,42.428205139884156,0
2026-01-28 00:33:53.139126,35.79670473675746,6.000064982560166,175.94212424534192,34.17780791988657,61.08861328293923,1
2026-01-19 11:03:53.139126,24.92854019154454,6.935543944816366,145.35551159530343,34.544460506320114,41.40780705278236,0
2026-02-04 18:43:53.139126,43.50689912898128,6.5629499689463575,184.46733817389284,39.17664673499633,80.99583548146691,2
2026-01-23 18:08:53.139126,20.29936259256072,7.082995945027415,164.89055183433987,35.69823165484277,47.057560748203976,0
2026-01-25 12:38:53.139126,27.726061820865286,6.978001825658221,142.41124232117647,36.678508828130624,38.738517391804685,0
2026-02-01 14:58:53.139126,37.756565219840724,5.540517986264922,190.44143919455686,48.96395606287074,74.77925907009798,2
2026-02-05 00:13:53.139126,51.95314141024658,5.677123940848664,189.63056907340714,51.844643323831086,81.49186163341693,2
2026-02-05 17:43:53.139126,28.843831518452976,6.7150076345413225,192.92339845059098,40.82398007030737,64.05940789880708,2
2026-01-28 12:13:53.139126,32.74598650057273,6.59716900889422,137.63410473362407,43.59266446181599,57.96548827142489,1
2026-02-01 18:58:53.139126,50.15896537848665,5.24859628484431,201.6207730412482,41.62768561890682,62.47868580128296,2
2026-01-23 00:23:53.139126,25.197331133084717,6.634473212491773,153.73003037282407,31.374616499025855,45.96030782079466,0
2026-01-30 09:53:53.139126,29.23154385816719,6.775126782238811,168.44644124286938,37.12244313008727,53.92202879630875,1
2026-02-01 15:08:53.139126,46.20023157366711,5.4134496526154745,193.29109498968666,46.504365192082844,74.99175459035695,2
2026-02-02 04:03:53.139126,32.78178056683698,6.240450486597394,198.43809588180633,40.95442161026585,75.39975468001995,2
2026-02-04 09:18:53.139126,47.612050267432515,5.997873158951736,184.1515492284279,47.002275164699235,73.20982475959104,2
2026-02-05 05:18:53.139126,46.790592783937925,5.209288354582065,179.92408569716338,44.947416567642954,69.7189659828366,2
2026-01-28 14:33:53.139126,34.20215017665222,6.63198171487135,158.4652966405322,41.12534381286143,64.56344185418548,1
2026-02-04 02:33:53.139126,54.53105982300165,6.687428389452576,190.2122176145809,41.733987581918896,78.03347115546666,2
2026-02-05 20:08:53.139126,52.442348002373656,6.403402769574248,199.03903113136496,45.11147959718468,72.27484332935973,2
2026-02-02 06:03:53.139126,46.551450037200155,6.1268441669737665,192.2656558396543,51.47999017261772,73.97365468770435,2
2026-01-17 10:38:53.139126,23.57410923309254,7.23706947602023,146.19364140991482,30.990037165950067,42.025882532558754,0
2026-02-03 06:13:53.139126,48.86956843196184,5.878524125042777,191.80339555445192,49.20723674536729,79.45606037399524,2
2026-02-04 02:43:53.139126,43.166260198923496,5.847309584497725,179.57762008837648,50.19415507906048,83.87910901277613,2
2026-01-17 23:13:53.139126,24.895446795868928,6.993825603961192,146.60014488726208,38.99859910352735,43.68003165520287,0
2026-02-04 14:58:53.139126,56.29109074637187,5.668996279188527,203.67415825190642,35.563605138837865,75.96031050501217,2
2026-01-30 17:33:53.139126,33.23380880385856,6.03510833827172,178.75474349970077,34.58991200094199,54.99197449491382,1
2026-01-28 06:48:53.139126,35.823327807091246,5.6893267301871715,164.05805320187423,33.59413324524515,56.668444559799525,1
2026-01-16 19:18:53.139126,19.94850297332321,6.8273734680203635,158.10092228054467,33.605296766746136,47.04596876289552,0
2026-01-20 17:33:53.139126,22.519539170492838,7.2745791610827135,157.16671883972816,28.30826970278772,45.395606995789514,0
2026-01-28 06:23:53.139126,37.95257541015191,6.464189281153912,161.6319029988062,40.44131095186205,65.19168228426594,1
2026-01-25 12:13:53.139126,24.247143034496876,7.129950267007221,145.82968521190486,32.630496900506486,48.366072463854366,0
2026-02-01 07:03:53.139126,53.6237595962871,5.461497881172409,208.6673743284479,33.503313263079725,71.77207968367752,2
2026-01-30 01:38:53.139126,39.027668222354094,6.663319918557239,160.03878732579173,40.270842470267546,53.018917177572256,1
2026-01-22 13:03:53.139126,25.00256163225179,6.852391367184212,154.99583084475665,34.309820056912336,42.07706296695811,0
2026-02-03 17:03:53.139126,43.17422526675668,6.28658614332711,210.9385901647131,49.36234666656767,63.91791358383533,2
2026-01-26 01:53:53.139126,29.96240641466889,6.974280936505412,159.95949736708369,30.18995829712446,46.527650146913096,0
2026-01-26 15:03:53.139126,31.537086130870723,7.135568583671137,153.7361836753378,39.95843373300324,57.24777635581191,1
2026-01-20 06:58:53.139126,28.559321622943457,7.203304444389852,148.55609064640853,31.36594992793879,45.064465021033186,0
2026-01-21 19:38:53.139126,27.862562846714678,7.016946597018877,148.53149490345135,37.60745937154732,45.67796712353202,0
2026-01-27 23:18:53.139126,32.21424153643625,6.982698546379271,161.36472345097852,38.48623415950562,51.41281400240902,1
2026-01-28 04:13:53.139126,37.72373385438225,6.347725561576087,161.35036112049968,40.56935542082003,51.31335303937572,1
2026-01-26 00:58:53.139126,24.162016009136654,7.324645988739174,139.8202793311564,28.698477862827446,49.71168706787771,0
2026-01-22 07:53:53.139126,19.411021416521216,7.182944085149481,137.54858859088057,34.5453480158196,53.19316655180063,0
2026-01-29 06:58:53.139126,30.25135248465938,7.095177980524222,151.1385814645116,36.63076543337506,61.0298152625883,1
2026-01-27 19:13:53.139126,29.660345149411196,6.30917723964095,168.6307421583445,37.34018251785064,62.820239406177926,1
2026-01-27 19:08:53.139126,29.966948526109064,6.0577276225459595,169.98851642812616,36.978611715090295,65.88628627061384,1
2026-01-28 08:58:53.139126,27.25993676794075,6.512157106621172,157.9999402028879,35.64500705564474,52.93260739524397,1
2026-02-03 08:48:53.139126,40.2310354428938,5.760832624247593,187.09522109381066,39.23330620400324,69.62537429580908,2
2026-01-28 01:58:53.139126,33.74723431287383,6.580702611721789,164.3907802340823,33.697889279542174,64.31307155841391,1
2026-01-18 04:48:53.139126,19.970781718564446,7.082684961954813,135.8010713939019,37.07913842229053,48.60785207471927,0
2026-01-26 17:13:53.139126,32.19129627392381,6.527238704476688,179.96990637054574,35.81525106675183,63.29340106370817,1
2026-02-03 04:53:53.139126,47.89526639102754,5.807550579492362,205.611812122031,50.08767523881998,73.66959281209314,2
2026-01-16 13:03:53.139126,26.69778235498889,7.0893377266276865,150.2798937434558,34.39514952351446,42.55231749972511,0
2026-01-29 13:33:53.139126,31.950794312944307,6.624540098647251,168.6407649537362,36.24920410525739,55.83870691650671,1
2026-01-26 07:08:53.139126,22.578811662085453,7.22361836742375,165.1247997094514,34.189767038454,48.25453542691038,0
2026-01-31 13:28:53.139126,30.562754556196563,6.529158872500768,167.55953733580722,39.09946594216832,63.68347088652865,1
2026-01-28 08:48:53.139126,32.27650916310702,6.600037512258115,143.9193622775091,42.78181707717844,47.123339453907214,1
2026-01-25 14:03:53.139126,27.66696926701633,7.172164148511239,128.91340217635363,37.543266863148396,45.574471307596454,0
2026-01-18 23:28:53.139126,20.887368631708416,6.885799857555556,139.13926220917193,42.614065126926334,41.99710718643445,0
2026-01-21 19:08:53.139126,22.781806631466335,7.304027274696323,153.92426327604574,30.659337260125163,48.91796656641472,0
2026-01-19 12:33:53.139126,22.079740965399182,6.865534518578716,145.45143246608725,35.880525127297304,41.961540301511455,0
2026-01-27 11:58:53.139126,35.5698831039742,6.1569481131076715,179.1418655049091,38.708713871082004,65.66347761588446,1
2026-02-05 19:23:53.139126,44.468999859405464,5.872475415309842,225.2567254482863,38.75754101923598,88.42151278567555,2
2026-01-23 16:53:53.139126,25.429427588889478,7.177804657256854,159.7853540050568,36.483001597358076,47.411531167340385,0
2026-02-04 06:48:53.139126,48.58813880262246,6.644712465685898,191.6392219038797,40.335340854311696,77.27528044619535,2
2026-01-24 14:08:53.139126,26.307981943563867,7.2024756355016795,154.50624854588963,33.967975395827075,45.03518671109033,0
2026-01-17 08:43:53.139126,20.98686561566247,6.605293648166246,168.02977745019078,32.72623979799711,38.5756919272074,0
2026-01-24 06:18:53.139126,24.183756005619927,7.094732617740931,160.8140840574861,30.53347527068523,46.55824272857601,0
2026-01-17 07:18:53.139126,23.190522640595965,6.963256910959416,122.75848512447898,38.153418745172516,44.60661446003537,0
2026-01-18 22:23:53.139126,22.889606146118673,6.701398840367842,160.8198166193798,37.382433800213306,45.83150251046537,0
2026-02-01 19:08:53.139126,47.20663363827961,5.599124825627237,220.13527668772107,36.1088361486432,65.3990230510647,2
2026-01-27 05:38:53.139126,27.37537504476744,6.259412071333231,173.6532418984441,38.721487573228714,60.58636114468256,1
2026-02-03 21:43:53.139126,38.57403329083059,6.387408176604913,201.63542918444898,40.20215129801507,89.254087647874,2
2026-02-05 01:38:53.139126,48.37821783818314,5.993624305526028,181.63424086812535,41.286397437223116,62.97430473990642,2
2026-01-27 15:38:53.139126,36.03497147286751,6.733026876878477,169.17963858362452,33.601930242298195,59.44368520708562,1
2026-01-30 08:43:53.139126,33.48077043284194,6.534596123858833,150.60861998530186,37.77510615712445,53.73598321654313,1
2026-01-23 10:53:53.139126,19.26665961089915,7.338863440291895,142.98144640210597,37.197444986628774,49.22206712115304,0
2026-01-22 11:23:53.139126,25.21880400322596,7.2476127592604325,132.70337281316918,31.607017623879138,46.43165230549654,0
2026-01-18 20:38:53.139126,27.228582001384062,6.9922737734802345,148.95264959652255,29.06992343594074,50.867982779270356,0
2026-02-05 17:08:53.139126,38.71821379002471,5.025947839213993,201.07473657432536,50.63305995399974,66.07218793182678,2
2026-01-25 09:23:53.139126,26.85834290673794,7.183130837600051,151.66949588724083,31.54449819514097,41.86038211832,0
2026-01-16 10:23:53.139126,21.42082400247136,7.128056718316144,167.39628519415052,30.215852066261412,44.914991714307085,0
2026-01-30 18:38:53.139126,28.86856121199649,6.52942811034536,165.46235034978636,39.44749063118964,52.938418761979214,1
2026-01-29 03:33:53.139126,38.48105875889414,6.019410563899595,167.8680408174718,45.24149654155022,60.09403177496103,1
2026-01-26 03:28:53.139126,22.420207788572256,7.1563994353139915,139.3183269988483,36.544711354549975,50.616277580182235,0
2026-01-24 08:08:53.139126,25.319074847875402,6.830420761537538,129.5880085777992,38.09889816206374,46.689307181885624,0
2026-02-02 08:18:53.139126,48.26808618544843,5.793389993143826,184.98853253243854,44.002527639226514,87.98002658148978,2
2026-02-04 18:48:53.139126,36.38778722263133,5.279166315100429,219.89945470538507,33.93754340919659,77.86937640344341,2
2026-01-27 07:33:53.139126,35.843532787192196,5.9592318399932465,174.34091635126808,32.41680145414818,65.04354189328451,1
2026-02-03 15:43:53.139126,40.40853232303314,5.210154692810931,210.6727355906602,44.089665461461166,80.1709002773069,2
2026-01-26 00:18:53.139126,26.98666021239937,6.819947493960551,156.38051140117074,35.011074375309875,40.42022445370083,0
2026-01-26 05:13:53.139126,20.699937403825807,7.016383105970796,153.01480982010122,35.28273260433928,47.37336734219088,0
2026-01-22 13:58:53.139126,33.61457841821889,6.878739628904497,143.75690364789932,31.888234515753926,46.89095215396723,0
2026-02-01 02:53:53.139126,55.42727805584016,6.045349640929207,190.35080691990152,46.81999433368116,73.52470507221408,2
2026-01-22 13:18:53.139126,23.90164299937284,6.838248266730997,158.40588269689667,34.005909698181625,50.3614087021981,0
2026-01-25 06:58:53.139126,23.82203806909208,7.154683870963586,149.27258870271143,34.69694880284339,52.78175430260149,0
2026-01-23 21:28:53.139126,20.443615102156382,6.613821112128384,148.46840137072832,36.24690063066112,52.066242396972704,0
2026-01-24 05:13:53.139126,25.571147708719796,7.080389412443024,161.20063354371257,35.15527914748442,37.89977247078741,0
2026-01-19 09:43:53.139126,24.59351440982216,7.0146198019836365,169.4711127643326,34.855088284831496,43.71684587803219,0
2026-01-26 18:13:53.139126,27.991262614903196,6.618837692154634,166.8837708881889,37.954026007675964,51.50868578120614,1
2026-01-19 23:53:53.139126,27.284952015568248,6.864638310321986,163.60910712319523,36.1732903147746,47.618264113059745,0
2026-01-25 02:58:53.139126,20.76941177835615,7.0271416451188795,148.16238607449986,37.894259220489104,39.02413092942443,0
2026-01-23 18:13:53.139126,24.600238466447234,7.053189712029535,137.49282637422948,33.31180884167347,45.185634397660394,0
2026-01-17 13:28:53.139126,26.266461789715677,7.20829131737892,125.63482312603313,37.82220615314945,33.19794240371266,0
2026-01-19 07:23:53.139126,25.802581783121923,7.157195954044783,135.23823582082005,33.33725217416997,37.935591461221684,0
2026-01-20 11:03:53.139126,22.205327497139304,6.929932503106148,142.73389962981545,34.36395442869972,44.19828066387714,0
2026-01-17 18:18:53.139126,24.753106854844447,7.129505167188799,127.5794738440123,35.288036872785845,39.348236399350384,0
2026-01-23 04:08:53.139126,22.83911858498843,7.092462464085822,147.8284438004296,37.58202795818054,47.53446874274166,0
2026-01-20 06:43:53.139126,23.369616377324604,7.132468337253927,160.15274414481925,32.35180324282593,39.76524042542568,0
2026-01-25 05:23:53.139126,25.37161528728498,6.887555485166514,145.0019860041888,36.116704757332556,48.46584846385348,0
2026-02-05 03:38:53.139126,62.45165368030302,5.588912165433604,208.97428673033923,32.85650456737811,82.03304570348968,2
2026-01-22 22:43:53.139126,25.380589567252432,6.904244222021328,150.5716488519721,35.52203878317283,45.83665843914452,0
2026-01-26 21:43:53.139126,28.352187292364924,6.834263794236156,147.5086000170051,35.829051091442764,57.50952211106919,1
2026-01-30 01:23:53.139126,32.7501276672849,5.994290262099623,154.20328123809105,34.73483194685791,61.34804769235775,1
2026-01-23 13:48:53.139126,21.52351149670791,6.949768296489149,140.2753979775896,39.06092781791899,44.93592590183315,0
2026-01-28 21:48:53.139126,27.66014673293824,6.305742183310991,156.82897283244657,39.38262087120441,57.27845159241185,1
2026-02-02 04:13:53.139126,52.134740489090454,5.499182856907938,197.28192851316183,40.730912277797856,80.44069256799284,2
2026-01-23 00:58:53.139126,28.14019201528702,6.803657478615997,140.01410381707296,32.46185463319828,47.98612903483433,0
2026-01-30 02:38:53.139126,29.087291404323203,6.031454189344649,143.32924892709764,37.21404528820037,58.02838264974406,1
2026-02-05 12:48:53.139126,46.080617434471655,6.556093494187356,160.13976364215995,37.86677357343784,91.71346348641849,2
2026-01-26 17:03:53.139126,31.708007664995623,6.229045548951617,163.84001555093198,43.42377435599126,51.75267484906556,1
2026-01-20 10:33:53.139126,24.24918454584783,6.837069456965747,139.24172377820335,36.285507144411746,45.332235698127874,0
2026-01-23 17:13:53.139126,26.36545748334211,6.851108395439167,162.53826390887662,36.100886346119594,49.4903529688615,0
2026-01-25 12:33:53.139126,26.464692648904688,6.999411754888121,138.21427255571245,40.857921771238594,45.6424835619942,0
2026-01-19 13:13:53.139126,21.979246669871873,6.677153008097795,149.9454807617559,32.42650545422888,47.97213443458468,0
2026-01-23 17:03:53.139126,25.80729656300651,7.3060044734915675,147.6685798256452,38.812836275450636,47.391499028400524,0
2026-02-01 07:43:53.139126,50.34257568381033,6.654661187553846,169.82970764540897,40.96249883806677,86.96002116634881,2
2026-01-29 04:03:53.139126,33.429183450085254,6.227809460848403,152.13668168954604,32.834766078674164,54.68154504104544,1
2026-01-28 14:18:53.139126,32.26454604585503,6.315954972041897,147.0228154779807,40.01199050460256,68.85528524581552,1
2026-02-01 11:08:53.139126,37.02237209936897,5.312139304847118,185.08903366058442,44.61561847800618,85.74502729356462,2
2026-01-20 16:23:53.139126,25.399240360668,6.946055818988944,148.11971353416234,32.83795631964354,48.42029439879344,0
2026-01-22 13:48:53.139126,24.699823417709013,7.015955324966815,137.48884640050218,36.34083537599891,45.44718376690443,0
2026-01-24 05:48:53.139126,28.850828906434234,7.07644296115445,145.938043966621,35.9990346819848,52.07787896466127,0
2026-01-24 14:38:53.139126,29.731885937257225,6.618642698993899,129.8772886218959,37.0164360453806,41.07163172307611,0
2026-01-23 12:33:53.139126,19.281022762438663,6.998155549330864,148.79741421422145,36.075577784289976,49.0339014431413,0
2026-01-19 19:18:53.139126,24.412241474610227,6.889176128984065,142.94888456585343,39.03601126043,47.219598034889614,0
2026-02-05 18:23:53.139126,45.923940442983394,5.733720086634523,215.10640779911373,41.65699860139225,71.87399629346743,2
2026-01-30 18:48:53.139126,27.97999113631647,6.666092577122043,157.65670940819052,45.623318035795386,57.37959411560013,1
2026-01-25 04:58:53.139126,22.38163181985078,6.961923217017939,167.9485789131342,33.2232512417674,46.15352714842068,0
2026-01-16 08:58:53.139126,26.954515773598146,7.145932636803638,154.6478749022815,32.74433288185994,44.95053512262008,0
2026-01-26 04:03:53.139126,21.03274280326887,6.862902339407123,158.75048832275215,32.02652882403395,44.451370017438656,0
2026-02-01 20:13:53.139126,50.503811845585595,5.7931766073266076,180.91718837057846,39.01662830897861,70.34144417657208,2
2026-01-20 16:03:53.139126,25.4275168950534,6.977525356963688,144.43424481947253,36.319716277577434,42.50035786413642,0
2026-02-03 06:28:53.139126,50.27780045244055,6.2345239627413225,194.7777575099877,39.20315031732299,79.78686765252792,2
2026-01-19 03:13:53.139126,24.129071613308916,7.061906928874816,148.23922377870588,44.74535003101261,46.55930650452793,0
2026-01-29 11:23:53.139126,37.0275856293866,5.958260706038617,157.4042608468634,41.47355856244513,68.6178813687603,1
2026-02-05 09:23:53.139126,50.35785179035936,5.382607186093734,176.30058569602807,41.976787604469955,75.1946785954041,2
2026-01-26 09:38:53.139126,26.043663829932264,7.02701376439401,158.1571921364631,36.729127293883046,37.88769116703802,0
2026-01-27 21:08:53.139126,34.6127704722878,7.033738369524141,179.62380343554472,46.948184433599,58.63811708298017,1
2026-01-24 23:53:53.139126,27.80352177392886,7.130713595532219,145.8371529215952,39.01709468813265,40.74028528175629,0
2026-02-05 12:13:53.139126,42.906704939144824,6.4772722942545276,168.31872723303735,37.21234803972905,72.89657897511903,2
2026-01-25 06:08:53.139126,27.216787353998647,7.032612146558092,139.62960966458823,38.755496501107935,42.05592024546827,0
2026-01-28 08:43:53.139126,33.52543495727835,6.38648451538948,169.31467516642851,35.0540302196758,61.14772330590531,1
2026-01-17 09:48:53.139126,23.340949013659774,7.241604034559494,141.10857356492494,35.92293719996744,46.100522256185215,0
2026-01-22 17:33:53.139126,23.56591754373171,7.087189326602873,143.57162094988925,35.55190229815379,37.13035231519602,0
2026-01-31 11:38:53.139126,34.55852511702466,6.010225483430117,175.206726002178,45.156332555003594,56.89550338097478,1
2026-02-03 02:23:53.139126,42.391525694516496,5.9421940396357265,198.58163521239723,41.5039537080288,72.04146489839552,2
2026-02-03 07:13:53.139126,43.732180533116605,5.440531923600723,166.29361721896456,35.942492038960104,68.17684714799027,2
2026-01-30 02:08:53.139126,28.131001421777217,6.143526889410715,157.83282654074688,44.21553260479316,61.15509707398206,1
2026-01-21 16:13:53.139126,25.878705534115028,6.817596543022726,151.110909677009,31.8796360495655,47.08868096086152,0
2026-01-19 23:43:53.139126,14.738367641314355,7.144972692372787,144.29627313105405,38.174636660249604,47.61117280650919,0
2026-01-28 20:58:53.139126,36.70966529177079,6.514194908294931,157.67687703157193,41.30845504604207,62.984542709669775,1
2026-01-28 05:23:53.139126,38.680495058774106,6.369799980930368,160.8565556523679,40.23905476876117,57.278804095256056,1
2026-02-05 08:48:53.139126,51.25253562729554,5.706250509050574,200.85431262179992,42.23239845101668,67.52000509614211,2
2026-01-26 09:03:53.139126,24.926674170652408,7.059233181302544,156.0321760521316,35.40222414264265,45.08943803517435,0
2026-01-23 00:43:53.139126,23.071196170982898,7.198008098371763,167.08183618020325,34.280774486277096,46.95102548684943,0
2026-02-05 17:58:53.139126,49.267343093812464,5.910389991550624,177.73101448303774,36.513795883786585,77.58035571059001,2
2026-02-03 04:23:53.139126,51.65645106641328,6.719411978889357,199.02039304937017,36.93989069435688,78.05414570553445,2
2026-01-24 08:33:53.139126,21.134771974082902,6.891349120308334,138.74823427305168,33.308358610782996,39.22005569327833,0
2026-01-20 18:23:53.139126,22.342479134373022,6.8696927683780045,161.1566755035387,31.69164357930418,43.344607897317566,0
2026-01-17 05:13:53.139126,25.683160069744993,7.070035287426438,139.79984105415352,32.931079207746315,48.782084481307656,0
2026-01-21 17:28:53.139126,26.008808914535127,6.721041024891726,167.43466079191663,34.214428063074784,42.855118361209705,0
2026-01-28 23:58:53.139126,34.96581184597663,5.960445539304191,148.68338918126653,36.76039661344357,57.718633748804976,1
2026-01-23 06:13:53.139126,20.3491379342788,7.109185126405355,144.64907799942648,33.57482837625083,45.90592437592486,0
2026-01-23 19:28:53.139126,21.66631387742011,7.04983737447661,144.2220468675532,39.24881762671199,40.74503529939163,0
2026-01-21 21:58:53.139126,23.891007125988178,6.713016143291749,154.1145797548048,33.80028639515846,50.97220761648514,0
2026-01-17 00:13:53.139126,19.55625531566422,6.849134189053067,143.57202074521192,32.524096189255644,49.09821480406002,0
2026-02-03 11:28:53.139126,41.878344574900325,6.662148616274827,213.23896653798252,47.366666426705365,80.60510899896786,2
2026-01-23 04:28:53.139126,24.275786128844846,6.848104436023966,144.38515140714398,42.23611956223259,51.25961846077905,0
2026-02-01 17:18:53.139126,55.322135695792205,5.899544293439612,171.4178720679193,47.58213588194289,82.475335030252,2
2026-01-19 05:38:53.139126,25.63576398023995,6.4988067739190445,146.88378959710647,29.677695287004052,44.48838519002346,0
2026-01-29 02:33:53.139126,27.673080640247626,6.528698330234851,164.06747980135853,34.39015719234064,55.05732203143026,1
2026-01-23 03:23:53.139126,25.87462208717031,7.113062424161612,139.7988318468057,29.369820601920022,42.09827386286977,0
2026-01-30 19:23:53.139126,33.94281371402195,6.3744771482077995,172.1896946002001,37.33914766308423,62.87445206983117,1
2026-01-22 18:18:53.139126,24.076529909692557,6.7841922887819255,139.42575939712785,37.307593137957795,51.76541756757199,0
2026-01-22 10:53:53.139126,18.027813167004087,6.900254420002418,167.2220585375827,39.07734290323516,41.83385536035789,0
2026-01-21 13:38:53.139126,16.04930026661384,7.125663575239473,167.27658666631385,36.39311061051205,44.201691627163804,0
2026-01-31 10:28:53.139126,33.71356578643735,7.005262501510152,171.80595959734373,33.37182753932321,56.3795777746888,1
2026-02-01 14:18:53.139126,42.266104140197804,5.268880153920618,218.60677605063407,41.03698332990479,79.35419175704375,2
2026-02-03 08:53:53.139126,49.06095914972399,4.960625309172729,175.2583054877596,49.36786810689628,83.98564333364317,2
2026-02-01 06:23:53.139126,56.65376446371341,6.4255102955366565,189.23954902568462,46.552755892285525,81.22107865074321,2
2026-01-30 17:13:53.139126,34.871831754551195,6.47041848748378,163.91238761933508,37.37015435187769,68.95915157525626,1
2026-02-01 04:08:53.139126,29.28266204896626,5.693385036385671,195.8259528909496,45.919276623158666,81.75132578281796,2
2026-01-16 21:13:53.139126,25.49300725348745,7.364003284668875,166.27648168720947,31.904553767308922,44.61217848166165,0
2026-01-18 14:48:53.139126,22.38893091146782,7.063558737802559,145.00488813943912,34.31210852760886,40.868803040690715,0
2026-02-03 18:43:53.139126,40.86859076888939,6.006540622458154,215.15277075560383,50.11234110291839,81.62720591544524,2
2026-01-20 01:38:53.139126,22.465645145525357,7.0854104670848495,149.70170547463184,34.742905486181684,44.127254636979025,0
2026-01-25 16:43:53.139126,25.31088099726032,6.91620248520746,157.44322608699176,34.1704478051198,45.76882734838729,0
2026-01-19 01:03:53.139126,22.100159926757797,7.069582308518584,159.50495023831832,37.231589825598235,39.93818968916015,0
2026-01-30 23:58:53.139126,32.24662384211783,6.7344461404632545,171.60041773628018,34.10675672502388,57.65111758881549,1
2026-02-02 14:43:53.139126,38.90921480562719,6.119742294115991,184.37582373790124,40.601472344880726,72.00554087048295,2
2026-01-24 23:08:53.139126,25.902110617630726,7.170860798124482,164.1964306019406,37.790976444802126,44.012369339896345,0
2026-01-26 06:33:53.139126,22.023319965608817,7.363797293859055,137.9074575710096,33.55237612905591,42.87036408532049,0
2026-01-16 12:18:53.139126,27.361143196551108,7.019588358232385,142.17967903446646,29.891627669375417,40.60419984451002,0
2026-01-18 08:18:53.139126,24.472518885749967,6.76793569744249,133.93045685611457,31.752846115449277,42.25662287889227,0
2026-01-16 02:48:53.139126,23.75056361866449,6.976146336473295,157.00460547106087,35.038689747850334,39.76600029875392,0
2026-01-30 14:03:53.139126,38.14411194798506,6.59352765049136,158.0065469656631,40.36555408216738,61.65017710871392,1
2026-01-17 17:28:53.139126,26.46751792170557,7.074949946771576,157.26517679642103,37.410057015435,48.54627276182646,0
2026-01-16 02:58:53.139126,25.85672722405949,6.876849125715626,161.24127534407572,32.38958371757672,46.7152717764632,0
2026-01-19 07:08:53.139126,21.63881589968827,7.130544239152268,138.38592083968445,40.036423309234905,34.866883753472884,0
2026-01-25 02:48:53.139126,21.64818509331231,6.602968897374854,157.76732458346754,40.59595152974292,46.69178983959934,0
2026-01-31 02:53:53.139126,28.40705042144184,6.445010183498281,142.52150335350035,37.420546680778116,53.182070927121174,1
2026-01-19 19:08:53.139126,28.676563435622146,6.903072419720389,151.9901791511711,32.26337226893719,43.14724290357859,0
2026-01-25 02:23:53.139126,23.619634781686276,6.825114800782501,139.30726457023516,38.092642212860135,42.51790235823865,0
2026-01-16 22:43:53.139126,28.49283011759268,6.953252312190116,135.20317973046062,36.69751502004264,49.36378254709003,0
2026-02-03 04:58:53.139126,47.50351004024878,5.800106451499151,209.83554820350196,46.98188325826302,80.22239218891724,2
2026-01-20 03:13:53.139126,19.57808632985696,6.780764283815898,143.47951173582427,32.65465190493781,39.57451144011527,0
2026-01-26 01:43:53.139126,22.418765014064995,7.030774865290773,142.12246306720752,39.431149492224044,45.17693064629133,0
2026-01-29 01:48:53.139126,30.379881951285654,6.847696712013445,175.44020105937534,34.666040273924814,61.63767758674922,1
2026-01-24 10:18:53.139126,26.636994175042638,7.141167180948948,148.45227646758636,35.56403598390695,52.077339290828185,0
2026-01-28 07:38:53.139126,37.58528773184641,5.779360566953046,154.47790283063333,41.24697806994948,60.020691253974604,1
2026-01-27 23:38:53.139126,23.49477543073089,6.951258258873806,173.93269506461743,39.58432337612814,60.61996125252959,1
2026-01-25 00:08:53.139126,29.008164421721013,6.832468141654687,141.6231142643823,33.67396283409726,41.67359569696641,0
2026-01-21 16:18:53.139126,28.80816131504163,6.680885379157041,153.2585352431374,35.282112756184624,43.81641558786307,0
2026-02-05 04:38:53.139126,50.49060248728818,5.835102601366401,202.86020370196994,53.24023622001195,87.27253826720238,2
2026-01-24 04:13:53.139126,22.183665916656228,6.864915635753171,137.16353259213983,34.57211436588727,46.13707157933778,0
2026-01-25 12:18:53.139126,23.711000762953848,7.143951168909256,158.14329293662396,41.63864344241009,32.664225654472276,0
2026-02-03 09:18:53.139126,46.934398082933924,5.289875012889962,183.04537446889117,51.400579262396704,72.38041447044255,2
2026-01-20 15:53:53.139126,25.62889114009372,6.815062191711356,151.02681486960043,38.01101496542691,40.049436682988066,0
2026-01-28 01:53:53.139126,30.28000883211074,6.858394761378447,170.63553009816619,42.075733553733926,46.793935972481954,1
2026-01-29 08:13:53.139126,37.012433481473956,6.314244344301998,183.88005861088922,33.721240724576994,59.901630906550395,1
2026-02-04 11:33:53.139126,48.7746646928496,6.316976162256455,198.22944672613914,49.42793756146323,74.57710869591246,2
2026-01-24 07:23:53.139126,23.671253611437386,6.679651494232238,130.26081110414952,35.82907043137665,42.28017006724014,0
2026-01-22 23:08:53.139126,27.326963419132845,7.033744467938947,142.3498324638703,33.86314663646906,49.61081889375338,0
2026-01-28 07:23:53.139126,36.21059670425926,7.107667459505299,160.1203301313214,33.41147545812627,51.12140184481919,1
2026-01-22 05:18:53.139126,21.63196524071867,7.183868551631728,149.69649212938657,35.84772008977974,48.58123541247644,0
2026-01-25 14:48:53.139126,27.41644664761118,7.035893662601396,127.1977921339011,31.17043286756376,40.22796807897046,0
2026-02-04 12:08:53.139126,60.678013902728615,5.630561249335761,200.96382906561158,32.06920725853032,79.55929143853156,2
2026-01-24 16:33:53.139126,20.15332407394062,7.277367072232252,148.36624418184041,31.451973921724594,46.415808274270155,0
2026-01-30 00:28:53.139126,31.391828947369763,6.468035760509325,142.27610033201353,41.362745072046934,65.32911565158433,1
2026-02-01 11:43:53.139126,52.263471179693134,5.899404418750221,212.20618434753013,46.89688867281874,73.44454091203258,2
2026-01-21 06:58:53.139126,31.90745049899332,7.021751155874421,160.5283548846607,35.61777263487237,41.9780119397161,0
2026-01-30 17:03:53.139126,27.261643557745508,7.186952965503652,176.028571688006,35.90136880518953,54.79820975906131,1
2026-01-23 14:23:53.139126,23.38552449060082,7.14977654437611,152.6344618438847,36.0434067519863,45.105495562968166,0
2026-01-20 03:58:53.139126,23.813534481212884,7.2873954164310035,143.95475896718196,32.74144058515793,46.132826124393446,0
2026-02-03 21:48:53.139126,42.35122695607826,5.882309014853153,192.8604435184246,40.090392642644645,65.97880296851363,2
2026-01-16 21:53:53.139126,26.552184642914316,7.125044421897328,150.61278146730206,31.608767460839736,48.121791874560365,0
2026-01-16 08:03:53.139126,23.114956296987174,6.9825808505341245,142.97797240092027,34.686266244312236,34.83272350719694,0
2026-01-21 16:08:53.139126,26.545500790604613,6.890669776004342,145.4914797359685,36.439327134548236,42.15097121084834,0
2026-01-27 12:08:53.139126,29.782117627484535,6.648943130287426,163.11482364944018,38.56907817373375,58.11898656020396,1
2026-01-28 14:13:53.139126,35.13976253688886,6.802639991582113,157.00913824849175,40.35528497858004,75.8071633751258,1
2026-02-01 04:33:53.139126,46.964726988706,5.660526488395057,173.7328722139421,32.61749176627644,76.59003699652655,2
2026-01-16 12:58:53.139126,26.24269938512605,6.60873400288266,161.06704890604172,40.14342286332292,42.15764494590328,0
2026-01-20 14:33:53.139126,28.584910655710942,6.844382270102844,134.806651134742,36.18093798686518,46.15170677423868,0
2026-01-22 23:13:53.139126,28.264394733839094,7.318421122732493,150.7026154837859,37.77018089874991,48.896250570416875,0
2026-02-03 21:53:53.139126,40.48737889350188,5.670367147584001,204.69210274159192,37.05931051679289,87.54456858157954,2
2026-02-03 18:18:53.139126,47.05530972087913,5.739644939951436,169.51588599226037,39.06341351323711,89.4081952620903,2
2026-01-23 07:28:53.139126,27.686642353352095,6.846950112265175,125.25028966193746,34.22757776605514,50.4188078388163,0
2026-02-01 00:13:53.139126,39.86320387377863,5.268624763922033,183.57089900094914,54.45286471903127,81.17931864507037,2
2026-01-26 19:43:53.139126,31.770221913070763,5.983778890192398,160.56584372882466,35.98326459888637,50.63733832639652,1
2026-02-03 03:33:53.139126,52.692211003026934,5.6516936597404985,191.2639247021059,35.09331901069884,73.70949158420943,2
2026-01-27 17:18:53.139126,33.120918468118646,6.155818492251707,152.91698290608096,35.210069904880186,59.204717536909214,1
2026-02-05 07:23:53.139126,49.62154971071089,5.308502189259429,199.31372358083306,42.918487218334754,71.94414473559051,2
2026-01-25 19:38:53.139126,21.433830086990362,6.915848458278091,171.00695202222238,37.40768030360075,45.182434952948014,0
2026-01-19 07:03:53.139126,24.598011658736596,6.963479018678901,148.222093908084,29.98983020719535,45.28730400142648,0
2026-01-21 19:43:53.139126,24.55867694345317,7.1177407175737,141.0969929139351,34.60114914019477,44.022188236559636,0
2026-02-02 21:23:53.139126,44.309453199555,5.733672874411724,224.22224205863102,39.30955809497857,84.05211587964179,2
2026-02-02 21:43:53.139126,47.21275291851835,5.664598078106656,183.06020054245994,41.82975888660626,60.98563302682104,2
2026-02-02 09:23:53.139126,52.165759031156625,6.1402940369831125,196.62309808135262,33.5886484082206,72.51259341406407,2
2026-02-01 03:38:53.139126,46.129534680532934,5.843498972729909,195.1028865611454,40.04331676462964,81.83846074102918,2
2026-01-17 08:53:53.139126,23.454433232332203,6.801308289289473,140.77594491354955,35.83980537632346,47.959044711964246,0
2026-01-27 12:28:53.139126,26.006023809599764,6.3006561378817105,167.47628334409683,37.08535745075048,51.948776809976714,1
2026-01-23 11:38:53.139126,26.855382539755663,7.384759814140847,134.10532726266445,35.32265870147845,43.56564979327486,0
2026-01-30 10:08:53.139126,27.596466618606335,6.888130349902524,160.39605632828818,37.971764151992716,57.48172113872771,1
2026-01-31 23:18:53.139126,45.223527735582486,6.7464037042030816,194.97372050291142,51.962352142109026,78.43143524548022,2
2026-01-17 22:18:53.139126,21.941079999419134,6.876988548970064,140.6893456771423,33.54095371483732,39.301016408760795,0
2026-02-01 20:18:53.139126,41.12455249830411,5.982579522679599,202.01152048805983,41.43231016705406,74.65315563429101,2
2026-01-16 07:08:53.139126,25.213066191801076,7.238644829197986,152.96414965462955,33.40741387143663,46.409414777185084,0
2026-01-18 07:43:53.139126,30.74191018125492,6.894435442242517,155.66248739168302,34.500135403439664,48.672039092276805,0
2026-01-17 03:43:53.139126,28.461836840590866,6.940792693261915,130.9140622278628,35.70603728616068,42.97454963191881,0
2026-01-25 17:03:53.139126,23.680214629427905,6.849166833918551,143.53407871421155,30.938001775266173,39.9605985081122,0
2026-01-20 12:53:53.139126,28.888775811197906,6.8841857050418565,152.45389156015702,35.10020927653565,44.072470047608334,0
2026-02-01 11:53:53.139126,41.74324995232258,5.019108071538574,200.4913840986391,45.878082880850656,60.227305397498355,2
2026-01-23 05:48:53.139126,24.889775080319055,7.084038606774364,147.61336996231876,33.433027743649596,44.1877114636225,0
2026-02-02 23:18:53.139126,46.61881041133786,6.364950123604441,189.3765520197992,33.1641003552299,74.20117643603453,2
2026-01-31 11:53:53.139126,21.86352682083101,6.7423937905823825,161.38215620461256,34.865842950315844,60.49529302491498,1
2026-01-28 18:13:53.139126,30.03692430355452,6.553036013081437,155.26430965584214,36.916374728519195,63.36893894129833,1
2026-01-30 11:48:53.139126,19.828100926743144,6.838787855299414,146.9198357737204,42.46453641484537,68.65594720929617,1
2026-01-26 02:23:53.139126,23.979858557891188,7.254795984478693,151.85196731846074,36.665744421878614,45.21851831463621,0
2026-01-30 16:43:53.139126,38.60597971064,6.657731982074418,165.65534929055997,30.191334314079334,57.105171760405106,1
2026-01-24 01:03:53.139126,26.123185603924643,7.235377681438996,150.8093420082025,37.507948565172065,41.95540180888704,0
2026-01-23 22:58:53.139126,25.103678691331805,6.891085648323822,127.82589013706878,40.104293252093015,41.41502320925672,0
2026-01-24 01:53:53.139126,27.109569482756026,6.940161705672867,150.7942353553179,34.43531841194831,47.50149236257796,0
2026-01-22 04:38:53.139126,26.9054797148059,6.954929817293077,139.14996319088604,37.806415046701595,46.68579841786331,0
2026-01-22 22:33:53.139126,27.839491065922367,6.889641841144924,135.43216896490458,34.50367078963958,46.489879881997176,0
2026-02-03 04:03:53.139126,44.92999731875304,5.705603171141161,202.69728657854142,47.42754815239574,67.52176649879549,2
2026-01-26 22:18:53.139126,36.66663560793236,6.863778520259253,166.61207343022306,35.28948983071381,62.8648645696093,1
2026-01-24 09:58:53.139126,25.989043187148507,7.083089389761954,144.36814516006314,30.421482648591784,42.89711332182492,0
2026-01-17 22:08:53.139126,30.574672819946002,6.78365493750423,155.14654976664468,31.167356516294678,46.05478969227746,0
2026-01-29 15:33:53.139126,33.561761449147525,6.48664613164595,153.58083468338626,40.38945370502441,54.94003798019127,1
2026-02-04 22:28:53.139126,47.1674024215858,5.211730530892425,246.46235743124876,38.20032083577421,76.28413548536234,2
2026-02-01 10:08:53.139126,37.785037092497724,5.276295582554525,195.98782807621075,45.82157840571885,63.68018565603644,2
2026-02-04 03:58:53.139126,50.23431705761357,5.439833864527524,196.2715195588403,55.84424298886658,83.65074564050121,2
2026-01-26 22:43:53.139126,34.740766051726595,6.26120176046948,187.08920157090725,43.416096561358884,55.63426655471248,1
2026-01-30 12:53:53.139126,21.903256159102906,6.280773004898587,157.73840204796136,41.35876223741339,58.50719052357529,1
2026-01-22 22:38:53.139126,26.413894924084218,7.085403584862082,143.40973238807345,32.62272733946868,43.60763072483466,0
2026-01-18 10:28:53.139126,28.646253447329308,7.292557025738126,130.82793338701413,38.12087953181,52.32226890488798,0
2026-01-30 15:33:53.139126,36.61497584891628,6.692384241045547,154.16629729572028,41.767286192323255,62.39793287449041,1
2026-01-18 10:03:53.139126,27.310398511386975,7.118698799832104,141.87604186043953,31.174995511461027,46.8240638721265,0
2026-02-04 07:33:53.139126,52.87709855510309,5.710654293872305,181.67288217394176,43.8874705233773,80.42956681418912,2
2026-01-22 15:48:53.139126,28.38798765529184,6.946293804314772,159.49390162903424,33.06154340768503,47.19743179496742,0
2026-01-27 10:43:53.139126,30.817222375190216,6.49103696676969,186.90504769308063,38.06644687209711,52.97733557962593,1
2026-01-17 01:53:53.139126,26.359413648161663,7.049878912976741,147.26911119564284,34.50828393500949,48.441744992402434,0
2026-01-22 01:48:53.139126,26.474912242352218,7.071648581597961,139.98069649898744,38.96605734787091,48.193400597936964,0
2026-01-26 08:08:53.139126,25.706598612979356,7.05775891118572,144.84525688800372,35.614340413126236,46.6875376260045,0
2026-01-31 13:48:53.139126,31.605657770288385,6.6794238888785085,163.91647040593747,33.930910694900795,63.515070998407694,1
2026-01-19 05:28:53.139126,30.07077509237162,6.9328041892474905,149.90844701081508,38.978187352785156,42.58052398902028,0
2026-02-05 07:03:53.139126,44.929928947683216,6.2583476529503805,183.48667281414683,41.768512362377706,74.91016912605807,2
2026-01-18 17:53:53.139126,24.460639722340268,7.0800898844908335,152.325401117613,32.11577561372734,43.47883827969067,0
2026-01-22 17:23:53.139126,25.151981938173858,7.000813036962733,160.61532789394485,32.44597852939062,46.09979166637574,0
2026-01-30 03:23:53.139126,38.71761419320647,6.84253752961389,184.69928800014156,42.83841862209928,62.279127087530654,1
2026-01-29 09:08:53.139126,31.783703842888926,6.569496014330353,170.719913978238,31.065603543770372,53.58657339222547,1
2026-01-30 11:23:53.139126,25.789600491892603,6.8482587390899905,164.5332348754267,35.42852195585467,55.344345877238794,1
2026-01-29 08:43:53.139126,34.528234810843216,6.230878642301727,162.87341717558272,40.61647998970967,57.07759942502216,1
2026-01-31 00:53:53.139126,28.62166080793942,6.328698531834516,159.9917630484274,42.708393868041426,50.61109675833633,1
2026-01-25 02:38:53.139126,25.100370027055764,7.244533206311579,159.7994534798993,35.43475007249519,52.49774635178707,0
2026-01-30 13:33:53.139126,32.28629653975552,6.3169400603431125,189.03980282546206,40.36838850304039,59.29632263023486,1
2026-01-26 15:08:53.139126,28.4492260458133,6.376171879294601,167.14793752265058,34.891340476393786,65.00423665755633,1
2026-01-28 12:48:53.139126,28.060176007453453,6.140660125346051,156.7673814628849,38.42548489082185,48.15276934916739,1
2026-01-25 22:33:53.139126,22.97637759871468,6.933353614915993,175.07397913636538,32.08951887411088,49.66687822766096,0
2026-01-28 03:53:53.139126,29.1130545789934,6.770600903026044,164.63715311141297,30.88565335228558,62.947432467680805,1
2026-01-16 13:58:53.139126,24.994674364272434,6.693348543456193,164.50237959778423,33.304753190239076,43.30794172647132,0
2026-02-02 02:13:53.139126,47.60082104899152,6.5773515232489075,190.72854188341074,43.28048119982041,54.010356540994366,2
2026-01-23 16:13:53.139126,23.494215049124005,6.812713434672073,141.000913099969,37.625895162631565,38.44725913964805,0
2026-01-23 11:53:53.139126,26.50060935399793,6.674653188070581,161.01223576946236,33.64872037802125,44.168353890303536,0
2026-01-27 03:18:53.139126,25.10243204686991,6.555822573404984,172.44158862585297,37.185804947283344,70.81574647798033,1
2026-02-01 23:03:53.139126,50.63380750058356,5.871653491358135,181.67206103132247,49.79725409452464,79.27300205581678,2
2026-02-01 04:58:53.139126,36.60835605266131,5.548184991282556,206.9114539916842,45.299516175535246,73.23219301042326,2
2026-02-02 20:48:53.139126,51.79603642381166,6.703176600842095,213.1318689136686,44.38546369319515,61.47602978882419,2
2026-02-03 05:48:53.139126,48.02963448495291,5.892811585824118,190.98951091678546,41.273986701318954,76.18384424722268,2
2026-01-30 21:38:53.139126,28.615741326498263,6.211821012445539,172.16373862044512,42.409570787440394,55.66098676692549,1
2026-01-31 04:33:53.139126,32.31892685679204,6.260773481234374,166.10816551619237,40.12920874992,58.68017092157191,1
2026-01-20 17:28:53.139126,23.50737375541848,7.107045574756051,157.1146765712646,42.12028881115489,44.09243193287811,0
2026-01-23 02:38:53.139126,26.314994573330573,6.993603013402575,152.05762966785858,34.62487426739588,45.73534252482528,0
2026-01-31 21:03:53.139126,36.925323942421926,5.5331925091621255,212.55893148590934,43.234132626050844,75.80173683059569,2
2026-01-24 17:23:53.139126,17.583897998672512,7.025065735067461,161.130878118804,31.8604838894852,48.97824959158385,0
2026-01-20 19:43:53.139126,24.886669642459204,6.4333172402295045,157.72321704254585,33.30633389489023,42.26450162320354,0
2026-01-20 17:18:53.139126,30.39765860974199,7.12401710959677,165.475167208304,37.02087380923,40.07248951400764,0
2026-02-05 14:53:53.139126,47.72999009958384,6.750221555431259,194.22265649841952,36.73606198160722,77.66962317007854,2
2026-01-23 13:43:53.139126,28.43693565150677,7.041814987155111,150.1512028601121,35.88403488124193,48.789604969262854,0
2026-01-31 20:03:53.139126,44.681029112302944,6.338924955916234,206.45269422361747,50.03074713732399,64.74729301484604,2
2026-01-23 11:23:53.139126,26.988405236837394,6.91529330065398,139.62644269747665,31.660033662410584,40.11875682374638,0
2026-02-01 07:58:53.139126,32.55422610004046,5.945235429743485,165.971782005201,38.15195567110118,75.70039320379335,2
2026-01-29 22:18:53.139126,29.553726955444276,6.194882848696546,181.00310532210003,42.721798932499624,55.07289393487661,1
2026-01-20 10:53:53.139126,24.852136133748537,6.798945843554734,142.93187874667646,32.18637859480705,48.01638622622239,0
2026-01-27 11:43:53.139126,22.194882749895744,6.636951752481434,170.24018514832494,33.15862950218661,60.39032816476393,1
2026-01-27 19:43:53.139126,33.47158988744227,5.905498003819039,154.93441427462088,36.961362998765736,60.87400634412985,1
2026-01-25 21:03:53.139126,27.355423664502705,6.969584947038262,149.33526132951425,36.68426251187682,38.66032323272744,0
2026-02-01 11:48:53.139126,32.66710502172472,5.742552265002528,177.78112941223355,36.37589397674752,71.0456101004108,2
2026-01-22 12:33:53.139126,26.40016936084179,7.007171098839373,159.47658410438274,29.244282892078854,44.312397486589425,0
2026-02-01 23:23:53.139126,39.91941147374619,5.591236127780616,191.20241864117446,45.78726548046803,78.83156568238745,2
2026-01-26 15:38:53.139126,34.52981605884633,6.926537655165777,173.461872964539,36.80022362332593,57.54580288983786,1
2026-01-17 10:53:53.139126,25.957760895578787,6.613434926343453,149.89551326803002,28.3629793440562,45.91203987492229,0
2026-01-16 22:08:53.139126,28.364910937012876,7.109394750416085,162.38069038509786,33.93518512246407,38.05852019299899,0
2026-01-19 20:18:53.139126,29.185896578449803,7.202704834008986,170.1577921457226,30.191070097761067,46.589737431282366,0
2026-01-22 23:53:53.139126,28.806529286384336,7.152046953651205,142.78139555373275,32.999212656887,44.9383042716538,0
2026-01-31 06:08:53.139126,32.45198098999604,6.5458502889040036,184.36102660045714,35.31194262727682,56.12258947920508,1
2026-01-29 20:43:53.139126,38.99737390628303,6.154101377579012,196.10759407436666,42.04697522902606,47.01312957498968,1
2026-01-18 18:43:53.139126,27.341600616247856,6.888484117311368,142.08270023650923,39.71328765339047,41.741856505919465,0
2026-01-23 14:58:53.139126,22.394511361233516,7.032093002821879,131.28834971593946,34.26297309061887,44.9068787711515,0
2026-01-31 20:18:53.139126,35.17792493330552,6.077758733631723,178.37564544993876,46.67110166341255,89.43071441458547,2
2026-01-18 10:38:53.139126,29.779316703711828,7.015849719122536,156.6591294675561,37.53469224915216,56.33045531954957,0
2026-01-16 23:18:53.139126,24.751568429498036,6.930248075589422,138.24813624395543,34.07918315845583,48.2975081020344,0
2026-01-21 13:43:53.139126,20.846524110951457,7.128998537992297,142.01275660531292,39.72872896635131,48.7347069991798,0
2026-01-27 23:28:53.139126,26.515056374657767,6.4261845441957925,164.12081566042232,34.512943715595085,55.22568138259215,1
2026-01-23 07:58:53.139126,16.827680410506293,6.428788493854862,160.0093631159098,39.42515218143705,52.27267360125154,0
2026-01-22 10:28:53.139126,23.729897354613527,6.789298305701173,149.07546239388174,30.964694937579104,43.40235098094145,0
2026-02-04 09:03:53.139126,46.25383353579396,4.833153786916096,189.05707002671758,49.539656280480976,62.84874340157209,2
2026-02-05 00:43:53.139126,37.44061775034836,5.076455578393811,192.3443276890023,35.1431601950278,74.51951715683808,2
2026-01-31 21:13:53.139126,47.82934141993517,5.936759447053182,209.82936647308946,42.7814688291916,74.83092757022962,2
2026-01-18 14:13:53.139126,25.799529052735533,7.082823597610861,142.46013922337113,40.65951811645199,49.35631112216025,0
2026-02-03 15:53:53.139126,47.44693568070345,5.433766239112262,185.47164149183746,32.69543134151242,83.13688260813105,2
2026-02-04 13:08:53.139126,45.71342461045894,6.70730557837577,200.3248428630908,50.24788069000628,70.59378058025023,2
2026-01-23 05:13:53.139126,21.693305621941008,6.935911926577039,161.691932693636,34.034527298808584,45.43775914204775,0
2026-01-30 14:43:53.139126,42.09565490150758,6.775430362001777,178.932400794485,35.868867781940054,63.39266898349104,1
2026-02-01 19:18:53.139126,44.85601078934406,5.862408706157099,203.17713958110363,47.99775141755853,82.86088477389978,2
2026-01-25 13:33:53.139126,22.06594051081078,6.932630127880639,159.4519713438976,33.600410188281955,46.730765417420265,0
2026-02-03 22:13:53.139126,39.51922422674652,5.2644390664774114,168.84579381850176,41.396175422988726,70.4818911699361,2
2026-01-21 04:13:53.139126,29.557388218856747,7.076380603863025,130.76790827171456,32.99348801318412,44.58384482791567,0
2026-01-21 21:33:53.139126,26.125969946143414,6.76610730806314,174.8445570434877,33.599225086961034,46.65178871528735,0
2026-01-25 16:13:53.139126,25.563603701909326,6.941022086934781,133.1523128339018,35.86748861506574,33.717917338933404,0
2026-01-23 01:13:53.139126,26.129855820761154,6.824287715274177,134.44498891847348,29.470324516395422,44.94055563814535,0
2026-01-31 23:28:53.139126,52.91190111364348,5.449219498818984,179.307217335237,35.33817360548996,80.7302983438091,2
2026-02-01 02:58:53.139126,39.663173252505814,5.6500024410509795,200.77941804461153,41.63369776091655,82.89701013827573,2
2026-01-17 12:13:53.139126,25.844040131049535,6.6828155962746525,158.9092484205833,37.94649816970352,44.739951648054564,0
2026-01-17 10:33:53.139126,22.94409387004106,7.1683430491260856,166.91603824752838,38.13370315820352,43.82697639787367,0
2026-02-03 19:18:53.139126,44.850358274572095,5.036709135407218,217.06607204462478,44.82100099159999,62.22088300097087,2
2026-01-23 13:53:53.139126,23.249516298884096,7.287150597851371,137.03362477571193,37.47124696307035,51.18785722581431,0
2026-01-21 18:38:53.139126,27.820224794059225,6.68103819431009,154.2263130207783,35.630600748915356,43.75363049837647,0
2026-02-04 04:23:53.139126,50.86734881190819,5.562112218516775,190.08482159743318,39.26903430787634,77.27900284602809,2
2026-02-01 17:13:53.139126,56.061156204008306,6.593053170418164,188.31978312897297,46.30996585382792,77.22053349953212,2
2026-01-29 17:38:53.139126,32.59658205178961,6.866472775531051,153.73085663238552,39.1045508790004,61.90280767541419,1
2026-01-30 13:03:53.139126,31.935155109661498,6.78281196041394,163.88203466531553,40.98970400983396,55.57335254547556,1
2026-02-02 06:53:53.139126,51.47411213602105,5.577998206565518,186.6375833990719,51.59749251986795,72.87942870548184,2
2026-01-16 21:08:53.139126,23.18329820246882,6.6238311832236185,138.61904482625872,34.75663737769031,43.646382131075555,0
2026-01-23 17:18:53.139126,24.599921574909963,7.23546364153018,157.49003587026758,32.07145505780583,46.37270711618829,0
2026-01-26 23:53:53.139126,26.668509045738645,6.471528743236223,159.2650212427221,40.198118493107074,59.49729413612512,1
2026-01-31 14:58:53.139126,35.9040802783599,6.570337713258364,158.81695177736503,34.87865233848477,58.815299320830945,1
2026-01-22 10:33:53.139126,25.37539278311658,6.9707816744341216,143.4762506405087,32.06484524358781,39.30726272902982,0
2026-02-04 05:38:53.139126,47.16924344986127,6.061402880014501,204.66233054047143,32.84915158448997,75.88678540105646,2
2026-02-02 21:33:53.139126,50.69741503341499,5.791367837221394,193.46027561614778,35.08252952454552,76.25989869550959,2
2026-02-02 08:53:53.139126,39.12853479209863,5.994464355639495,200.39487317470258,42.440344846723804,82.22263703759268,2
2026-01-18 20:58:53.139126,29.98559882065014,6.8588338748892586,151.12008269932602,32.25331365145464,44.65576999110315,0
2026-01-26 01:48:53.139126,29.28691751735502,6.910639656457291,142.20650848877787,32.2412537854516,47.64022613234589,0
2026-01-16 03:18:53.139126,25.58182614520399,6.853036138292574,144.6154035205463,35.966677412847694,44.92661897321978,0
2026-01-22 20:33:53.139126,30.872216812639063,7.165965769718451,146.04414754108245,32.89045723113332,49.59458301811997,0
2026-01-22 11:43:53.139126,25.098902207205988,7.0984982731876025,150.1947053355087,35.20882065287142,41.84894456881742,0
2026-02-01 18:53:53.139126,56.0023265896693,5.831148831053979,202.86119548028017,36.82907087578022,77.8545996884546,2
2026-01-16 23:48:53.139126,19.678072747744412,7.3819853186217745,141.85170176735878,27.093769434928515,46.680992747187474,0
2026-01-31 16:18:53.139126,29.57173503449696,6.4162108864661835,173.219870213797,37.086501358716596,64.39492429370728,1
2026-02-03 20:43:53.139126,45.57220448143188,5.369343354824238,176.66757353224185,43.313618999991654,82.9235540821161,2
2026-01-21 14:18:53.139126,20.13268674047874,6.885942702445879,153.18291932026773,40.38529242905269,48.60101271332381,0
2026-01-26 08:53:53.139126,18.902775091189252,6.9372579901653255,153.03467905297396,34.50288608389644,42.92922100914306,0
2026-01-19 07:33:53.139126,27.326204536277135,6.975164691326816,146.239599737362,35.85303770396316,49.648945280970665,0
2026-02-04 08:48:53.139126,44.15996231000588,5.387013097099252,198.41637566668092,36.45275810769693,69.3632641448428,2
2026-01-24 19:33:53.139126,23.495529605117895,6.783437033997163,151.86393242037448,34.73288711816305,41.78342185390613,0
2026-02-02 13:13:53.139126,36.738779732502174,6.641498914120139,175.27988904929046,50.789314277285044,82.21536154846288,2
2026-01-29 05:08:53.139126,28.824544083591356,6.023759587322673,163.8359217389793,40.48806797235062,47.48741596147399,1
2026-02-01 21:28:53.139126,33.90685395445627,6.044049183176549,221.16049435939325,40.59844488702755,93.46235787774664,2
2026-01-30 11:13:53.139126,33.644720080782534,6.370374561365336,171.23723182906002,38.58835268734044,69.45581814528761,1
2026-02-02 08:13:53.139126,50.870453776158584,5.774082108605805,195.8334040615896,40.101544729279816,82.04929777703776,2
2026-01-25 18:08:53.139126,33.43227590307887,7.121624995102209,151.40178236053626,38.1304488123432,43.11964182102668,0
2026-01-17 23:28:53.139126,22.95026593764156,7.023558553807664,136.6925864319532,35.93879883915679,37.55354763315891,0
2026-01-25 15:18:53.139126,25.73767997437043,7.256567305397783,128.82025625174052,34.94655422037434,53.577055545700375,0
2026-02-03 19:48:53.139126,41.55688824044896,6.08543114408141,205.5702677431433,39.53447124404551,75.14759926208673,2
2026-02-04 02:53:53.139126,42.48402194657496,5.342903490260012,188.15261590087792,36.90876049901533,83.44447962291557,2
2026-01-20 01:58:53.139126,22.998599403936158,6.616803741461183,175.02206834886584,41.00059343782276,41.87991887729648,0
2026-02-02 21:48:53.139126,39.7005681668645,5.255111521593666,189.60606006625832,44.63442364193025,75.06055426432637,2
2026-01-31 14:53:53.139126,30.70236217726792,6.753876302860067,182.087628551331,40.164194622728296,52.02643181868712,1
2026-01-18 10:08:53.139126,25.52292223213316,7.076289001462051,160.13749838229168,34.82225333991351,42.16828363281647,0
2026-01-26 14:08:53.139126,32.687547869488135,6.382525062470576,168.89776137777926,33.525353451876384,61.78267307890262,1
2026-01-17 08:18:53.139126,24.501148518950632,7.068038184058654,137.5863449671814,32.3126504295581,41.31200351397583,0
2026-02-02 16:28:53.139126,38.625301816142205,6.124436869096338,231.08160361483286,41.675292782117594,79.53334231128397,2
2026-01-25 22:28:53.139126,25.87844149831836,6.7983677594523755,159.54003368410213,34.53036164628083,47.64359624217487,0
2026-01-25 18:28:53.139126,25.96912810173978,7.005630149192403,147.15792868724574,34.361664741335694,48.068444133147175,0
2026-01-20 19:18:53.139126,27.17471301385202,7.366139484935486,155.30058862336625,32.575083300828865,40.83096714781236,0
2026-02-02 22:08:53.139126,43.76157721153282,6.0648199744103515,142.85839796909283,41.272016961225354,79.31200273750858,2
2026-01-17 17:43:53.139126,21.587840417419695,7.144813504881496,155.64497580471456,39.07556868929981,48.80557979083301,0
2026-01-25 11:48:53.139126,26.21312129060674,7.227380958207572,138.93847383281283,34.758685488711336,44.545919564512495,0
2026-01-27 16:03:53.139126,29.79568938904574,6.356492049189202,145.79872773869513,39.23221394559322,52.70698421474269,1
2026-01-28 17:38:53.139126,37.668259663467396,6.469589126003862,161.2237265176961,38.559972588766726,58.22898611169247,1
2026-01-20 22:53:53.139126,23.105887122302885,7.085114682909626,151.61333639289015,38.208733018228756,40.66335117015996,0
2026-01-28 13:13:53.139126,23.82220244921424,6.834084946908873,153.55343885116343,28.787132334774206,59.37656064379339,1
2026-02-03 18:48:53.139126,45.39556137716855,6.9002117862306855,208.18496925886873,43.76823660914194,67.5673992809005,2
2026-02-03 09:03:53.139126,45.353424786424014,6.405506106933488,200.2800474291884,38.22553228715786,66.92718705359957,2
2026-01-27 19:53:53.139126,28.62368637230691,6.491447911042369,160.71613517291604,39.01767694912068,59.53525675590526,1
2026-01-20 11:13:53.139126,24.667416203024434,6.91487871224059,138.5374156489307,36.494984067737654,38.12303320174036,0
2026-01-28 07:13:53.139126,20.377633751281035,6.3743114524834565,156.68868503644669,41.837386021048026,63.490149518157594,1
2026-01-20 10:43:53.139126,26.226821814981275,6.828718900649524,149.78518211467102,34.8519117816011,39.118390113710966,0
2026-02-05 02:43:53.139126,42.12706472119841,5.848144270621118,215.7277436662573,34.07546984348701,79.54645260882016,2
2026-01-31 00:43:53.139126,35.613507445042735,6.321025199255015,150.41877760087672,31.645158537964683,62.0610978391553,1
2026-01-27 12:13:53.139126,35.65493729824701,6.311586283528054,157.73976326613507,40.79831791668783,56.6097567726777,1
2026-01-26 06:58:53.139126,26.396741642290788,7.318741372421202,146.5689068051966,38.296651052677916,44.59454698404483,0
2026-01-30 14:28:53.139126,28.200960814354808,6.35209999924719,164.53517742508285,36.94403762917024,60.094145526167864,1
2026-02-03 09:33:53.139126,40.882622313989884,5.259780378584842,204.05494173055533,46.187959825846036,79.46149499865496,2
2026-02-02 03:43:53.139126,47.57654714105019,5.64052381380883,196.32751450153248,30.966507455861837,74.23967665202795,2
2026-01-22 12:53:53.139126,23.841415579514116,6.776599157437097,154.97817814110596,30.29989767468027,37.69464596059337,0
2026-02-04 14:13:53.139126,49.61965434245113,5.869630272282655,213.41359266887747,45.006589256013456,75.80943781219644,2
2026-02-05 09:18:53.139126,41.328630416937095,5.153761889005965,211.94867185340397,41.806491133843124,77.05116276434131,2
2026-01-23 09:58:53.139126,30.619564913308764,7.125358368239869,124.04056621205757,36.8219508900369,44.42686063532015,0
2026-01-16 13:38:53.139126,29.957881052540284,6.987125948550958,151.1495886009031,33.06905110343074,43.51545921478528,0
2026-02-03 06:53:53.139126,43.288755045844525,5.401299617259163,205.5268672545772,41.92581989591238,71.38869470683142,2
2026-02-02 13:38:53.139126,48.97223173721542,5.752433691201606,188.48790407310904,38.48462783373086,78.36668895331564,2
2026-01-19 07:53:53.139126,28.462646328872868,6.845380944216356,149.4551508680804,36.40260735362917,45.437164750751265,0
2026-01-18 23:08:53.139126,24.464667063866422,6.579494514840948,161.3493041733359,37.44611763899121,51.0775326404147,0
2026-02-04 00:23:53.139126,49.382359873029564,5.986019858147449,171.18773139138307,43.47963483546901,70.18072958160835,2
2026-01-21 10:08:53.139126,24.873179524267147,7.268942342747024,141.87253853923926,39.4569729110368,43.22537137492889,0
2026-01-20 07:43:53.139126,21.198988429925407,7.105528954773057,147.17504135205988,38.46442586177886,43.318748156427645,0
2026-01-17 20:33:53.139126,25.98960619892025,6.949666375115629,159.3516686493359,28.769930487749786,49.41277443425163,0
2026-01-30 23:38:53.139126,33.481300908120325,6.027795427787158,178.40027844133144,44.618072748616875,56.68308089730697,1
2026-01-23 00:53:53.139126,24.449540665015093,6.410222966066287,158.10083767523463,36.97439356753564,50.0840816948901,0
2026-01-26 18:33:53.139126,37.562122849097925,6.176030790332137,160.05879639000895,38.25473860305959,48.24242010643724,1
2026-01-22 21:43:53.139126,21.94865532386427,7.082832868073929,178.84094108437915,31.2585109557995,54.02831369103328,0
2026-01-20 21:53:53.139126,29.59303601179834,7.029168549948363,167.4513580240777,35.350507900421086,46.04286687846967,0
2026-01-19 05:03:53.139126,29.79815826292145,6.977878065265918,139.9727790692026,34.45826044880688,46.55497329407926,0
2026-02-02 04:53:53.139126,40.09204277455127,5.306310291372104,212.12473822091047,53.6382022929828,71.13705683232396,2
2026-01-17 16:28:53.139126,29.431348508074198,7.155241735733719,148.90564980722226,32.09124512811533,43.111578500820826,0
2026-02-04 09:43:53.139126,51.65585609694994,6.339112570525462,201.21865430771146,40.97679271589031,85.22915106825835,2
2026-01-28 23:38:53.139126,21.144801644540962,6.282621059467199,169.91641887233837,27.395886415463217,55.91336626590754,1
2026-02-04 07:38:53.139126,63.738848130341516,6.423836476005999,199.01256506864425,40.67426553218368,75.31518158117039,2
2026-02-01 22:38:53.139126,47.04396671364972,5.559328439103065,238.67131613818842,35.89092182134178,76.9672102553659,2
2026-02-01 14:13:53.139126,43.74013879058653,6.363918434558378,188.75066671898313,45.033186029943316,71.49899272836441,2
2026-01-30 22:13:53.139126,34.39852364103791,6.861010497197296,162.98361848380617,38.29358916138907,46.92711513349675,1
2026-01-28 08:03:53.139126,40.189873808655136,6.076963490274503,148.524621962425,42.6175851372113,62.05585670760693,1
2026-01-30 11:03:53.139126,27.106877511953595,6.699933892811619,167.09860493334907,33.692161406274,60.01269561252031,1
2026-01-28 14:43:53.139126,34.03712891855391,6.283005729933832,168.06958628912665,41.400084920419786,66.05687821536519,1
2026-01-18 13:58:53.139126,24.721598578068644,7.120452185701695,146.61205665678168,32.859061974744264,43.42925157700411,0
2026-01-30 15:23:53.139126,37.17787693744248,6.331057572140234,165.6547708812206,39.293155739419305,44.39004603005331,1
2026-01-23 19:03:53.139126,22.09107652416841,6.643548178455084,149.9655578123743,39.15662614233362,45.672181738221006,0
2026-02-03 12:18:53.139126,32.757008649006444,6.219406411197339,187.75946276096556,37.85538620310186,84.01461214526687,2
2026-01-26 06:08:53.139126,22.485280974259055,6.9589037616611416,147.30633139601542,37.52226606804376,49.20185306544422,0
2026-01-22 09:23:53.139126,22.06287464495726,7.256724420665366,160.80199134982482,32.53262495952596,43.460020565805884,0
2026-01-28 05:03:53.139126,31.91184120611202,6.236260671621262,177.00318089283383,35.253224666804776,49.85289562993364,1
2026-01-27 00:18:53.139126,30.762983918918138,6.492660120176768,151.66824121716547,31.200749818122226,61.07984318631814,1
2026-01-22 10:48:53.139126,25.05740765485528,6.615647688517588,148.44150607571433,33.32706985474922,40.10462623611901,0
2026-01-20 02:48:53.139126,28.732101766299646,7.257897569336876,154.80996506078083,35.66373842469337,45.02689520516405,0
2026-01-20 16:53:53.139126,19.576301448807424,6.726335277303044,149.17302636440928,42.82528515897536,49.54737301358655,0
2026-01-31 01:53:53.139126,27.23509838321318,6.250591718808067,167.82348250340635,42.23339208911248,53.07435824037377,1
2026-01-17 21:03:53.139126,28.23681248782108,7.051227383207897,154.20401146039703,31.92390694215914,40.73767838148932,0
2026-01-21 22:33:53.139126,31.427235857781728,6.996436774782738,153.80937576123495,41.88988315869998,48.38101417847226,0
2026-01-17 20:08:53.139126,18.906898111179565,6.988374984771871,143.3773094291943,38.06810479870964,47.89291851839609,0
2026-02-03 23:38:53.139126,29.335982751966153,6.149619522707153,191.36090506934934,47.521829159126796,79.78856468379965,2
2026-01-22 13:13:53.139126,22.87323852932132,6.642091466654402,156.14972374827983,34.60395023312055,45.72431198753685,0
2026-01-20 22:13:53.139126,21.27190721541132,7.192288018688052,162.47998740422378,37.36493321890932,42.48614151077638,0
2026-01-29 00:28:53.139126,31.730046154606494,7.17956291431019,159.6970156349199,32.753482295984774,47.526786180093715,1
2026-01-24 09:23:53.139126,21.632114104768146,6.983067848722163,147.4527421888083,35.893906492575894,41.24182277753142,0
2026-01-27 08:13:53.139126,30.007936371289613,5.7539356299318705,185.43329028636052,35.221930920422146,58.253218265389805,1
2026-01-21 10:53:53.139126,25.6063111549598,6.7697878310287445,153.55320891352557,34.71420905873502,44.81398583590477,0
2026-01-20 07:58:53.139126,32.68478339763578,6.581963506544706,130.34648086799606,28.776592169500187,39.07077795265051,0
2026-01-25 09:58:53.139126,18.057604192132622,6.803256504644882,143.50742413230603,31.244692732695214,41.39511475317346,0
2026-01-26 11:58:53.139126,24.98223401593706,6.948106774758959,145.94416558983102,36.075387270391495,45.10559767056054,0
2026-01-20 05:48:53.139126,25.366626004801166,6.958649171652376,139.22201002067578,37.573943903416954,47.0985975912794,0
2026-02-03 11:38:53.139126,49.90169150336903,5.49018239518616,194.05497821051932,45.1976462413481,75.4673241359227,2
2026-01-21 11:03:53.139126,27.072489978907814,7.262415404385611,150.91798871011449,36.25813342950137,44.85514180780749,0
2026-01-27 13:38:53.139126,31.83240631371498,6.13025172528299,165.98048648543875,40.98660692758336,67.39655294484753,1
2026-01-27 15:33:53.139126,27.265366545007574,6.829722396400659,168.1778703843471,46.12553595546252,63.04829309857086,1
2026-01-24 22:08:53.139126,31.607637537927978,7.431211464746151,154.9730817348313,35.18865875855105,48.031852490152936,0
2026-01-19 09:58:53.139126,27.797474465934297,6.682928077584609,157.73369725737203,32.91094299922066,39.72136779798764,0
2026-02-01 22:23:53.139126,51.37920597449922,5.158282873252498,190.66353437102407,54.03103936147268,79.02961973772432,2
2026-01-31 03:23:53.139126,29.72331837521756,6.869380817649899,163.53075905907878,33.65731891464086,59.83653659295101,1
2026-01-18 15:33:53.139126,26.87068739499076,6.913805730613492,155.45392667764256,38.65719931647752,39.30800546179408,0
2026-02-05 21:48:53.139126,45.88645138611337,6.4357683389392415,191.36995350804227,45.56591013487578,71.89234318022652,2
2026-01-20 02:53:53.139126,25.170678667322026,6.795108301789863,160.69033129629773,35.47993114302417,47.00908375729857,0
2026-02-04 09:38:53.139126,45.90479830062486,7.047046972157846,195.49911020499178,44.07506190972824,74.08671834057463,2
2026-01-27 13:03:53.139126,32.37854071673042,6.645973407503296,162.94123116205608,35.519284583879,59.178071948543135,1
2026-01-26 11:03:53.139126,19.7099433805063,7.132731675495287,137.42957622762626,37.39509169320575,45.77492028936255,0
2026-02-03 12:38:53.139126,52.052236838012305,5.844116761136565,203.58844109338193,37.89005354214918,58.02303092616731,2
2026-02-03 00:38:53.139126,41.08630339850661,6.627619682390151,191.17432890580247,41.455987204882604,81.30547043527734,2
2026-01-23 14:13:53.139126,28.35200371865595,6.683352649338278,160.14998842723617,31.803747223942025,40.52963319392184,0
2026-01-19 19:03:53.139126,23.870988515428632,7.118500143002164,161.69671230670565,38.68540120745858,49.44775852253575,0
2026-01-25 04:33:53.139126,21.47036705341073,7.029174120917079,151.34676993712446,35.13898356823352,45.27749593594751,0
2026-01-20 03:48:53.139126,20.16219724938163,6.777070301747138,128.5845935802134,34.940562720463916,40.20024703754622,0
2026-01-27 07:03:53.139126,28.303375891278915,6.083524537927338,183.1235325977838,35.70048719637838,51.839166301559544,1
2026-01-28 17:33:53.139126,27.055494569986553,6.271400858151749,161.87452727496756,47.137245860805464,67.57388966974881,1
2026-01-26 07:23:53.139126,25.973718375891792,6.927613987635376,154.22494451323067,30.743001813472933,50.216459002152824,0
2026-01-31 16:48:53.139126,35.81089337792845,6.454188229109444,172.70860157763127,27.18975565930472,65.78527832718775,1
2026-01-27 00:13:53.139126,29.44060893675222,6.222303682189974,161.30726456515498,35.9600435853014,59.89449074017454,1
2026-02-02 09:33:53.139126,42.285923840578896,5.852970685724649,189.00302654552286,41.35061820363546,76.64262231140347,2
2026-01-16 14:28:53.139126,26.16694125718909,7.16043314890057,148.61136281262418,34.73613029425536,47.25785092097293,0
2026-01-28 12:38:53.139126,31.411478182291837,6.67555714784452,171.65637770665413,34.85155241991422,55.96221803422465,1
2026-02-02 06:43:53.139126,39.26910840282789,5.9954194584729725,175.9526407654485,47.948427653301295,61.11353242623807,2
2026-01-25 18:23:53.139126,21.349120312184724,6.912437127023213,143.25777624893522,39.707849912315694,52.61596279304944,0
2026-01-18 14:18:53.139126,23.47500676045296,6.9783889723734385,164.10579352345187,38.271796114936365,43.05175695106082,0
2026-01-22 10:08:53.139126,24.07603157673156,7.019005984093633,153.53522731152134,37.47461537699431,41.792853386058184,0
2026-01-24 19:03:53.139126,24.560217092252916,7.148481752887705,148.55463918186652,35.91161243400234,44.619546454053626,0
2026-01-31 05:53:53.139126,37.78729695420102,6.42880444680105,185.18783979465465,31.55987411696038,58.755317178053325,1
2026-01-30 14:08:53.139126,25.12649647127625,6.415391253560534,148.8800327626934,38.65863005394268,52.58666026363617,1
2026-01-17 11:28:53.139126,26.295598421863016,7.448229490843182,143.58213172707187,34.649316803552715,49.54190157001744,0
2026-02-05 05:38:53.139126,45.40590711942161,5.709283451792317,216.65801289382983,33.35470635089964,78.8933692716568,2
2026-01-31 16:53:53.139126,26.125270872316516,6.3924203928762875,151.77726996406244,40.7601955967861,61.74501340131175,1
2026-01-20 20:18:53.139126,26.6591478399588,7.2639770468765485,154.41293220422963,41.509133864731666,45.75889827738155,0
2026-02-05 14:13:53.139126,43.65353173573715,6.553700740704085,195.37850299108035,35.44614830695619,72.80271284345082,2
2026-01-18 04:08:53.139126,25.41740777015794,6.8728771910346165,156.16708221309352,34.8113647743367,44.03892626391466,0
2026-01-29 19:53:53.139126,33.52195999383945,6.625635089987237,174.20135445652323,36.946450042022605,53.69245386418457,1
2026-02-03 19:53:53.139126,58.1747774074591,6.242321184478458,195.32338461742302,43.40315177704003,94.01778451311795,2
2026-02-02 08:33:53.139126,41.0021474081983,5.110315581946975,201.28201261560207,39.69191630360125,75.42871675806974,2
2026-01-26 05:23:53.139126,29.655932416479956,7.156408787577195,132.75709705700578,35.12812513171222,47.4922267011868,0
2026-01-24 04:23:53.139126,30.938359284433464,7.099987859140678,138.73025643458206,36.65451062615737,38.249772385281396,0
2026-01-29 04:23:53.139126,30.962531872143792,6.845313526577011,173.38535123215394,40.17324935479225,67.13277220933104,1
2026-01-28 01:13:53.139126,30.358977515821334,6.7441306044871245,178.17803853933788,43.03310815761131,59.914500373811535,1
2026-01-29 11:28:53.139126,36.837951033121655,7.3559744427915135,161.91862355841835,27.763511473896248,64.4979688145845,1
2026-01-30 10:53:53.139126,29.212547200090356,6.54825031167952,172.1090745521878,36.23367731029519,50.102170834209936,1
2026-02-04 04:48:53.139126,33.845973472875016,5.561054862305263,200.58439049230023,42.00738593587815,80.26309529699532,2
2026-01-23 13:08:53.139126,27.756787047513086,6.797078085285038,132.67186109339733,33.728204198447436,51.90779783445892,0
2026-02-05 07:43:53.139126,52.67393375674344,5.809830691072836,186.34706422536215,37.25238369427875,75.16944138098594,2
2026-02-02 17:18:53.139126,43.940872887211306,5.581244428272432,206.96838594451282,43.67179018874632,73.11812857874807,2
2026-01-21 13:28:53.139126,29.93647827482065,7.014927145873171,158.25189567110024,37.11916450000862,42.72528214694448,0
2026-01-30 06:28:53.139126,32.72850175011701,6.388497827101858,165.73948858935287,38.84526424863439,71.23928865563303,1
2026-01-20 00:03:53.139126,22.14993468434207,6.951512749868523,155.83600017156482,43.59501455859786,43.959735647536256,0
2026-01-25 18:43:53.139126,21.17817194611582,7.050055296790449,179.48500110118016,35.122636748409626,40.353305239424046,0
2026-01-26 09:48:53.139126,29.737134425275624,6.952866024798106,171.97043120313995,34.0767198095109,38.727855429699495,0
2026-01-24 19:13:53.139126,26.020538626904955,7.120738323169596,137.41220447659558,41.038966549506476,46.89130968495198,0
2026-01-28 03:18:53.139126,39.389211940791306,6.33547206907165,164.74554474373465,38.60055797691925,44.224364493262144,1
2026-01-18 10:48:53.139126,27.452801566068377,6.9544060199809135,128.1994164848472,36.18595627056324,53.32011848975637,0
2026-01-25 20:33:53.139126,24.52239707959146,6.646526423979111,173.7721434350791,37.10899827447522,44.04730431022476,0
2026-01-27 17:33:53.139126,33.29370670657801,6.368219368199405,174.4537550589235,39.50079556086252,58.8544586671545,1
2026-01-18 15:13:53.139126,23.085539798852516,7.392600511962284,161.44060713121792,38.539847546113585,48.447523885211396,0
2026-01-17 12:53:53.139126,23.13586767414292,7.195710389922594,151.98124714516558,32.8973552366972,42.721679161769934,0
2026-01-27 00:43:53.139126,38.75794961244781,6.381594522562859,171.7993345281012,38.30157483058237,55.75361539011375,1
2026-01-21 08:53:53.139126,22.32727621425526,6.314801925924338,154.73822184232415,31.477338309137217,47.110684169043836,0
2026-01-18 23:18:53.139126,23.455144803588002,6.6034379361714945,152.57674636918608,38.43379587665767,43.814854279754925,0
2026-01-27 10:48:53.139126,31.530485172872886,6.614887524484864,155.82404028796694,33.5567079298558,63.08095213026059,1
2026-01-29 21:43:53.139126,33.33399745144337,6.229240266126492,163.04028573667438,41.49754119420018,69.72992245667503,1
2026-01-18 05:53:53.139126,25.69173701639886,6.719109807136671,165.18261927744402,38.36164423827212,44.52754581203335,0
2026-01-16 12:03:53.139126,24.52002153391351,6.972500411662926,148.28486080474278,31.279159474536105,51.03923571357256,0
2026-01-17 13:18:53.139126,20.32340100941365,6.8838402833551875,148.7377210882599,35.064228637102424,52.11647924943867,0
2026-01-26 18:18:53.139126,37.56203886155101,6.209773710164003,163.62554948467778,37.74076501379597,59.61640017730185,1
2026-01-21 17:58:53.139126,24.348640322329526,7.064686612396069,140.27161651894102,30.762467609039604,49.106518233629885,0
2026-02-05 17:28:53.139126,38.25812677586033,6.102413875221137,176.3973124588577,41.09347048520015,66.31912067548394,2
2026-01-30 15:18:53.139126,38.34155698524755,6.438258684468738,164.82876480567217,33.36559702839542,46.401508581920226,1
2026-01-26 03:53:53.139126,23.936563593567328,6.886131395771921,166.73845104328757,37.68586383694102,42.46339392422548,0
2026-02-04 13:23:53.139126,38.66717617273293,5.726461930335156,189.4121397442232,41.515671598828746,60.62697925594425,2
2026-01-23 08:03:53.139126,23.811188731041938,6.821651493526445,150.53340939664582,38.92771016015878,40.923809931809295,0
2026-01-18 17:18:53.139126,28.967547752939264,7.008789216688817,143.6342792095271,33.06960690178429,41.9313703795855,0
2026-01-24 22:43:53.139126,29.668121500856262,6.9770248902673435,153.94764969324655,35.93019498343512,41.828497559432186,0
2026-01-29 21:18:53.139126,35.40382137343652,6.293547667059806,172.2953015754155,37.48697088345704,61.784072652407815,1
2026-01-27 19:38:53.139126,30.147449581776893,6.502838846440016,177.89976243023094,35.877916516903916,56.744008820654535,1
2026-01-30 08:48:53.139126,34.570412845673424,6.878463673639019,161.0723676299562,31.521252158779248,66.50389667341324,1
2026-01-24 14:13:53.139126,22.611147135641957,6.924789371998219,143.4847439066411,31.43192739876579,50.02901058728483,0
2026-01-31 07:33:53.139126,36.8048270282588,6.397862808901985,190.3586310955694,44.02207336445188,56.35175697091457,1
2026-01-19 19:23:53.139126,29.286519600353127,7.1556264327796555,156.76869695556437,37.83024755180188,45.02280690226063,0
2026-01-29 16:38:53.139126,36.38197325533199,6.57411219422042,163.31780626256258,39.35652850820679,56.687993041432435,1
2026-02-03 11:08:53.139126,46.34825697819184,6.894803200284269,228.67470095761834,42.01518248753033,90.50386026087206,2
2026-02-03 19:28:53.139126,44.035214504162646,6.556502577478831,205.95432962242685,35.43086531970336,83.5250977492985,2
2026-01-28 06:03:53.139126,39.23137143459325,6.685736660769409,161.32808784524116,37.28447684900855,68.4489460079712,1
2026-01-25 14:43:53.139126,26.39540914429722,6.930087743026626,135.6013793477139,33.67841953132101,49.95269190199078,0
2026-02-02 15:33:53.139126,58.12974553337677,5.904907124384993,187.97830641327093,36.36680331990675,83.23389448941268,2
2026-01-29 23:53:53.139126,30.517650795200634,6.443261023750834,173.53793119143387,31.144843568501983,64.43090332453005,1
2026-01-21 13:13:53.139126,22.852376350434582,7.183939885202777,161.49990237956303,33.227331315499164,46.101058604063155,0
2026-01-24 12:48:53.139126,24.573408643925234,7.469666214097738,158.74464279446102,32.422080766010325,39.19007328692278,0
2026-01-29 02:43:53.139126,30.860885164177574,6.066656763754982,169.20609662600228,42.644028685783795,44.693054300373824,1
2026-02-04 09:58:53.139126,43.23338771154485,5.76416131172614,204.2392662112928,45.13950985650015,71.04839742168446,2
2026-01-21 23:08:53.139126,21.87520410817949,6.610574305917621,127.43486924045322,31.200302249341178,50.586517434967234,0
2026-01-19 01:28:53.139126,25.18456723596174,7.057158414542699,145.90871908393498,32.604411069663215,42.914440127750495,0
2026-01-28 10:03:53.139126,33.08721879153359,5.93408501094107,170.01827806355084,29.685983274982767,72.98625324281028,1
2026-01-19 05:08:53.139126,25.349705180911126,6.8013784264625095,148.2283683712398,31.40395852499005,48.69208700305755,0
2026-02-01 01:13:53.139126,46.62148303532643,6.059441594989401,178.02401255752162,46.555784672260934,79.30747615591966,2
2026-01-17 06:28:53.139126,23.339538521317795,7.087206468399402,143.8962545089953,34.597110860833006,46.44078396926807,0
2026-01-25 23:08:53.139126,22.825005533458345,6.803647464113369,137.93624077441422,34.43702212848684,43.24908068440507,0
2026-01-26 19:48:53.139126,31.53929426056864,6.58287339363094,184.9725841806483,40.481560147987274,72.17067143807209,1
2026-02-01 02:48:53.139126,46.0861796931388,6.273473608764814,194.33673150550135,40.148546469570576,70.30868109395391,2
2026-01-20 18:53:53.139126,31.143584594928367,7.295070482301521,144.18902764209014,36.707968501819266,45.82638661334428,0
2026-01-19 15:08:53.139126,24.846226661087705,6.880437097868804,151.8264803626981,31.52176686072289,47.495021273545824,0
2026-01-25 21:13:53.139126,21.594085381561207,7.265969331463108,147.92448589831343,36.84820327267127,52.21881595925094,0
2026-01-21 18:28:53.139126,25.012768672300403,6.60254704251345,153.00517486848543,36.15369730742338,41.8012038510334,0
2026-01-24 17:58:53.139126,23.35255437038383,6.884675344389744,160.83307271541412,35.85688013021567,41.22918052218172,0
2026-01-29 01:23:53.139126,33.86085571015368,7.018536515068897,175.914623224541,37.833227297481855,61.517892490157934,1
2026-01-27 09:28:53.139126,33.43097024386293,6.618140248611473,167.83473896690333,38.78230317940118,63.918531603146405,1
2026-02-04 09:28:53.139126,43.603930985595554,6.436879941759852,182.4767998000617,52.84251309628961,82.17694507998308,2
2026-01-23 07:03:53.139126,28.418956260951123,6.6605584631593775,151.20140694476154,35.95849630070155,41.6382782777367,0
2026-01-31 13:33:53.139126,34.38158499600927,6.310912871749782,170.570717045261,34.87199012179447,55.06124073216426,1
2026-02-05 10:43:53.139126,49.24469393155953,5.789264074759198,211.45354033181508,53.07135790579634,71.05527563858824,2
2026-02-03 21:13:53.139126,37.31589849862182,6.496571577801465,201.377303665561,43.71388776313597,73.79705155651907,2
2026-01-21 18:48:53.139126,16.871297052161456,7.0425453325238045,144.63985560249125,32.30811116635318,46.49004678292629,0
2026-02-01 05:43:53.139126,45.88274453009403,5.601989018604428,188.45267318790684,40.47382266201236,63.076760328442155,2
2026-01-24 17:08:53.139126,28.047276755035252,6.822585550828284,146.88228497890094,35.17451230125585,46.20153145464799,0
2026-01-23 23:18:53.139126,28.557635881806718,6.915810755548604,135.71684667388095,38.09461491961618,45.55829678945521,0
2026-01-26 09:08:53.139126,22.11368173814521,7.299135661846757,116.12078206172662,35.56751100867279,41.31989955284258,0
2026-02-03 14:08:53.139126,43.83017939322443,5.3195151286351345,203.75054743836307,47.881677472600224,73.74969623523751,2
2026-02-04 19:13:53.139126,45.45844532960596,4.927867608411869,195.85245527897243,37.35253838956833,72.80987462972665,2
2026-01-26 17:28:53.139126,28.636430536099972,6.669594145101384,180.07999813683722,39.94971494850939,57.616339171955104,1
2026-02-02 15:38:53.139126,50.59615155875434,5.722031520341581,214.28712461329505,45.488774087481396,78.12315225530514,2
2026-01-23 12:58:53.139126,28.086738827338145,7.305889384711381,138.2467163938912,35.86232717027658,50.44838703248563,0
2026-02-02 19:53:53.139126,48.61888994738116,5.320837483861966,172.55094018521083,41.430406027017604,80.3080205685897,2
2026-01-26 22:23:53.139126,34.61475165160582,6.587565193058658,167.2221976092203,36.95936620986763,58.83356224761389,1
2026-02-03 02:53:53.139126,52.58788971481108,5.449595702714156,185.46459406171942,38.61252805583135,86.48562580346311,2
2026-02-04 18:33:53.139126,51.027624149550924,5.922755334139219,200.06920791044215,43.11007544585806,79.57542102126877,2
2026-01-30 03:38:53.139126,35.07738565600493,6.676163285921386,147.78935547066965,37.064459902065806,60.59927056757005,1
2026-01-27 18:13:53.139126,35.11686784813076,6.1762491776808295,173.5548821884366,41.54171282228269,55.67167907017267,1
2026-01-25 15:13:53.139126,23.287611582291127,7.14238261991972,133.45843406349596,35.174764424472755,47.52616075471596,0
2026-02-02 18:53:53.139126,49.78977525933461,5.521215048372495,212.37666563519758,53.19535817543002,73.39945133296752,2
2026-01-28 06:43:53.139126,33.905021891349655,6.851995574128404,163.27583328755634,37.754552102348754,66.2494863743578,1
2026-01-21 22:28:53.139126,25.93018399146871,7.096709980592909,159.1577186135905,30.62474109821938,47.37576799431649,0
2026-01-30 20:38:53.139126,32.44648662317138,6.656543515159181,169.00672299418767,37.16497970324778,65.12688944254282,1
2026-01-27 00:48:53.139126,38.49815057851642,6.617393275592628,157.58715923104592,34.95921373073824,59.68339513579234,1
2026-01-24 01:43:53.139126,26.537098561229133,7.2406899301502685,158.54612445636252,34.60460179502859,39.20164220453277,0
2026-01-18 02:53:53.139126,25.814227622605124,6.9542742740980605,161.90859627924263,27.979061425192327,55.71984559096445,0
2026-01-21 05:03:53.139126,24.03917645940791,7.026127223962654,136.46769447677448,36.98334944026508,48.49231663115095,0
2026-02-01 18:28:53.139126,36.522674995695944,5.305773680972662,194.9490229861327,36.52200281508778,69.49573842810146,2
2026-01-30 05:43:53.139126,28.311131463048547,6.264262393670377,174.33468311891252,39.86474029615808,53.78047843079603,1
2026-02-03 12:53:53.139126,46.06224027685611,5.962263232502858,194.40313429049706,42.14228654175442,84.60334584350703,2
2026-01-27 17:08:53.139126,24.926237692289675,6.829845936042947,167.2897076561947,38.94567271706774,58.747061701043755,1
2026-02-02 10:33:53.139126,50.85023153933202,6.613554780362194,200.03455293621948,48.174475095583354,78.8644089037847,2
2026-02-01 00:28:53.139126,48.40640041402489,5.09997546923139,197.49046299082144,45.491313432619144,80.53013311106335,2
2026-01-28 20:33:53.139126,33.231835917739964,6.6446728621132065,161.24181817997294,36.71831130904723,60.48799624120886,1
2026-01-18 01:08:53.139126,23.26428275203902,6.856880648291358,159.50655347915136,36.14531406041102,45.63717516853647,0
2026-02-03 06:58:53.139126,35.62359864378105,5.591718733780222,198.54749718158195,44.22862725661567,78.61325868759596,2
2026-02-03 05:08:53.139126,42.169792671297394,5.980250529593279,180.12721619671385,43.20460846473587,76.842277751179,2
2026-01-25 23:58:53.139126,30.924042534299115,6.606942641197784,141.06581206898207,30.03530476611723,48.20201581315541,0
2026-01-17 21:13:53.139126,20.7273572498488,6.947083233831799,156.20801028845696,34.174531137614906,45.63752269995832,0
2026-02-01 12:38:53.139126,45.25466538947727,5.782762336526657,186.38033550180953,41.68388796552625,79.61690656382116,2
2026-01-19 20:38:53.139126,22.928314349225143,6.984263965538183,145.06349775484279,35.34865015583954,45.66533728104061,0
2026-01-21 21:13:53.139126,25.337421016175252,7.023654915122315,167.02713149668395,38.91835058706822,46.74504156375457,0
2026-01-19 14:53:53.139126,32.36432007083697,7.107689661523934,147.0766734169708,35.60170896748592,45.20466587016616,0
2026-01-22 19:28:53.139126,21.614769460306942,6.698260109959907,155.97974625749274,33.73557240230006,45.699418799773525,0
2026-01-20 02:23:53.139126,26.786975173320258,7.143545912457726,168.75335460740934,38.192893259036694,50.1646315972024,0
2026-01-25 23:03:53.139126,23.770201764931763,7.18938601192216,155.60722866208505,32.571929650882915,42.06394713736839,0
2026-01-16 12:13:53.139126,18.189065627156506,6.689177531708142,162.66545672643568,39.32199119154726,47.72038359017327,0
2026-01-18 16:13:53.139126,23.28178408883817,6.974345438039295,143.94367933564274,34.083339153842,37.971965861988174,0
2026-02-05 02:38:53.139126,37.81008281609311,6.239460730816814,234.25658670652433,44.81059090788705,80.27171125733983,2
2026-02-03 01:58:53.139126,44.86011258376263,5.006316028921358,177.14718097633505,37.80204084507185,86.75846430326175,2
2026-01-28 20:48:53.139126,36.79450792479969,6.56805836124539,178.90580332040923,32.29999388412247,46.06623260222897,1
2026-01-18 23:43:53.139126,29.217531318551995,6.858463304180612,159.1130797179782,31.3009790195562,42.32931428365716,0
2026-01-16 12:28:53.139126,24.915918869962418,6.886122109892608,134.5105374026437,35.106833589545104,46.441312708248184,0
2026-02-01 14:33:53.139126,47.14525927106107,6.350769894102415,185.68537163024644,53.29725102057501,79.93344466821469,2
2026-02-04 23:53:53.139126,35.74980745122294,5.65867711830975,200.7287473137011,45.997153587692466,73.02123394707444,2
2026-02-04 19:58:53.139126,42.74311154907191,6.095779721265379,212.74910443429008,50.81499243774388,81.27476161258407,2
2026-02-05 16:33:53.139126,45.05577572082255,5.817741345749642,192.47933516779995,40.092559414057256,81.73414221675726,2
2026-01-18 07:28:53.139126,33.0284934661739,6.7439385999580725,128.9935275522888,40.973993998583445,36.47246957626207,0
2026-01-31 14:38:53.139126,35.78738679337643,6.498562146531932,161.0299693104395,38.56898323473765,60.4190445839115,1
2026-01-31 06:13:53.139126,36.37587018763012,6.647690366270112,141.4195806944643,35.61296817188324,61.36116347803144,1
2026-01-30 11:43:53.139126,37.38187370108153,6.529743756840736,163.03885352157485,36.274041120852694,51.652507657682726,1
2026-01-19 13:08:53.139126,25.94539583595598,6.872346633376018,156.8337925146453,38.78638680780128,44.28995475064867,0
2026-01-19 03:33:53.139126,27.525659486816945,6.7740675630063745,148.90145174225455,38.10312146661009,45.521761003859794,0
2026-02-02 00:18:53.139126,40.59577095057613,5.661500252440157,197.9910639580493,48.073385625487916,82.01434465289202,2
2026-02-03 13:28:53.139126,41.086115188371735,6.521749168653945,203.69904388356932,53.59385677745351,67.81431105963875,2
2026-02-03 05:43:53.139126,49.150185583647094,5.889847839232146,213.23936947588876,40.301385718655844,69.79516777935635,2
2026-01-16 02:53:53.139126,27.266810224343224,6.970848269610566,134.49493588793104,33.93522035498631,45.66925709612875,0
2026-01-26 16:48:53.139126,35.36810327453457,6.257635453983888,168.56486542620257,34.93508513384681,49.29253423311697,1
2026-01-26 22:53:53.139126,34.56343797841647,6.51865248984075,186.3176340018952,32.49821506399215,63.64383017702881,1
2026-01-25 08:13:53.139126,25.383231307456366,6.806301805858931,153.68905676572032,37.1002570934682,44.54243279483635,0
2026-01-24 18:08:53.139126,27.257085005099558,6.960387164285486,151.98074378852752,36.1789108234376,43.25979715900014,0
2026-02-03 01:38:53.139126,49.75505458381544,5.768397229215039,170.19164757621377,36.42837754172676,77.75050009607229,2
2026-01-29 11:43:53.139126,18.98317290367188,6.073671922529142,167.67871990902697,37.29353969370397,59.00192516568563,1
2026-02-02 05:38:53.139126,46.582876125223294,4.582705625640018,192.9829100604284,48.0503857100296,79.53081310045998,2
2026-02-01 16:38:53.139126,43.98021994526407,5.678170451368491,200.0383076036931,40.42980181184334,73.49515074119329,2
2026-01-22 01:28:53.139126,23.370002342928572,6.761874503909097,159.92353577166816,33.6398868874525,44.43741909435241,0
2026-01-20 02:13:53.139126,25.146266675550045,6.915472044450644,144.0486137079696,27.52131495514989,42.97479789619137,0
2026-01-27 10:18:53.139126,32.89405155202541,7.518633994865541,172.55838857370748,35.00101332504047,56.80120785364638,1
2026-01-18 02:23:53.139126,25.717298923789233,6.9747699562957415,132.67624337049827,33.90905989829402,44.53786007250108,0
2026-01-29 04:38:53.139126,31.47474345674493,6.080934698678452,156.88186427622733,35.87095704662294,60.92235512537125,1
2026-01-29 01:53:53.139126,33.93530226211318,6.375173827609726,160.25457041987815,36.8910180879555,62.53050328762494,1
2026-01-30 12:03:53.139126,32.44606208306684,6.979016345681449,153.9801522640999,36.90507472876483,68.13172183885382,1
2026-01-19 01:38:53.139126,21.92130327139766,7.123676613887408,163.3732354277101,37.4249170857156,46.58677771607691,0
2026-01-22 23:43:53.139126,22.156159713044786,7.175337574754654,141.79966778374475,31.145039041015554,44.31679823285315,0
2026-01-25 17:43:53.139126,19.901769996133968,6.965724172003688,133.27809665028602,35.130254269739794,42.477926229800595,0
2026-02-02 05:18:53.139126,45.78922108968203,6.605335257013802,190.84538714069882,37.24749739716797,85.0293052649063,2
2026-02-03 04:48:53.139126,40.52269536443143,6.296234505458348,201.73534236484699,48.22776012197417,82.27177417124742,2
2026-01-20 03:43:53.139126,22.17717981727103,7.297032790380631,150.26052199753482,37.36670420619315,43.93627158616521,0
2026-01-19 11:28:53.139126,22.06262574094824,6.736433960032345,154.48087802962132,35.45692173373349,47.13413273659858,0
2026-01-25 11:38:53.139126,24.064497576878782,7.16521646203036,142.6264992747273,36.82444798629367,44.00659744554842,0
2026-01-31 17:08:53.139126,30.239557628051816,6.49104064315932,169.16523753965873,35.91507911508871,54.84215201282325,1
2026-01-29 11:08:53.139126,31.551112160007413,6.816485578838845,164.12088585702523,33.78538437163857,64.04880528386573,1
2026-01-24 07:53:53.139126,29.49672939525353,6.690142887240087,145.83338552306083,40.21631787177216,44.1079481414263,0
2026-01-30 09:28:53.139126,39.13927741739719,6.4355105345847265,168.17054885502625,37.69275779963771,60.364948504532805,1
2026-02-01 16:53:53.139126,49.753012644350555,5.956680481104064,179.89137358599874,42.81562062036664,77.67144792497277,2
2026-01-30 10:48:53.139126,33.62079629947252,6.517962055709566,162.52625513670037,35.66092365216132,51.16612760837485,1
2026-01-26 08:23:53.139126,25.618599948667896,6.725434946356008,166.39090310831253,35.478681585129216,47.72601293471096,0
2026-01-17 22:13:53.139126,24.441286061054306,7.163263176422379,159.7072650220186,32.7328978315333,48.44704886553522,0
2026-01-24 15:08:53.139126,28.144942795672073,7.182032453687977,157.4735878781325,35.004686144329135,49.948829166895024,0
2026-02-02 12:33:53.139126,35.26590477372818,6.338137055515552,177.50801935370558,39.79336261296839,70.23043942088643,2
2026-01-22 11:58:53.139126,28.457408548627136,7.1924896799228515,144.93525541809242,40.34454946817895,56.20099454246367,0
2026-01-17 23:18:53.139126,20.935584265142722,6.779398507392297,155.05599176449383,42.04115621622468,47.21209012746877,0
2026-01-25 20:23:53.139126,30.148484700938802,7.1386443268541795,133.12404934750865,34.514473081117,41.74888960219055,0
2026-02-04 12:53:53.139126,47.66793837364566,6.145682070635956,210.90037057341206,36.93656473352959,77.3294030364067,2
2026-01-31 04:18:53.139126,25.02880477491784,5.830705753393019,175.39718248305118,42.10979533276322,56.739385321863246,1
2026-01-27 03:08:53.139126,29.858676292511614,6.189108368551177,168.14542026245394,34.44269890259559,58.324422951124944,1
2026-01-18 19:53:53.139126,24.676955105820838,7.123722936240189,167.3948514637552,32.346280811265274,42.26671448937978,0
2026-01-30 04:38:53.139126,25.96801419860875,6.3357778148852795,162.5344693473071,42.75956433985688,60.416180259261495,1
2026-01-20 23:58:53.139126,24.871603191935147,6.693757980049998,148.37639533307052,37.336148995769086,44.77866983582272,0
2026-01-24 21:58:53.139126,23.70938301705974,6.914646425320839,149.44565149104707,38.00719815392871,48.47926567011085,0
2026-01-16 15:23:53.139126,25.449130763849016,7.323109917777849,144.44665365245723,32.09538125238096,48.55509440309248,0
2026-01-26 13:18:53.139126,34.71820380275154,6.794334843741434,165.18978949597886,28.908885454348553,56.892542076008844,1
2026-01-21 23:03:53.139126,28.007395302108375,7.002769502195918,144.47602679746652,42.24422068576106,46.6009296905608,0
2026-01-26 04:18:53.139126,22.542285835284343,7.068800669693452,145.4820782074592,37.06725822016971,41.40639431882858,0
2026-02-05 17:23:53.139126,41.82186319825488,5.681210518945177,188.58471628300032,36.962558898106295,72.97796438976451,2
2026-02-01 11:58:53.139126,51.340849883742194,5.662064451381509,199.50147720321357,40.801236703620326,78.75465705604087,2
2026-01-29 12:28:53.139126,30.29224991289049,6.413339505684303,149.86219692968913,43.861831944920354,53.93761748603516,1
2026-01-25 14:18:53.139126,27.72955822861341,6.878904420635752,152.4913699296087,33.52584450374568,53.090338810294625,0
2026-01-22 16:28:53.139126,23.129996676761934,6.874073236490506,148.60408421669644,35.65985864240134,49.11652511326551,0
2026-02-04 00:03:53.139126,43.59227337590436,5.552368948555024,185.72051164981113,42.85682817342557,83.88158833995101,2
2026-01-18 01:58:53.139126,24.681174680229265,7.045386382051348,167.63424860398462,33.57674969857685,44.82524546637882,0
2026-01-22 09:53:53.139126,30.07025067727252,6.572791441756376,139.00471533730504,33.23387954215503,51.14509474930479,0
2026-01-23 06:38:53.139126,29.79660146266078,6.976420888519773,149.20485380579055,34.470604527478415,42.84671388479328,0
2026-01-16 13:08:53.139126,28.45667179805496,6.775209278071588,162.27269391343174,42.07598397176339,45.64454988027912,0
2026-01-27 21:23:53.139126,27.954845471038304,6.332340919952227,180.25728957026178,41.74443729853853,51.53568742710995,1
2026-01-27 15:48:53.139126,34.6168052752074,6.923446847222314,181.18122776140922,44.532687148331334,64.00430791077514,1
2026-02-05 20:38:53.139126,44.79368018869082,5.138224475586353,217.52012551424218,46.0999753137846,73.60008564762506,2
2026-01-26 10:28:53.139126,29.42065492447405,6.819537659685357,152.9605935385418,37.0666843640772,43.01439374224641,0
2026-01-19 12:13:53.139126,27.95240099358474,7.440815739880427,156.91418524596781,35.76499167973818,36.62948654591741,0
2026-01-24 02:13:53.139126,31.69951771929974,6.972821709697639,155.90185764886084,34.87341349170493,46.50935945393815,0
2026-01-16 18:23:53.139126,26.990717366605402,7.24201777136129,149.374695485768,29.94934130312156,40.28147721230926,0
2026-01-20 01:28:53.139126,20.98166483078939,7.05726323340288,140.9655637567795,35.1140424735406,44.76324774856024,0
2026-02-02 18:33:53.139126,53.21340288629507,6.135587955876313,184.66674563897098,40.18029013320056,70.2411643465702,2
2026-01-18 12:48:53.139126,27.052933576283465,7.21065007018908,143.39367768713456,37.14887824783494,45.13907897766103,0
2026-02-04 23:58:53.139126,50.38732857886849,5.544198967930034,207.6177962327041,44.25806322192097,85.47124677979363,2
2026-01-18 05:03:53.139126,25.364718592950826,6.974703182469717,151.5277770567343,32.822099042421826,48.26980790274532,0
2026-01-30 22:53:53.139126,39.42805388544278,6.443959936251333,166.6748832900131,43.20170704094671,63.35597132635129,1
2026-01-17 03:38:53.139126,25.116830428045144,6.7146249225808905,145.20238558755926,29.592315094136303,43.416060886328374,0
2026-01-27 23:33:53.139126,24.481480026813813,6.7426579966197835,163.7377368743009,32.872482042094,57.46146500646046,1
2026-02-05 03:48:53.139126,46.64951649331772,5.639194841327475,202.49696070471586,45.02736652156561,69.21329859331854,2
2026-01-19 18:53:53.139126,28.366904948178536,6.805133052025961,149.97541339498343,36.35370435982887,49.26979187509823,0
2026-01-25 00:18:53.139126,18.662296219002805,7.025585128039768,148.56411075506713,35.087127030141595,43.58427737832151,0
2026-02-05 21:33:53.139126,40.45454817959624,6.279530628333008,213.8428324165804,50.964881337354655,82.93165603157681,2
2026-01-19 19:38:53.139126,23.729465512668288,7.211938490345684,155.77019399962097,39.778534889957356,46.25113051621778,0
2026-01-24 20:53:53.139126,26.797701822029115,6.9968241832152875,150.1977864606664,32.23026881358618,41.345592036545014,0
2026-01-23 18:18:53.139126,28.833188626511706,7.26342089733269,155.27798518832554,33.117454409549346,43.68958929564889,0
2026-01-20 10:08:53.139126,29.509376667990708,6.68454752004106,141.98312789992497,35.86401918030081,46.1910276049233,0
2026-01-16 03:53:53.139126,22.31208037044077,7.215305469434446,160.04654221937972,38.03521837477965,43.71695307024552,0
2026-01-26 22:33:53.139126,32.537319428454985,6.491364988506374,165.8488924406862,31.792093523564407,52.03391132812976,1
2026-02-05 20:48:53.139126,41.17583472090677,6.253656835819184,211.43556394487933,40.043989057944366,67.8677993699677,2
2026-02-01 05:23:53.139126,52.45035978180131,6.1809529291917125,183.66165994234757,46.95928990333911,68.53477672421842,2
2026-02-01 14:43:53.139126,51.37929146171662,5.441748258974601,156.33306384302543,44.234738503384214,62.5529094918094,2
2026-01-18 22:28:53.139126,26.23846780165408,6.868717607348186,158.87657233519448,35.2355061588656,46.43901402360786,0
2026-01-26 18:08:53.139126,26.00683804175672,6.814534459291293,175.80864822579807,37.769968062792,56.14802577646267,1
2026-02-05 21:58:53.139126,56.188666875445044,5.873629631596581,181.03997152204673,38.800850678693706,78.67356694585166,2
2026-02-04 13:13:53.139126,48.94421626361425,6.159709078456631,200.022250232521,36.417203260976756,77.92292248682237,2
2026-01-19 10:28:53.139126,27.536281967549733,7.273198383946098,150.57973386684714,32.07024726944127,47.14936493440046,0
2026-02-02 02:18:53.139126,51.268657452426915,5.078308796797624,230.00815634784666,38.58854421285337,67.90414739885581,2
2026-01-16 21:18:53.139126,25.070699117941604,6.709523083032767,137.83969743849377,37.534433632187586,34.66272383221006,0
2026-01-27 18:03:53.139126,28.932513040158163,6.3049304901052174,183.72401860499838,40.88164002922361,68.71965316638969,1
2026-01-24 17:38:53.139126,23.08053141585347,6.796755592911869,155.06553705487818,36.567307492270665,49.229945507561204,0
2026-01-18 01:23:53.139126,23.50502514253745,6.821539454985998,167.06155092758132,36.26917666780821,41.903149872513175,0
2026-01-28 00:53:53.139126,28.78504521314712,6.972704005230994,157.47904593757207,41.29790066565567,60.03324546257313,1
2026-01-21 23:38:53.139126,26.24937502259688,6.796567618464791,144.63017964285774,34.427476503310814,43.31909394544536,0
2026-01-19 17:38:53.139126,26.128974371103673,7.206859072662021,139.6204036287506,34.19392133652698,43.951449756030904,0
2026-01-28 01:43:53.139126,23.869183235115234,6.192672746099442,144.2548250569759,42.550836028028016,59.85953620163853,1
2026-01-31 22:58:53.139126,57.87570269710946,6.234540489441931,207.22521632651532,46.38149534960353,66.31402666250683,2
2026-01-19 10:03:53.139126,25.81378610324139,7.145253591698688,163.96044863696343,37.2376175960109,41.668445369561354,0
2026-02-05 20:33:53.139126,37.569943809080016,5.479868836246372,179.9445606142612,38.195733946094684,65.83360011701528,2
2026-01-25 14:28:53.139126,23.509943623569654,7.126436052277006,140.07576487153673,36.78851683470838,39.77200861537204,0
2026-02-05 12:53:53.139126,39.4455013723388,5.918140704600599,176.29649021078285,47.26971376065892,83.69257802183054,2
2026-02-01 13:08:53.139126,51.26596998487054,6.337485049418299,203.01034522212734,47.08092086918386,81.71354599607473,2
2026-02-05 04:03:53.139126,48.289064957530634,5.4962429594443485,188.1353539031595,35.78279996824416,86.09582892825422,2
2026-01-20 08:03:53.139126,25.092506780136258,6.951203767282206,157.0574382528168,36.09986035602437,38.924504507274236,0
2026-02-03 08:23:53.139126,41.829187789344125,5.432982835084853,197.22689789659754,34.292665911973174,56.72403481266392,2
2026-02-04 05:48:53.139126,48.23241761313077,6.7015651553433635,180.34765995007504,50.526855736671536,85.81573980208198,2
2026-01-21 09:48:53.139126,24.44048207299632,7.03915325667304,151.15064667897596,30.405264906229007,45.79765602240845,0
2026-01-29 22:48:53.139126,39.87721706266145,6.649789496766977,165.3571909770247,42.63665711984178,65.26065149039869,1
2026-02-05 15:48:53.139126,42.33334012244119,6.647822207736634,203.86900092894808,44.11347944101958,90.42872779948183,2
2026-01-20 14:53:53.139126,25.19344070472381,6.659401483014044,147.63154963033332,32.44826588741962,47.46123821583343,0
2026-02-05 11:38:53.139126,44.96919407832025,5.621526809133072,187.36715576208283,36.039987936893525,67.0116900878811,2
2026-01-16 15:53:53.139126,24.863773602429937,6.854823324042088,144.21923616992095,35.85541448552526,46.1913756916136,0
2026-01-30 05:28:53.139126,34.38309277297851,6.630957361010268,174.8953341701109,37.5087272653361,57.12587253923746,1
2026-01-19 10:13:53.139126,23.807661220026727,7.142057713966247,154.80351860867873,32.195726082449596,53.47312067739916,0
2026-01-29 06:28:53.139126,34.120452753214785,6.415750352638501,158.83629597016073,44.12592533101099,51.83097071519696,1
2026-01-27 08:03:53.139126,32.12239767002353,6.67484682055618,152.52385219601956,42.652652462320766,60.34871220808403,1
2026-01-26 01:38:53.139126,18.0142564649904,7.1254141925555095,136.07112432937566,35.088689495278295,43.73819242263927,0
2026-01-29 05:18:53.139126,24.35936974383225,6.4371951388377475,163.8332538633421,29.789063522157175,58.260355359616995,1
2026-01-31 11:58:53.139126,30.065406512996418,6.629019828751536,168.61771880642786,39.71136810121536,59.918351726813626,1
2026-02-02 08:58:53.139126,46.16906363342809,5.799057614140398,186.05293619870687,35.19752114806321,75.53927101488352,2
2026-01-26 09:18:53.139126,31.12252799435917,6.826865859217774,158.62741394336305,35.79431672781279,45.02643680694463,0
2026-01-23 17:53:53.139126,20.889065889653494,7.2321267369591995,158.7987753149763,32.824911578717966,46.00282373551497,0
2026-01-16 10:43:53.139126,27.485037744487986,6.805650544251318,148.80560991990177,39.77340359247415,44.126897640279154,0
2026-02-05 08:43:53.139126,43.742142072102375,5.088121960567006,211.7958250729104,55.967978322635695,71.36117343739889,2
2026-01-24 23:38:53.139126,20.358735503326795,6.9528488990461526,149.58519961012195,34.14448593777605,47.251014746097866,0
2026-01-27 03:48:53.139126,38.09062171405063,6.478950766916229,195.59236246475967,34.417552842499504,61.827447338340555,1
2026-01-16 23:38:53.139126,26.142981891439902,7.092728799038728,145.53124194971124,38.20298649121685,40.039104138614405,0
2026-01-29 17:28:53.139126,23.287902605120525,6.311791472286369,160.60065515679958,43.27643509371945,63.28726172500412,1
2026-01-30 16:28:53.139126,35.72271899646185,7.102805389567282,172.61830635848588,39.16568683123304,58.26213179822924,1
2026-01-21 02:58:53.139126,24.54057958882482,6.997285428204081,141.125729795474,36.708956904518544,46.52940478084694,0
2026-02-04 08:08:53.139126,35.7495222300764,5.430182643025593,202.9473109671576,37.94153788433418,77.43212741899353,2
2026-01-21 19:53:53.139126,20.658802639938713,7.035948670197854,141.34195569017723,33.542631500812185,50.46686211829151,0
2026-02-01 08:43:53.139126,44.21033691539033,5.549217232444302,189.35438847899584,53.424801204830516,80.51806710297627,2
2026-02-01 12:08:53.139126,47.789923552997834,5.276610502888621,171.92124754075732,41.64913662768569,74.63723936999098,2
2026-01-29 23:08:53.139126,30.126051178023292,6.48920792138067,158.74739579384482,35.01982891724165,66.92617692933426,1
2026-01-21 23:53:53.139126,20.359576239218786,6.647914176966154,145.59203559666955,34.263212524534566,42.362244703166,0
2026-01-27 04:28:53.139126,35.127497495683514,6.398534944497863,174.58974296493838,46.68499505878267,58.052651828340096,1
2026-01-31 17:28:53.139126,31.41961517125391,6.524811922486973,160.7034449668088,37.92169947286803,56.919302167764044,1
2026-01-20 02:43:53.139126,23.408955935145922,7.073353479875494,153.15718691850736,35.225377569784385,50.42869423287004,0
2026-01-23 22:28:53.139126,23.988369658855053,7.141935203410927,145.5053749511394,39.18077008528001,46.99409631550007,0
2026-01-21 22:43:53.139126,20.834714428979325,6.5870722380030795,165.37214075785693,31.7100596613165,49.96683564669037,0
2026-01-27 02:43:53.139126,28.894808450354773,6.5378076208257285,164.88963659870504,40.39179446974276,45.074955758644954,1
2026-01-23 05:53:53.139126,27.789601457254932,7.120003279779804,169.99563566734403,37.09009978497999,39.238506328538364,0
2026-01-30 07:23:53.139126,36.83267849236078,6.279570172974738,176.1777065319272,40.031502390123535,63.47233126892983,1
2026-02-05 10:18:53.139126,56.59693909570693,6.136907187881291,198.56669403711336,38.88819163139791,72.12026025254833,2
2026-01-26 21:33:53.139126,32.29179850612175,6.69716828638124,163.78527838093703,38.67510877103521,49.91185377087899,1
2026-01-31 21:33:53.139126,44.51383902459022,5.7569075663133695,191.01099594263817,42.282557212188735,71.94692978240974,2
2026-01-29 00:48:53.139126,25.99795830870754,6.653668972679257,183.8269697238894,42.46186041356056,58.253669784973546,1
2026-02-03 22:28:53.139126,39.86988436987943,5.425723823840542,202.72977362365538,44.896003612881366,76.22604970502012,2
2026-01-23 05:18:53.139126,27.65895828280156,6.536525490833447,163.40288538159612,38.32578991508651,45.2449375928082,0
2026-02-02 09:13:53.139126,40.65521386449805,6.49076411724225,205.91592022464317,48.333861517831,72.18620593993542,2
2026-01-28 18:08:53.139126,33.58939234884476,6.79382917259261,165.6446725514162,40.47537916592739,57.97531950105603,1
2026-02-05 15:23:53.139126,43.4564331712283,5.230725267671235,182.06975152317352,40.47298128369052,69.7567867249196,2
2026-01-18 06:28:53.139126,25.76453627693959,6.913437079008953,148.75155526524668,33.12155024376492,42.120373843749434,0
2026-01-17 00:23:53.139126,27.350236625686822,7.0449745084899424,153.2365400494214,39.41948089213728,43.03602672852637,0
2026-02-05 00:03:53.139126,50.281981459672984,5.568794263957837,202.53242735589347,52.18843918089042,70.64480803189535,2
2026-01-27 19:18:53.139126,33.4651466093786,6.1507654930844415,181.63766844424194,31.467118816802543,52.563728734271365,1
2026-01-30 04:58:53.139126,31.58926652479626,6.20012495537883,173.1943821025044,39.026726689034156,59.17795902542239,1
2026-02-04 07:43:53.139126,43.41469753651656,6.362495364977329,227.66569653433274,41.043465664325716,69.25040373461161,2
2026-01-22 08:43:53.139126,25.532215598265914,6.90202646084642,159.34677515005873,35.76873183372046,43.68848389087994,0
2026-02-01 13:13:53.139126,49.37511551413475,4.851182138181616,207.2663633268867,48.46109289004324,80.53107559125509,2
2026-02-05 21:23:53.139126,50.458505553669376,6.088645717893981,210.57517586132252,50.455395136142116,64.7953727986099,2
2026-01-24 09:18:53.139126,18.85338648633907,7.108260347802082,154.9526759806265,35.48031761709501,42.43772249725166,0
2026-01-22 21:48:53.139126,24.854418828161098,7.323027345261261,141.26016123228962,35.93487369015775,48.547228258135384,0
2026-01-26 10:33:53.139126,24.928388335330368,7.151092802081222,153.8647840700025,39.281037362526995,55.206876930435904,0
2026-01-17 19:13:53.139126,28.39352095915475,6.839029958999019,155.85036399131906,33.16754032755417,46.16437060321291,0
2026-01-22 12:08:53.139126,25.260361066421865,7.335316911671504,145.25505185371665,35.39979977441353,46.40063809914587,0
2026-01-22 03:03:53.139126,23.826580692174215,6.870754240747539,146.6252767962011,33.35767543498447,48.36945295109492,0
2026-01-26 05:08:53.139126,21.232793934240963,6.883774691422539,141.7670731079897,39.8750448820499,49.36692595920205,0
2026-01-27 06:48:53.139126,30.25005844392855,6.227440493190331,172.20944100766965,41.45922592968479,55.75168973050676,1
2026-01-16 14:43:53.139126,24.21734257716187,6.9411849394586085,144.78334390637337,40.128114972001114,40.39430881914732,0
2026-02-04 15:43:53.139126,49.914087004993746,5.3484410547800545,162.48449714611831,43.5866468391417,81.31651486574154,2
2026-01-23 00:03:53.139126,28.768225600429098,7.117063378039178,163.31802028492126,34.04092200345347,48.577513270656716,0
2026-01-20 20:38:53.139126,30.698758895489842,7.348960656521394,141.7764879928551,37.42125628557811,41.326766355808914,0
2026-01-25 20:48:53.139126,24.771138574355792,6.884412326663763,146.90467935494198,33.61553780426805,47.497123878326704,0
2026-01-18 09:28:53.139126,23.999310183617933,7.281511447299619,132.92550220600165,33.30475878477745,38.634826246518905,0
2026-01-22 08:03:53.139126,27.212736345283183,6.928647528573208,164.45035387312058,35.61992506344587,42.32581000068273,0
2026-01-24 19:48:53.139126,27.830535880238383,7.116411474815977,159.5631399991361,33.557597863158655,46.29963505368628,0
2026-01-27 21:38:53.139126,29.510880653838022,6.663097440114559,144.0759385534682,37.357363487283045,57.60665860599206,1
2026-01-30 23:23:53.139126,32.90283133549671,6.705638415774585,158.50361134623384,35.35928600394157,58.30519229164802,1
2026-01-20 02:08:53.139126,28.82347731444333,6.764225036244875,146.77988112314776,38.54561469434195,39.394699675347,0
2026-01-27 11:13:53.139126,32.21061551594028,6.805226034994857,191.15658713038007,41.855282212621745,66.94266133590811,1
2026-01-18 05:13:53.139126,29.74198285845676,7.246938156748635,148.71584590393857,33.6044865589746,46.04088549034373,0
2026-01-28 13:03:53.139126,29.1815750995405,6.390194819070115,174.68224884708158,38.42801677582103,59.55267852087018,1
2026-01-22 19:23:53.139126,29.54805137424926,7.055099653441457,158.91663659321938,36.0286121866597,50.205180143832344,0
2026-01-16 18:58:53.139126,25.8985535764433,7.135074879200328,149.42439398245213,38.656596098594896,42.07131024355538,0
2026-01-26 06:48:53.139126,27.83351164839255,7.139160202150363,152.70345613120878,35.97389706073225,39.337912913197066,0
2026-01-24 04:28:53.139126,23.53452775719925,6.783949382656574,137.2427058692181,33.93993244245346,51.65210199882108,0
2026-01-31 08:18:53.139126,32.477712481615406,6.3318056658761535,177.13523021105178,38.40522354001781,65.35044047540593,1
2026-01-18 18:23:53.139126,29.159427293473136,6.878675755458552,159.57377759493116,31.765706144014192,44.96720479045424,0
2026-01-31 17:13:53.139126,29.22094086364801,6.646214914086198,176.9864889514649,36.90263752862282,53.18335387486641,1
2026-01-30 18:03:53.139126,40.3088391293323,6.407697747262949,160.21110337524541,37.72347195257876,49.76385405400818,1
2026-01-27 09:48:53.139126,30.32442829450942,6.509409528931239,145.5279761867566,40.567015132967825,59.84174474853323,1
2026-01-16 19:23:53.139126,25.263010972186443,7.245955311185348,119.98872798654544,40.77321745041439,45.641983186845685,0
2026-01-28 07:03:53.139126,31.785855991287367,6.53110584354648,170.31403008328488,32.9643133990202,47.792461240874864,1
2026-02-02 05:28:53.139126,50.64862459633409,6.088447200531444,203.3069981610886,34.41629613253481,74.00829674229847,2
2026-02-04 07:48:53.139126,52.87207515224344,4.731858563254702,191.5062040831988,39.05463883384847,72.29423724828395,2
2026-01-22 02:58:53.139126,25.193726849934095,7.028284745648588,137.64645389312173,38.42740597007025,48.8562550485709,0
2026-01-25 17:58:53.139126,27.35776673062369,7.0844577642671265,151.16369367071508,31.157769919706666,46.25214447934031,0
2026-01-22 00:48:53.139126,27.900452435234065,7.173728269481213,148.34511974625207,37.43631392575736,44.06501388264956,0
2026-02-03 01:33:53.139126,40.670640204902526,5.322069468365398,192.0101074507295,48.086017546753425,76.66153280418425,2
2026-02-03 07:58:53.139126,42.09207597411517,5.948579415733271,216.61599692664225,31.947433939414466,71.49334608551827,2
2026-02-05 02:18:53.139126,41.20143761581494,6.231679515734706,194.9537795674798,42.321867563066554,83.22308709169205,2
2026-01-28 04:03:53.139126,37.75796927875308,6.950450404737397,154.93082923407303,38.285938068945455,56.465291321600255,1
2026-01-19 01:43:53.139126,23.629035403187576,6.863047039129391,152.53413957986842,35.5974845359809,43.135020679388646,0
2026-02-04 20:18:53.139126,47.71018096492774,6.597932077379906,218.55560247422233,51.79492558297394,81.01692275383073,2
2026-02-01 13:18:53.139126,42.81230525750816,5.85456532952981,185.24808464415284,41.68526853719718,54.13607358939097,2
2026-01-30 07:58:53.139126,28.823282187832067,6.445690179753007,172.27254459958496,40.57958147328981,69.01055674954067,1
2026-01-23 14:33:53.139126,25.965874655736766,6.95645452605477,154.90388494449056,37.777695680731526,46.428224600051024,0
2026-01-18 12:43:53.139126,21.44650930927126,6.931187713061078,136.90337342849986,31.42022043154827,44.88707557537262,0
2026-02-05 17:13:53.139126,37.080009291133365,6.274124774816346,193.18829317603715,37.302295787701986,83.08768590613482,2
2026-01-26 12:28:53.139126,24.891851983570326,7.150701197872786,136.8106295932606,39.18340175540952,37.339019018419826,0
2026-01-28 22:33:53.139126,34.28843312421542,5.778583327369364,140.9162976894658,40.66778281360787,58.243876784184344,1
2026-01-21 18:53:53.139126,21.952134397379364,6.805320210297046,152.3518356490036,37.788699709015425,40.001850024956106,0
2026-01-28 02:38:53.139126,39.0737190460985,6.788664173396395,171.66039908896533,37.170544901607364,63.95683114246908,1
2026-01-28 12:58:53.139126,35.60295060139132,6.92009160160865,180.08896032203378,36.322629012047756,49.45476570892121,1
2026-01-20 14:08:53.139126,25.284131352578882,7.40512860561755,147.56719201084786,35.214345970160615,41.23773093407662,0
2026-02-01 06:48:53.139126,47.283084115049945,6.010027144253533,212.91701127990257,35.2719994770201,84.88731376693353,2
2026-02-04 14:33:53.139126,38.61992013710913,6.041415453542015,202.91077887988837,41.378168187951324,76.83719939969372,2
2026-01-22 12:58:53.139126,27.208346778237576,7.233001103123048,149.4600608968849,31.79798378096316,46.39900069798918,0
2026-02-03 06:33:53.139126,43.781907600179274,6.58099429498244,200.7956659675772,37.688058411698144,68.0632647829714,2
2026-01-29 04:08:53.139126,26.41222748418776,7.0411551617743395,158.79385642581093,40.18360515843635,59.47186012516617,1
2026-01-27 13:53:53.139126,31.101410565126965,6.631153409417423,148.7587366304195,42.77838196363327,61.1286232292152,1
2026-02-05 13:53:53.139126,52.38220216561899,6.1601984477366365,182.99591813319813,39.32161030041894,73.31021092223548,2
2026-02-04 23:48:53.139126,44.122164768583254,4.895679625960435,193.46160860349332,39.007218391566894,85.25866502675478,2
2026-01-29 02:28:53.139126,33.21024301394448,6.18094466353724,149.90968720143434,36.37381198886718,59.352075656006505,1
2026-01-28 01:38:53.139126,38.03828258322485,6.890110853494466,159.87796285422772,36.38132666365197,45.67771033603089,1
2026-01-23 01:03:53.139126,28.041555801919245,6.85089973228991,150.33217124922277,31.48190859498271,52.98123178899971,0
2026-01-18 09:48:53.139126,20.4327309788476,6.906075181439011,142.0027520058057,35.75365098671895,43.394949962528926,0
2026-02-01 16:48:53.139126,44.48232949271075,6.186424837387306,191.38057777563876,36.816593915874726,79.83696955103545,2
2026-02-03 16:38:53.139126,52.64446674784731,4.7213029887472695,221.5727864039671,37.776494391664805,90.90316143738157,2
2026-01-29 02:53:53.139126,32.615284897069145,5.915144864856078,172.84018794151098,36.243703561136925,60.42502542908557,1
2026-01-31 10:18:53.139126,30.75503408266225,6.364803636347584,166.59640901276273,38.56072343244329,52.26624077033056,1
2026-02-01 13:53:53.139126,42.92700650094226,6.156603981337233,223.92570610379903,39.87858133619173,84.52797610500195,2
2026-02-04 07:23:53.139126,51.694033722184315,5.42790455902977,184.3905659494362,43.38877638610091,71.34622090463337,2
2026-02-04 11:08:53.139126,46.49611408363777,5.835377006816174,183.87187696398698,33.8248530674268,72.1579708363173,2
2026-01-18 13:38:53.139126,24.072505379124554,6.731725033748939,155.03533731575854,43.113259311470415,40.92722903346387,0
2026-01-20 13:23:53.139126,29.077932639008985,7.051579568803054,145.02547228240056,35.04939142558485,46.39658829740582,0
2026-02-02 16:53:53.139126,44.97056405701602,5.578490321181423,193.68834528501523,45.86987067557288,65.57653290999227,2
2026-01-25 09:28:53.139126,29.850872855738157,7.165565175929195,166.07376106852863,34.10295896787024,53.061215030375685,0
2026-01-30 02:18:53.139126,30.48143574601196,6.391000066370884,157.6835225996266,40.41200175314274,64.20114287592922,1
2026-01-20 15:23:53.139126,27.223826193539455,7.115896230018304,152.33899806344238,42.354673396056995,40.80984192908281,0
2026-02-04 04:33:53.139126,55.41024075131294,5.531212333100861,195.45507958959456,45.38694482238173,79.99106575484326,2
2026-02-04 05:13:53.139126,40.75553958705434,5.67931377186327,224.41690459213316,45.579725947101096,74.24869137221565,2
2026-01-23 20:58:53.139126,26.647658402892553,6.748552952340914,140.59972151323979,31.295997003208058,43.82419535815112,0
2026-01-27 13:43:53.139126,35.51097732227211,6.778630296080705,181.8232783561574,42.78365548752368,57.305173578202286,1
2026-02-04 12:33:53.139126,44.0982809184669,6.435511060082965,185.30653176037114,49.1940286745901,73.67709298904157,2
2026-01-23 04:23:53.139126,20.890445448787315,6.5498897621476795,143.35532364782392,36.309648346785934,47.22420328996474,0
2026-01-21 09:58:53.139126,23.076062783106348,6.894165006304716,128.6627138821277,33.13932706644643,35.87049988408523,0
2026-01-21 21:08:53.139126,25.952857465371917,7.209637182666589,156.0519684210272,40.70970063647327,41.690310713080734,0
2026-02-04 00:43:53.139126,43.94806582673075,5.827867329393158,199.42031771905621,44.93737033901231,72.92224045715368,2
2026-02-05 15:58:53.139126,45.83132401032317,5.253746791828436,187.1068340355116,51.10889629596409,89.7107555706311,2
2026-02-05 17:48:53.139126,55.873462248496566,6.434317949917401,196.34933899557342,38.72912366247825,76.65941005877356,2
2026-01-28 16:48:53.139126,33.90287801037134,6.436652974657303,176.54833030505245,39.304742264677735,56.261564752646976,1
2026-02-05 00:48:53.139126,43.387718075024544,5.528264759878397,207.95697287487405,48.87250904684508,73.43394582090143,2
2026-02-02 23:28:53.139126,41.94966179658355,6.11162109593841,183.8850677162024,38.835358403130094,75.78602367222865,2
2026-02-02 02:08:53.139126,47.73452053810759,5.721719174652648,220.17271813651388,34.122985148169754,67.10627310638021,2
2026-01-25 10:58:53.139126,24.12831975693944,6.937065106693615,175.12578821363914,36.55932167964187,45.81608208317622,0
2026-01-26 17:33:53.139126,28.493825555172297,6.196846621289929,166.36515248309743,26.705266137129627,60.957191332028515,1
2026-01-21 15:38:53.139126,30.860610490000624,7.113382792664384,150.72767653925885,37.37782110128149,38.62401097165336,0
2026-01-25 13:58:53.139126,25.55884447712161,7.236310487035205,141.93168295386957,31.22179863328454,47.471243863678225,0
2026-01-25 05:18:53.139126,22.24390960805557,7.346082475190293,144.8228522797037,33.257114635062486,41.8871608682472,0
2026-01-27 01:38:53.139126,36.72673544271717,6.530994296247875,146.62710469191083,27.975715670560025,68.78840437376014,1
2026-01-27 14:43:53.139126,36.2051668411238,6.291419461761468,179.3237409483105,35.401082157577314,53.73130744027777,1
2026-01-22 02:03:53.139126,29.220027177942058,6.957267871819834,163.25574330005406,30.68378225269785,44.77467417770202,0
2026-02-03 10:28:53.139126,36.82737113710909,5.697735302183657,184.6456483963016,34.4155411147313,84.74079631018256,2
2026-01-19 18:48:53.139126,24.050669927746934,7.000468031880203,153.86086695467432,36.76400945596213,46.29613939523258,0
2026-02-01 04:53:53.139126,48.8473928826372,5.224564049825693,207.57519122194248,49.58674169114557,69.82279025454172,2
2026-01-27 08:43:53.139126,34.826661572750695,6.238024867768676,158.25055909705594,41.398449494029556,55.14725739100367,1
2026-01-21 22:23:53.139126,28.177378063748215,7.29223609475848,143.3249032413198,33.182869987222375,43.060407069497934,0
2026-01-22 04:58:53.139126,31.02377229651634,6.940597365749879,158.7018329340673,33.61606704284088,40.672383383212015,0
2026-01-30 15:48:53.139126,36.34202420502427,6.437999309045822,171.37556267045244,43.19532897463077,56.948239136855115,1
2026-02-02 20:53:53.139126,42.95911689293722,5.52111374640704,186.75493499285074,46.704724715283284,80.0076529118121,2
2026-01-18 01:28:53.139126,23.03797701255083,7.036249645869975,142.8810463854249,40.951765255064586,43.73360695907714,0
2026-01-25 19:03:53.139126,27.353307436246382,7.110676299938349,150.73459942491428,31.080546677350036,43.31996944370611,0
2026-01-19 02:28:53.139126,20.93004410935717,7.326012506244303,137.70896788739427,38.48336077761111,46.7907528084335,0
2026-01-21 06:13:53.139126,24.97560065032021,7.2861487473757,151.05016351710339,37.11212301898413,50.15370915212696,0
2026-02-02 22:23:53.139126,37.72429377284683,5.969317769549008,207.3890842129521,36.58504989188877,64.61503685186051,2
2026-01-16 19:43:53.139126,27.5114823499841,7.0760285349271275,152.07086483638471,27.643264776514823,51.0614787052964,0
2026-01-31 16:33:53.139126,32.87574830133809,6.468654939008492,173.7839573450084,43.79519392094196,54.257143568490115,1
2026-01-19 03:03:53.139126,29.599753304932282,6.724123581219813,168.1067090159919,35.737135908678546,50.30968294329656,0
2026-01-31 16:58:53.139126,31.309924830543974,6.378710115657728,152.36464590947497,42.78995686088631,69.42254453173706,1
2026-01-17 20:23:53.139126,24.605741710151896,6.93082720856636,171.53635298211066,31.772023387142543,50.158106499114574,0
2026-01-19 16:13:53.139126,26.018234424490053,7.213103816218361,151.5288083957767,34.72194102779954,42.35275475710296,0
2026-01-29 10:33:53.139126,28.93064405092604,6.83700672471505,178.9431485666331,41.45593034339924,54.03201745590595,1
2026-01-25 10:43:53.139126,26.78663109146242,6.817934562284009,157.7017244272196,39.454393979312535,45.26538942114512,0
2026-02-04 11:38:53.139126,41.294534913697746,5.947023795856151,190.19085179566616,39.43059548783434,72.29978451212749,2
2026-02-02 15:53:53.139126,45.430204718325555,5.966002215206276,188.43409300283716,41.69840416673239,61.89580622585777,2
2026-01-21 13:23:53.139126,26.078572351714367,6.811737704845822,142.29472074760892,31.387482060801773,39.56002047583066,0
2026-01-25 17:38:53.139126,25.77125314874025,7.05693545739327,144.25663067739768,35.06232523307337,48.64985638575745,0
2026-01-25 14:08:53.139126,26.43919937390295,7.123397421707679,135.87767346149337,35.4193151464046,50.7324759242455,0
2026-01-18 21:33:53.139126,24.338009706426956,6.730536520483046,160.32083774469345,32.90032595094601,39.861059999084496,0
2026-02-05 09:48:53.139126,50.1590191981152,5.884904326850492,215.41681809088527,40.2804767969608,85.14748338965867,2
2026-01-28 18:18:53.139126,34.622461184818775,6.701656145828275,157.32328764156117,44.50702731225337,56.186263204954805,1
2026-01-24 15:03:53.139126,27.529253583513004,6.880064370125645,146.5608624104241,34.906215518855,42.270004368343365,0
2026-02-01 01:43:53.139126,48.95852236521997,5.448903011330503,190.14154886366862,41.5440635020234,60.147878594320986,2
2026-01-26 21:13:53.139126,27.496383542301842,6.877922507312782,157.7607441954027,36.19025138300639,63.63975080023996,1
2026-02-02 00:48:53.139126,48.11242954077752,5.042056591544797,215.18591499357947,43.168436814750216,75.34027367664817,2
2026-01-16 19:13:53.139126,22.931109573862198,6.835356785207227,131.27714703783508,34.758489836766216,48.01201072878024,0
2026-01-26 20:48:53.139126,33.70944429965922,6.430720583842612,155.521227312392,35.56917192748095,49.56262647437146,1
2026-01-24 00:23:53.139126,30.864630878499813,7.174324431269996,164.79694543204633,34.40903899834643,44.4648118825652,0
2026-01-28 11:18:53.139126,35.328272415029616,6.591489122016169,149.2006786117873,37.26059750172396,59.32229687016888,1
2026-01-31 15:23:53.139126,27.270095944935523,6.8607289492567745,176.8720822765481,37.20655022461218,57.8916235732476,1
2026-01-31 18:43:53.139126,35.57541725015575,6.576822390852258,193.04865326111195,44.97109865326083,81.16742893458199,2
2026-02-05 05:23:53.139126,55.2461398326808,6.237503014786559,226.08026289350414,44.69286646937884,71.39752472703998,2
2026-01-17 11:08:53.139126,20.819758636950723,7.184995528947324,134.91799563108103,34.90218990193481,48.77461221294895,0
2026-02-04 14:43:53.139126,33.58539324164488,5.363531768493746,188.6186844863005,47.136480983972504,66.0374976809839,2
2026-02-03 08:43:53.139126,49.99977572019075,5.594029071313416,191.77786974125456,42.58452954802298,70.24195030832949,2
2026-01-21 07:08:53.139126,30.602925022088804,7.125007324983768,155.3059860103104,34.67995429767146,42.560820402982365,0
2026-01-25 11:08:53.139126,26.09249414240456,7.084141596736763,138.84502703459722,30.643472264223583,40.770358231413944,0
2026-01-23 03:28:53.139126,24.050973247171328,7.159757026139052,144.80452657514414,37.871589351773224,40.73711491794249,0
2026-02-03 07:53:53.139126,54.34795348381763,5.4054197644384,194.00937082552687,48.02749429972481,75.04607813964768,2
2026-02-04 01:48:53.139126,41.828329058918364,6.621830115668963,220.58848692927657,44.28657896065025,85.08798258917078,2
2026-01-25 00:33:53.139126,26.59662363643495,6.929304325901028,149.44508923036284,32.93273163190502,45.785600718830565,0
2026-01-16 07:53:53.139126,24.493352359716436,6.918018870664917,147.26984578939286,26.893051611219942,44.35474442509065,0
2026-01-29 14:13:53.139126,29.424932507397944,6.133533905749884,178.59123034087776,38.27608523488957,49.81002999655585,1
2026-01-23 06:23:53.139126,24.70989229959968,6.744324002045172,148.3841356638534,28.898968002250665,46.98603106372236,0
2026-02-03 10:13:53.139126,55.350584348213765,5.99644315599163,221.4426723880015,37.11683912756666,78.03799693193143,2
2026-01-17 19:33:53.139126,30.082771434389826,7.145762085727824,153.97270526289952,33.725937976548536,39.78045074606945,0
2026-01-17 10:08:53.139126,26.634773255713405,7.04662649058058,149.75319079479877,34.57062238826608,40.620213670876204,0
2026-02-01 23:28:53.139126,57.24933714599879,5.636078601854152,239.03187349555748,38.97242743014216,61.362172282987466,2
2026-01-29 23:18:53.139126,25.723268156694004,7.11471025892432,158.23882889972157,33.378265467637455,70.20015916493728,1
2026-02-02 01:48:53.139126,40.278106411653205,6.214973487701517,191.62895058839402,47.68632896023347,77.54008016908905,2
2026-01-19 20:13:53.139126,27.932460059210925,6.968051707012163,166.49705571091147,26.418013216112016,48.981597544972914,0
2026-01-19 03:43:53.139126,23.082767465668653,7.2134165535460735,138.1861201923198,36.79836117471766,47.43312063719445,0
2026-01-17 06:38:53.139126,24.409081488742245,7.3263294425286,132.14938446788676,33.87120763439592,46.73255333286082,0
2026-01-19 15:13:53.139126,20.46979514214842,7.0545850366513285,125.7331693405379,39.59300757862278,40.670324888277236,0
2026-01-20 12:48:53.139126,21.358370262662934,6.768089267929273,132.19392339695355,36.018486270449664,47.23959096618739,0
2026-01-29 07:03:53.139126,31.106538887778807,6.407821935157188,163.57179567332258,32.35583214807567,59.87568359088969,1
2026-01-31 21:48:53.139126,45.89411111604207,5.6822012328030596,166.40878047294464,41.80793540160756,71.27890012881859,2
2026-01-27 17:03:53.139126,32.05829346337284,6.059339865599517,161.37338051414116,37.087405875970006,56.45843090131801,1
2026-02-02 03:48:53.139126,55.363787928045795,5.812754307461284,233.6109258547078,43.956680501169295,66.26699641914718,2
2026-01-19 13:28:53.139126,27.67163790232482,6.802815454646874,153.23832784955408,35.86526439885476,47.77303490200891,0
2026-01-22 23:38:53.139126,31.665228706194558,7.154032396510788,141.44410468200314,35.79226414343203,51.58938023435963,0
2026-01-31 00:38:53.139126,29.71989133304688,6.1990031612432785,204.8169471169947,34.03155499097948,56.20130237354498,1
2026-01-16 15:58:53.139126,23.65560895064437,7.1750652114891755,151.3883084319386,35.6707214100685,43.75394789885653,0
2026-02-04 19:28:53.139126,57.47330807506675,6.045058844972567,184.48234633742805,48.693937735411964,64.07478537911739,2
2026-02-01 18:23:53.139126,45.2460386261107,6.164995789315302,190.1874642114026,47.852532556941696,56.27171755210447,2
2026-01-21 07:33:53.139126,24.55993357950112,7.03179620495044,141.6814799236199,38.571065803864535,39.75380660885178,0
2026-01-29 10:48:53.139126,27.077395109536837,6.677750999163569,157.10496218975956,29.616979032520454,67.68422860607748,1
2026-02-03 05:58:53.139126,53.353474712145776,5.456615241247351,200.98566995704283,46.55761783629761,76.47534279294706,2
2026-01-25 04:18:53.139126,24.00663962599066,6.787491009927217,152.67204281510277,35.91781163112516,44.92673778653093,0
2026-01-28 02:58:53.139126,27.653080835228668,6.207386676043441,148.7302553665041,34.814540006630224,59.87917753505045,1
2026-01-19 15:38:53.139126,24.18784046346238,7.131645145436267,129.9015510721958,36.86737108399002,49.95820060298582,0
2026-01-26 18:38:53.139126,35.495034306970645,6.591353894336166,164.02613459886888,37.94791164404432,51.4463154678071,1
2026-01-29 19:08:53.139126,25.823944715532825,6.423263478913631,147.119054785953,33.89478088814112,59.47568468872084,1
2026-01-21 14:38:53.139126,30.05561565876609,6.757956345836746,140.88404593093603,33.921369205941296,52.61613489069494,0
2026-01-22 21:28:53.139126,27.265219063397478,7.012994014649299,134.67336656843315,30.58950946153457,34.77228119570929,0
2026-01-27 01:13:53.139126,29.30441640878078,6.397444422603014,161.5153063687657,42.147330668824445,54.26945549767343,1
2026-01-16 05:23:53.139126,22.60644497674828,7.0388544507143225,145.5216668811744,30.23350784319506,42.04084425430551,0
2026-01-30 01:03:53.139126,33.04896320656563,6.862290473962001,151.32286604697902,41.30330846429407,43.762403423533264,1
2026-01-18 19:08:53.139126,25.16075206558974,7.147508226025223,150.66606521511116,32.827115381551984,38.851584664555524,0
2026-01-24 23:33:53.139126,22.502172153806114,7.52985251844307,165.33457655264132,34.55978207405095,44.76504098786866,0
2026-01-21 05:43:53.139126,28.01125674972729,7.001646522150909,156.33953743773438,35.507899655950055,43.61147394464804,0
2026-02-04 03:43:53.139126,42.50414606973857,6.111397495564214,206.3520394971297,39.900513897936484,80.42476159687534,2
2026-01-20 20:08:53.139126,22.220489980336765,7.232161718142794,128.09232248222185,32.94336545632504,51.75477769431342,0
2026-01-25 04:13:53.139126,23.08437623064118,7.305424266513178,141.88860928839787,31.605416662071065,35.31691079294777,0
2026-01-25 21:53:53.139126,24.949405394208213,7.462909304864566,151.64481942574216,34.49441414865412,42.00086170489054,0
2026-01-23 04:38:53.139126,27.8255793121076,6.745772681540111,141.2676080722455,36.74060761722145,39.045145590513265,0
2026-01-16 22:38:53.139126,27.917712506788348,6.757140982330832,160.4481099792607,36.75660559063872,46.03219483238814,0
2026-01-23 06:18:53.139126,24.88194411626394,6.876316401992487,145.01700561830833,35.05635216095526,36.85909488365372,0
2026-01-24 07:28:53.139126,26.110258693157817,7.132457978503729,155.1618922616935,35.8225228556512,42.91481507102618,0
2026-01-18 04:33:53.139126,21.4684766751794,6.800628046910328,148.6956513792195,33.56083517185202,49.22543533253462,0
2026-01-24 13:28:53.139126,24.96543290306029,6.7106725634386875,160.27580131778672,33.33160087127864,40.78943775018142,0
2026-02-03 19:58:53.139126,41.40857990415585,5.764324250996564,193.5142643042239,31.19786363262079,75.52022743441671,2
2026-01-26 03:13:53.139126,19.944960323113747,7.032873073265552,147.55710294902636,31.380701711234217,47.169953946636376,0
2026-01-18 08:23:53.139126,23.476870208610745,6.978321982002944,138.73151886529786,32.30594205774506,46.857358029152394,0
2026-01-29 14:43:53.139126,33.050840909375694,7.063712852893452,151.81895670281511,40.13773877681626,53.742468713212745,1
2026-01-28 10:53:53.139126,34.170605108594934,6.4034261646145785,171.861619008648,47.57644547686647,50.277565307135546,1
2026-01-27 05:23:53.139126,29.091806622895497,6.329059665599188,173.52910704050709,38.97456409475972,55.60157052241151,1
2026-01-21 09:53:53.139126,25.56199639551777,7.149154050953369,135.98247112649955,35.53713962340319,52.024332712973795,0
2026-01-20 12:08:53.139126,24.69940110973135,6.934426298036439,134.5040169973709,37.090879135962346,49.23552008008173,0
2026-01-22 16:48:53.139126,29.4573509397378,7.061269341914225,146.67130987127908,35.81798499198475,46.08836186864282,0
2026-02-01 06:43:53.139126,42.38333029519188,5.871652417774829,199.9422245473468,53.264429610203166,57.288004437016454,2
2026-01-26 12:58:53.139126,28.941499642789164,6.531810469315054,171.8745909283562,37.64685526356587,55.70463267506503,1
2026-01-25 14:23:53.139126,25.689679648119586,6.778858748804323,145.7515549782366,34.37331581438518,34.54275430108926,0
2026-01-16 18:18:53.139126,26.64077942495438,6.910530625816169,148.7463593780645,34.70320596315011,47.12548566455329,0
2026-01-22 09:03:53.139126,25.228054647237716,6.893563380154701,160.63038138712275,37.54959367751435,45.455939046584234,0
2026-01-19 11:48:53.139126,23.5891395954042,6.791601564194203,146.46986709698498,37.17196133464797,44.272897394593095,0
2026-01-25 15:28:53.139126,25.169060751032692,7.208853376587962,131.32955682217832,37.69163693590909,46.4734626607836,0
2026-01-23 05:08:53.139126,28.69795776061179,6.782124565330815,157.3843062347738,37.08508445194434,36.46456754853526,0
2026-01-24 23:43:53.139126,23.63778328392016,7.335646136735048,146.35926930747374,40.11694017711964,50.91616904607819,0
2026-01-19 20:43:53.139126,22.008528105290335,6.692715825149952,138.56922438035528,33.968074361986375,42.55071405074169,0
2026-01-17 18:03:53.139126,26.70535504762864,7.008619264087164,165.75829682604396,35.09009766137583,41.56608147084399,0
2026-01-26 04:33:53.139126,27.782096577080868,7.334035772982811,141.1454161239612,38.09293218727609,46.64100420849663,0
2026-02-01 22:08:53.139126,53.16501545376402,5.551294028906415,187.87529226242452,45.88583817980338,91.34306620703367,2
2026-01-30 09:38:53.139126,29.650808813719692,6.355868858902038,177.26336390162626,38.76982847401268,51.6530719723721,1
2026-01-27 20:38:53.139126,28.17710783160608,6.667724071033809,174.00215262360757,39.74960501231387,46.492943286183596,1
2026-01-31 22:08:53.139126,43.667381751299324,5.87360998260332,184.85597227156896,48.55186124497616,86.07757289098326,2
2026-01-20 05:13:53.139126,26.501856570319994,7.143059715401094,150.6053597007418,37.705929738429596,35.78167238270468,0
2026-02-02 15:28:53.139126,42.894770373619174,6.333294626278346,225.15664367237443,40.97240826033009,72.78162512579294,2
2026-02-03 13:08:53.139126,47.12138807193817,5.365394294292865,171.5115004129988,36.82508126663259,86.39886334917355,2
2026-01-24 13:18:53.139126,33.714975820334416,7.038020189926022,146.51628901809258,36.17755734969905,41.87778697795261,0
2026-02-04 14:08:53.139126,51.69463764324676,5.170816281174923,168.48710091335747,38.28116445903275,76.30735205522232,2
2026-01-24 09:48:53.139126,20.6800235793516,6.928951795004899,141.96984339940408,33.724830299923276,39.171393117130236,0
2026-01-18 18:38:53.139126,26.04995795471337,7.295398018096682,157.63920614185395,37.67228559291837,47.119871337823795,0
2026-01-21 22:58:53.139126,30.27058226360225,6.9946751896965385,155.02684634213392,34.58647419841033,44.098332286638204,0
2026-01-16 13:23:53.139126,23.29334134393181,6.949893145471061,154.46663045391298,35.08180777311412,49.533461556478294,0
2026-01-26 05:48:53.139126,26.860440757528,7.010437501735736,133.25447401466562,35.57821934414502,42.159019453758944,0
2026-01-27 02:48:53.139126,25.280272663142796,7.205412482073769,166.78791801627114,40.813932810115645,53.875104698214685,1
2026-01-28 01:33:53.139126,31.891542627187622,6.082256675883491,168.30884476358068,36.29037367899671,59.07978053220566,1
2026-02-04 11:23:53.139126,33.39538081444823,5.686242948748495,185.98751136258485,40.3240118746566,78.47892776149651,2
2026-01-31 11:23:53.139126,34.18035706219718,6.394061584822614,142.51384192828885,37.31835730196941,47.8085182432129,1
2026-02-03 15:03:53.139126,49.34752303295303,6.589975238405342,182.20729403815318,39.43351423651682,80.45051970751997,2
2026-01-17 17:23:53.139126,29.36091689362604,6.87745841200218,157.02642725148493,33.57460511489591,41.5895470669662,0
2026-02-05 00:23:53.139126,39.84845221419222,5.699958462658897,209.113200998186,34.48448420934756,61.56798369413755,2
2026-01-26 20:13:53.139126,33.51757978614773,6.456377788885348,163.9300347432591,33.27630849641966,46.84665688432051,1
2026-01-29 04:53:53.139126,30.723322413772024,6.5022782763560505,157.7533383116922,40.48853570501076,53.09682446617527,1
2026-02-03 03:08:53.139126,45.21247924331838,5.777901236742282,179.95814417107414,48.60176259568936,67.51268214317344,2
2026-02-03 06:03:53.139126,39.658092013436246,5.3952578247423455,186.64177471188523,49.03278870873231,68.88350175080197,2
2026-02-03 19:43:53.139126,59.260846909318,5.222759954504723,196.76771089246878,34.52193062077745,66.45200260441374,2
2026-01-19 02:13:53.139126,23.618814968324845,7.525576049831848,157.2704322272801,31.261637736780965,34.656664722004294,0
